time_s,angle_deg,real_x_m,estimated_x_m,requested_acceleration_m_s2,command_velocity_m_s,equivalent_force_N
0.0,180.0,0.0,0.0,0.0,0.0,0.0
0.020000000000000004,-179.90570926930067,0.0012246379139452905,0.00235,11.756804466247559,0.23513608932495123,12.051014920356023
0.04000000000000002,-179.47858413174242,0.006786224629847418,0.0094125,11.794724464416504,0.47103057861328146,14.957119025464335
0.06000000000000004,-178.64301881572683,0.017713415911728016,0.0212,11.813243865966797,0.707295455932617,14.91566171941796
0.08000000000000006,-177.4069142010107,0.03398163996605638,0.037700000000000004,11.78463363647461,0.9429881286621087,14.2358382900895
0.10000000000000007,-175.79759349967645,0.05534319710718899,0.0589125,11.759240627288818,1.1781729412078854,13.71736459164545
0.12000000000000009,-173.8410866111606,0.08159553089690527,0.084825,11.756867408752441,1.413310289382935,13.45796072636673
0.1400000000000001,-171.5587785211183,0.11262517501693822,0.11545000000000001,11.762495040893555,1.648560190200806,13.411587139687164
0.16000000000000011,-168.9696093879668,0.14838023275663548,0.15077500000000002,11.778981685638428,1.884139823913574,13.481085497457952
0.18000000000000013,-166.09223032432746,0.1888435679121162,0.1908125,11.791614532470703,2.119972114562989,13.608741653660319
0.20000000000000015,-162.94651872181487,0.2340140469023217,0.235575,11.788114070892334,2.3557343959808374,13.767307479582813
0.22000000000000017,-159.55532799586877,0.28388361880261953,0.28502500000000003,11.727095603942871,2.5902763080596936,13.85847801344453
0.24000000000000019,-155.94606872019963,0.33841438873098945,0.33913750000000004,11.514644622802734,2.820569200515748,13.823064624726026
0.2600000000000002,-152.15777559311874,0.39743272329972795,0.39761250000000004,10.570034980773926,3.0,10.47248033970991
0.2800000000000002,-148.33782963970185,0.45917442810644377,0.45761250000000003,6.370368003845215,3.0,1.2234615105526316
0.3000000000000002,-144.68748039209913,0.5209485906207039,0.517575,-0.1761467456817627,2.9964770650863644,-0.9440707083836752
0.32000000000000023,-141.30871953720867,0.5813757502317336,0.576225,-6.39409875869751,2.8685950899124153,-7.218840502117212
0.34000000000000025,-138.3188634643084,0.6386640890683756,0.63185,-8.763731002807617,2.6933204698562614,-10.74543939622477
0.36000000000000026,-135.77599310855803,0.6918556494856897,0.6839500000000001,-8.811729669570923,2.5170858764648436,-11.042217540240618
0.3800000000000003,-133.66998116584955,0.7411171950468283,0.7329625000000001,-6.611093044281006,2.384864015579222,-8.21131752052751
0.4000000000000003,-131.94201340730936,0.7875265244857872,0.7799125,-3.73295259475708,2.310204963684079,-4.072995337036671
0.4200000000000003,-130.53131705138574,0.8322601579365889,0.8254250000000001,-3.4983973503112793,2.2402370166778525,-2.719568918977071
0.44000000000000034,-129.4204336869125,0.8756903463890904,0.869375,-4.2697978019714355,2.1548410606384234,-3.471667991070859
0.46000000000000035,-128.61895858074016,0.9176444363023244,0.9116000000000001,-4.379663944244385,2.0672477817535357,-4.05082126559833
0.48000000000000037,-128.13693303442022,0.9579199814726856,0.9520000000000001,-4.702978134155273,1.9731882190704308,-4.682227052844885
0.5000000000000003,-127.98748124552121,0.9962318397363884,0.9902875000000001,-5.889814853668213,1.855391921997066,-6.134877682815567
0.5200000000000004,-128.1928062780926,1.0320901896150008,1.025975,-7.068474054336548,1.7140224409103355,-7.752371125245325
0.5400000000000004,-128.77446534110987,1.0650126266780968,1.0587375,-7.6184070110321045,1.5616543006896932,-8.622196085441143
0.5600000000000004,-129.7470788092568,1.0946654051399305,1.088275,-8.468715190887451,1.3922799968719446,-9.555443664625063
0.5800000000000004,-131.1249885614542,1.1207296883574356,1.1142750000000001,-9.212220668792725,1.208035583496091,-10.385891941699565
0.6000000000000004,-132.9193464460452,1.1429620354440335,1.1365625000000001,-9.390807151794434,1.0202194404602027,-10.55512394555329
0.6200000000000004,-135.13408598317713,1.1612676907700357,1.1550375000000002,-9.643381118774414,0.827351818084715,-10.643990672683934
0.6400000000000005,-137.77270435691887,1.1755596593877158,1.16955,-10.153487920761108,0.6242820596694931,-11.02272959875716
0.6600000000000005,-140.84261875409385,1.1856756794868537,1.1799,-10.665199756622314,0.4109780645370467,-11.5006790709357
0.6800000000000005,-144.3524497984769,1.1914267853594742,1.1859125000000001,-11.077330112457275,0.18943146228790134,-11.880454700893491
0.7000000000000005,-148.30810296974707,1.192656544150823,1.187425,-11.338992834091187,-0.03734839439392245,-12.116138179159634
0.7200000000000005,-152.7102151384026,1.189267445585504,1.184375,-11.520179986953735,-0.2677519941329971,-12.226972026117249
0.7400000000000005,-157.55437086713965,1.1812003901706118,1.1766875,-11.710721254348755,-0.501966419219972,-12.361596422058248
0.7600000000000006,-162.83177485442724,1.168409577299098,1.164275,-11.827199220657349,-0.7385104036331187,-12.53139087422662
0.7800000000000006,-168.5275421128607,1.15087330950165,1.1471375000000001,-11.852980613708496,-0.9755700159072884,-12.66473835586031
0.8000000000000006,-174.6194227537919,1.1285990456353607,1.12525,-11.863159418106079,-1.2128332042694105,-12.885727208949707
0.8200000000000006,178.9212108669551,1.1016008243797744,1.098625,-11.882295370101929,-1.4504791116714482,-13.216237696761883
0.8400000000000006,172.12885237279002,1.0698873432550062,1.067225,-11.898367166519165,-1.6884464550018312,-13.71368806242435
0.8600000000000007,165.04358001844608,1.0334565379975955,1.031075,-11.917688369750977,-1.92680022239685,-14.288966392680802
0.8800000000000007,157.71166972816587,0.9923054503884091,0.9901625000000001,-11.900319814682007,-2.164806618690491,-14.910854386067456
0.9000000000000007,150.1856671619659,0.9464381327480453,0.9445,-11.834200859069824,-2.4014906358718853,-15.529999854062506
0.9200000000000007,142.5255417663334,0.8958979496565659,0.894175,-11.460857391357422,-2.630707783699035,-15.80792428993755
0.9400000000000007,134.8069277715818,0.8409387812015938,0.8396,-9.791081428527832,-2.826529412269591,-14.571807745722394
0.9600000000000007,127.14491472785242,0.7825931490138381,0.7822875,-3.948777437210083,-2.9055049610137913,-8.382495976455928
0.9800000000000008,119.70504681326626,0.7233436492563224,0.725075,4.475486755371094,-2.8159952259063687,2.0288302011402326
1.0000000000000007,112.63604522975307,0.6663410025555169,0.670575,9.109228134155273,-2.633810663223261,9.495752033627953
1.0200000000000007,105.99929652395865,0.6137289973367657,0.6201,11.01159381866455,-2.41357878684997,12.917172540840207
1.0400000000000007,99.78838880921991,0.5664008011382763,0.5741625,11.685490608215332,-2.179868974685663,13.840189364199444
1.0600000000000007,93.96849857174698,0.5244769623883756,0.5329125,11.720971584320068,-1.945449542999262,13.586661002285956
1.0800000000000007,88.49906624644973,0.48775205548980366,0.49633750000000004,11.698672771453857,-1.7114760875701847,13.178533457417094
1.1000000000000008,83.34177057606745,0.4559783276947392,0.4644125,11.513989448547363,-1.4811962985992384,12.797018797455383
1.1200000000000008,78.4612186336382,0.4289396946058576,0.4370625,11.338276863098145,-1.2544307613372747,12.564976300374529
1.1400000000000008,73.82387477062514,0.4064890543181806,0.414225,11.27089262008667,-1.0290129089355422,12.522933078515912
1.1600000000000008,69.39718481936917,0.3885360758694577,0.39585000000000004,11.049456596374512,-0.808023777008052,12.38434963875504
1.1800000000000008,65.15029696132099,0.3749834882001434,0.38185,10.802978038787842,-0.5919642162322954,12.18810587555527
1.2000000000000008,61.054424170448364,0.36571833795017344,0.3721125,10.501633644104004,-0.3819315433502154,11.915106399378598
1.2200000000000009,57.084562207357315,0.36057255198069216,0.366425,9.771254539489746,-0.18650645256042053,11.136330681169584
1.2400000000000009,53.22881949447897,0.3591192474440006,0.364225,7.633658409118652,-0.03383328437804746,8.749931427917886
1.260000000000001,49.49949081176407,0.36049411475624193,0.36460000000000004,5.226352214813232,0.07069375991821719,5.710252451703498
1.280000000000001,45.92806547378467,0.36359208704390455,0.3665,2.432644844055176,0.11934665679932074,2.230242707626033
1.300000000000001,42.552169726580544,0.3673436489585064,0.3691125,1.1434779167175293,0.14221621513367128,0.37000745685901393
1.320000000000001,39.38910878411258,0.3711640843732323,0.3720875,0.6940441131591797,0.1560970973968549,-0.0873115850095485
1.340000000000001,36.43544567749487,0.3748811213480364,0.3752875,0.34177494049072266,0.16293259620666922,-0.10487323556052308
1.360000000000001,33.684157229744265,0.37840224387322835,0.37843750000000004,-0.5420308113098145,0.15209197998047302,-0.734549290695059
1.380000000000001,31.140747895971767,0.3814522346707489,0.381125,-1.7637770175933838,0.1168164396286054,-1.973397887058933
1.400000000000001,28.81866623733708,0.3836561916596013,0.383,-2.270169496536255,0.07141304969788036,-2.6607259156405227
1.420000000000001,26.717832325610082,0.3848642262010804,0.38406250000000003,-1.8326926231384277,0.034759197235111824,-2.185028385439607
1.440000000000001,24.816034094339926,0.3852634456541386,0.38453750000000003,-1.1288974285125732,0.012181248664860367,-1.177208805627391
1.460000000000001,23.081688983369958,0.3851792746250884,0.38465,-0.6465625762939453,-0.0007500028610185425,-0.38780203591108064
1.480000000000001,21.490596455611275,0.3848339020444414,0.38448750000000004,-0.7419834136962891,-0.015589671134944322,-0.3311681924528223
1.500000000000001,20.03287959198243,0.3842528224894373,0.38401250000000003,-0.7933008670806885,-0.031455688476558094,-0.4567215634310673
1.5200000000000011,18.7024264029145,0.3834166756736669,0.38325000000000004,-0.669842004776001,-0.04485252857207808,-0.4164368343621816
1.5400000000000011,17.488392554940198,0.3823789554958126,0.3823125,-0.21734404563903809,-0.04919940948485886,0.03195802893996735
1.5600000000000012,16.373665825174722,0.3812854373592883,0.3813375,0.0655975341796875,-0.04788745880126512,0.3960190272023806
1.5800000000000012,15.344013956696605,0.38024821666066067,0.3804,0.10411691665649414,-0.045805120468135216,0.4698175924478537
1.6000000000000012,14.389406038393586,0.3793275836796129,0.379575,0.4161057472229004,-0.037483005523677185,0.7715155295002141
1.6200000000000012,13.49731470712033,0.37862208228357463,0.37895,0.6501989364624023,-0.02447902679442915,1.0215509826990896
1.6400000000000012,12.656174646031108,0.3782213679970752,0.37862500000000004,0.7962284088134766,-0.00855445861815961,1.1969160561982708
1.6600000000000013,11.857649113947996,0.37817543896928923,0.3786125,0.816866397857666,0.00778286933899371,1.1963533158655966
1.6800000000000013,11.098482299835846,0.37846982028662424,0.3789,0.6214184761047363,0.020211238861088436,0.9662886230900161
1.7000000000000013,10.380062019340686,0.37903141342501795,0.3794,0.5243396759033203,0.030698032379154833,0.758208869626068
1.7200000000000013,9.701534419042178,0.37981969655161174,0.38015000000000004,0.6466741561889648,0.04363151550293412,0.8469421797324622
1.7400000000000013,9.057730050438291,0.38085395369898273,0.38115000000000004,0.6664352416992188,0.05696022033691851,0.8820586836052691
1.7600000000000013,8.44514082707971,0.38213417728577853,0.3824,0.5076498985290527,0.06711321830749958,0.7440254680168878
1.7800000000000014,7.863893719651609,0.3836148903966132,0.383825,0.4139528274536133,0.07539227485657188,0.5975449200194638
1.8000000000000014,7.313740331554025,0.38525776311637694,0.3854125,0.41425037384033203,0.08367728233337851,0.5632833499884649
1.8200000000000014,6.792224906736397,0.38705558688074804,0.387175,0.43721580505371094,0.09242159843445269,0.5907579469767277
1.8400000000000014,6.296248851564042,0.3890116576541081,0.38908750000000003,0.3689289093017578,0.09980017662048782,0.5049470794631661
1.8600000000000014,5.825131022862111,0.39109956369996646,0.3911375,0.24019432067871094,0.10460406303406206,0.3720323590678509
1.8800000000000014,5.379324178498521,0.39327983649066245,0.39327500000000004,0.2183518409729004,0.10897109985352008,0.3203312742956643
1.9000000000000015,4.957482907427122,0.3955382178939067,0.3955,0.23294448852539062,0.11362998962402793,0.3254299409483197
1.9200000000000015,4.557392773289816,0.39787350539361016,0.3978125,0.17523193359375,0.1171346282959029,0.28343969845602945
1.9400000000000015,4.1780995450853355,0.4002696630557054,0.400175,0.12170791625976562,0.11956878662109827,0.2055522848563518
1.9600000000000015,3.819150536255103,0.40270559590651794,0.40258750000000004,0.08208990097045898,0.12121058464050743,0.1663442928815151
1.9800000000000015,3.4795397609248133,0.40516882951156274,0.405025,0.0873570442199707,0.12295772552490686,0.15406383436438964
2.0000000000000013,3.157692430845008,0.40765567139537584,0.4074875,0.046271324157714844,0.12388315200806116,0.09982240962526756
2.019999999999999,2.8530867218348464,0.41015002420672636,0.4099625,-0.02767181396484375,0.12332971572876422,0.02290801134765319
2.039999999999997,2.566036488565437,0.41262612722518965,0.4124125,-0.07319426536560059,0.12186583042145216,-0.046552799721737426
2.0599999999999947,2.2962567064388373,0.415067193945739,0.4148375,-0.07118797302246094,0.12044207096100293,-0.05206727355623997
2.0799999999999925,2.042287467584514,0.41747290885165356,0.41723750000000004,-0.059418439865112305,0.11925370216370063,-0.03159549859415911
2.0999999999999903,1.8026040312021552,0.41984495396579385,0.41960000000000003,-0.09914302825927734,0.11727084159851503,-0.06973019561137717
2.119999999999988,1.576923576198382,0.4221699207808194,0.4219125,-0.15355396270751953,0.11419976234436466,-0.13899124417097286
2.139999999999986,1.3653077413676111,0.4244308929556267,0.4241625,-0.16900920867919922,0.11081957817078072,-0.17010001405103226
2.1599999999999837,1.1669084147920639,0.4266237287846014,0.42636250000000003,-0.12632417678833008,0.1082930946350141,-0.11062764667075897
2.1799999999999815,0.9796826923740835,0.42876075526119395,0.42850000000000005,-0.1208796501159668,0.1058755016326948,-0.10582116798829366
2.1999999999999793,0.802751252357672,0.4308400543145615,0.43057500000000004,-0.19860148429870605,0.1019034719467207,-0.1866233609488266
2.219999999999977,0.6368110838544134,0.4328399709011291,0.4325625,-0.22943902015686035,0.09731469154358349,-0.25088457491950433
2.239999999999975,0.4824246974126301,0.4347413149551275,0.43446250000000003,-0.2617628574371338,0.09207943439484081,-0.27538331800419424
2.2599999999999727,0.3391923627216829,0.4365381522269087,0.4362625,-0.2249443531036377,0.08758054733276813,-0.24368446084332307
2.2799999999999705,0.20577017497544367,0.43823760119619876,0.43796250000000003,-0.2365093231201172,0.08285036087036579,-0.2524346281944734
2.2999999999999683,0.08166709154189976,0.4398364403444269,0.4395625,-0.2694661617279053,0.0774610376358077,-0.2900693303129098
2.319999999999966,-0.03326709024119634,0.4413276795307917,0.4410625,-0.2770106792449951,0.0719208240509078,-0.2973220309811986
2.339999999999964,-0.13939184153215647,0.442707679029895,0.44245,-0.2615389823913574,0.06669004440308071,-0.2798859225123851
2.3599999999999617,-0.23757187006316685,0.4439799818235118,0.44372500000000004,-0.26133012771606445,0.06146344184875943,-0.28727300086261676
2.3799999999999595,-0.32841831801186006,0.4451454252866106,0.4449,-0.27929162979125977,0.055877609252934266,-0.30657250479480647
2.3999999999999573,-0.41211315280828503,0.44619980343342447,0.44596250000000004,-0.2841224670410156,0.05019515991211397,-0.31657087733866385
2.419999999999955,-0.4889043061704598,0.44714026260566603,0.44691250000000005,-0.2791914939880371,0.04461133003235325,-0.3115528366137654
2.439999999999953,-0.5593432607220394,0.4479683766467558,0.44775000000000004,-0.2722899913787842,0.03916553020477759,-0.3058921952603333
2.4599999999999507,-0.6239452396701606,0.448685711395698,0.448475,-0.2782309055328369,0.03360091209412085,-0.3154815281582263
2.4799999999999485,-0.6830152546431842,0.4492915266941597,0.44908750000000003,-0.28478336334228516,0.027905244827275154,-0.329384891110385
2.4999999999999463,-0.7366738977616559,0.44978307924091104,0.44958750000000003,-0.28056764602661133,0.022293891906742927,-0.32683874910346467
2.519999999999944,-0.7854219424382073,0.4501629382138987,0.44998750000000004,-0.27027082443237305,0.016888475418095475,-0.2998180752027385
2.539999999999942,-0.8298057484792322,0.4504346283475786,0.4502625,-0.27076005935668945,0.011473274230961679,-0.3212192456958145
2.5599999999999397,-0.8699124483933209,0.4505960366378556,0.45043750000000005,-0.30059266090393066,0.00546142101288306,-0.3411070537014843
2.5799999999999375,-0.9054995250462233,0.4506410598615307,0.45048750000000004,-0.27791690826416016,-9.691715240014217e-05,-0.33443113416386333
2.5999999999999353,-0.9370308374223717,0.45057306845827727,0.45043750000000005,-0.2724173069000244,-0.005545263290400632,-0.3126868580962586
2.619999999999933,-0.9650436670459037,0.45039668947884115,0.45027500000000004,-0.2656681537628174,-0.010858626365656984,-0.29933845359033084
2.639999999999931,-0.9897411222199334,0.45011247566155066,0.45,-0.2805361747741699,-0.01646934986114038,-0.3176885920549899
2.6599999999999286,-1.010937004561303,0.4497161600626484,0.4496125,-0.28608012199401855,-0.022190952301020746,-0.3270947460559809
2.6799999999999264,-1.0287870354106416,0.44920814420202415,0.4491125,-0.2657175064086914,-0.027505302429194575,-0.3179119730418914
2.6999999999999242,-1.043790166328717,0.4485935272809172,0.44851250000000004,-0.2570786476135254,-0.032646875381465094,-0.3005714517551833
2.719999999999922,-1.056338074463415,0.4478762342122136,0.4478125,-0.2551853656768799,-0.03775058269500268,-0.29068287306160623
2.73999999999992,-1.0665853341440987,0.44705729863000676,0.447,-0.2658419609069824,-0.04306742191314231,-0.31224460325465275
2.7599999999999176,-1.0742934123759675,0.4461328108782428,0.4460875,-0.26923227310180664,-0.04845206737517844,-0.31190810605827457
2.7799999999999154,-1.0795826479955555,0.4451036826800758,0.4450625,-0.2389826774597168,-0.05323172092437275,-0.3006448883844265
2.7999999999999132,-1.083106946414338,0.4439779311459578,0.44395,-0.24018287658691406,-0.058035378456111,-0.2982479319132153
2.819999999999911,-1.0850344258530158,0.44275741691039316,0.44275000000000003,-0.2415468692779541,-0.06286631584167009,-0.2831045218509709
2.839999999999909,-1.0853211922850479,0.441441362528652,0.44143750000000004,-0.23978376388549805,-0.06766199111938002,-0.29366531970569487
2.8599999999999066,-1.0838837318399634,0.44002858470017503,0.4400375,-0.24481487274169922,-0.07255828857421405,-0.2943287278167317
2.8799999999999044,-1.0809067013930826,0.4385214981638679,0.4385375,-0.22303247451782227,-0.07701893806457043,-0.2839783135520768
2.899999999999902,-1.07675217155559,0.43692493668440874,0.43696250000000003,-0.22339797019958496,-0.08148689746856218,-0.2621142811916066
2.9199999999999,-1.0715539086161825,0.4352408677538225,0.4352875,-0.21742486953735352,-0.08583539485930923,-0.25862912021214823
2.939999999999898,-1.0652354006612692,0.4334686047595211,0.433525,-0.22971725463867188,-0.0904297399520826,-0.2702609434100145
2.9599999999998956,-1.0577198553388256,0.43160752918385037,0.43167500000000003,-0.2185986042022705,-0.09480171203612804,-0.26286238944402407
2.9799999999998934,-1.0491121254435594,0.4296594610884077,0.4297375,-0.20633840560913086,-0.09892848014831064,-0.24338285652265257
2.999999999999891,-1.0397864256141336,0.4276297978165834,0.4277125,-0.19780683517456055,-0.1028846168518019,-0.2491123652594529
3.019999999999889,-1.02979311139793,0.42551980085550606,0.4256125,-0.21163344383239746,-0.10711728572844985,-0.2570234540696703
3.039999999999887,-1.018997444363633,0.423328371505215,0.4234375,-0.19755864143371582,-0.11106845855712423,-0.23501796894613292
3.0599999999998846,-1.0076194790145847,0.42105906983284946,0.421175,-0.18936610221862793,-0.11485578060149675,-0.23186773332567467
3.0799999999998824,-0.9956678513406492,0.4187127607838212,0.41883750000000003,-0.19913363456726074,-0.11883845329284203,-0.2415023596571486
3.09999999999988,-0.9830258819721768,0.4162887209604826,0.41642500000000005,-0.2010819911956787,-0.12286009311675562,-0.23968115142947166
3.119999999999878,-0.9693850323847906,0.41378377588386855,0.41392500000000004,-0.1989884376525879,-0.1268398618698074,-0.23883491572942006
3.139999999999876,-0.9548353331367541,0.41119997969673855,0.41135,-0.19185590744018555,-0.13067698001861106,-0.234917957551406
3.1599999999998736,-0.9395541832121144,0.4085405915095198,0.4087,-0.18409252166748047,-0.13435883045196073,-0.22602189704957754
3.1799999999998714,-0.9236493811619081,0.4058080234231242,0.40597500000000003,-0.1814725399017334,-0.13798828124999546,-0.22734191417996374
3.199999999999869,-0.9070894130902345,0.4030029276121408,0.403175,-0.18491291999816895,-0.14168653964995886,-0.234972229974435
3.219999999999867,-0.8897827073791191,0.4001252165754462,0.4003125,-0.17577195167541504,-0.14520197868346707,-0.21377451054798158
3.2399999999998648,-0.8719632334859182,0.39717907909050615,0.39737500000000003,-0.15815019607543945,-0.14836498260497594,-0.1955329731705091
3.2599999999998626,-0.8538181624355377,0.3941681437918351,0.39437500000000003,-0.1669156551361084,-0.15170329570769797,-0.19616006890106563
3.2799999999998604,-0.8352611191665988,0.39109251670767775,0.39130000000000004,-0.17032885551452637,-0.1551098728179886,-0.22003485712917437
3.299999999999858,-0.8160021634820748,0.38794968418378933,0.3881625,-0.17382001876831055,-0.15858627319335483,-0.22908266631929797
3.319999999999856,-0.795978293257255,0.3847401115199689,0.38496250000000004,-0.1465151309967041,-0.16151657581328882,-0.2001494036030338
3.3399999999998538,-0.7757167265141985,0.3814719815284701,0.3817125,-0.13326144218444824,-0.16418180465697785,-0.1633125997598528
3.3599999999998515,-0.7555680690775419,0.3781512261008962,0.3784,-0.13623833656311035,-0.16690657138824,-0.16669657915819647
3.3799999999998493,-0.735284925530417,0.3747760198508326,0.375025,-0.15866804122924805,-0.17007993221282486,-0.2066285451388139
3.399999999999847,-0.7142736061358544,0.37134003468265264,0.37160000000000004,-0.15406107902526855,-0.17316115379333025,-0.19404156955776353
3.419999999999845,-0.6926549777925525,0.3678462405327895,0.3681125,-0.11078524589538574,-0.17537685871123804,-0.15612371706061
3.4399999999998427,-0.6711193779521762,0.3643050573107866,0.36457500000000004,-0.11573481559753418,-0.17769155502318884,-0.1595707687414638
3.4599999999998405,-0.6496587011845264,0.3607178604111885,0.36100000000000004,-0.12864160537719727,-0.18026438713073267,-0.16454513647581992
3.4799999999998383,-0.6279649345142245,0.35708212350929197,0.357375,-0.1206507682800293,-0.18267740249633313,-0.14953745082776138
3.499999999999836,-0.6059509331397781,0.35339818874073464,0.35368750000000004,-0.12514257431030273,-0.18518025398253918,-0.17253172343917544
3.519999999999834,-0.5831872646209523,0.3496619731594824,0.3499625,-0.156005859375,-0.18830037117003923,-0.1909695244053422
3.5399999999998317,-0.5591135497454427,0.34586772040261093,0.34616250000000004,-0.12205195426940918,-0.19074141025542746,-0.1801294651378127
3.5599999999998295,-0.5341568660246817,0.3420225611015254,0.342325,-0.11298036575317383,-0.19300101757049098,-0.16236531824637357
3.5799999999998273,-0.5087740434321946,0.3381340965937783,0.33845000000000003,-0.09109282493591309,-0.19482287406920923,-0.12750754837631106
3.599999999999825,-0.4833448028834168,0.3342089788434565,0.33453750000000004,-0.0970909595489502,-0.1967646932601882,-0.12102919409714419
3.619999999999823,-0.45766975178993347,0.33024635922055445,0.330575,-0.11167645454406738,-0.19899822235106968,-0.1521076253657183
3.6399999999998207,-0.4311411964251117,0.32624009283276356,0.326575,-0.1145632266998291,-0.20128948688506615,-0.1491909193700658
3.6599999999998185,-0.40385702117747324,0.3221932221479895,0.32253750000000003,-0.06642723083496094,-0.20261803150176527,-0.10066572897043269
3.6799999999998163,-0.3766509766911433,0.31811840931841634,0.318475,-0.05700874328613281,-0.20375820636748804,-0.07284383376115589
3.699999999999814,-0.34977615811523355,0.31402081157512146,0.314375,-0.07644867897033691,-0.20528717994689466,-0.11081473690155663
3.719999999999812,-0.322571113759558,0.30989369733640854,0.31025,-0.10742568969726562,-0.20743569374083998,-0.1499676954373652
3.7399999999998097,-0.29426511527682153,0.30572890108312967,0.3060875,-0.06913876533508301,-0.20881846904754164,-0.11842298810685659
3.7599999999998075,-0.26555195109486635,0.3015373151703305,0.30191250000000003,-0.031835317611694336,-0.20945517539977554,-0.05543466756675608
3.7799999999998053,-0.23737024864599005,0.2973330796414129,0.2977125,-0.02384018898010254,-0.20993197917937767,-0.048400098294667515
3.799999999999803,-0.20966517386926378,0.2931174422485936,0.29350000000000004,-0.06735992431640625,-0.21127917766570575,-0.09439371167846211
3.819999999999801,-0.18147294991522187,0.2888798063799391,0.28926250000000003,-0.06107282638549805,-0.2125006341934157,-0.09830542184861679
3.8399999999997987,-0.15268551653874055,0.2846206711822793,0.2850125,-0.021057844161987305,-0.21292179107665532,-0.04780384445022712
3.8599999999997965,-0.12427464598892637,0.28035459956557557,0.28075,0.006377220153808594,-0.21279424667357905,-0.0191490867285804
3.8799999999997943,-0.09663194963178419,0.27608864459869464,0.2764875,-0.018281221389770508,-0.21315987110137458,-0.04630441344165126
3.899999999999792,-0.0692689136796799,0.2718183949150216,0.272225,-0.03065013885498047,-0.2137728738784741,-0.050723596040604946
3.91999999999979,-0.041784034870594546,0.26754052016288854,0.26795,-0.004032611846923828,-0.21385352611541253,-0.025329047837199248
3.9399999999997877,-0.01449304390317039,0.2632609950624438,0.263675,0.01080465316772461,-0.2136374330520579,-0.004002583946707272
3.9599999999997855,0.012328995539245467,0.2589852723367211,0.2594,0.004250049591064453,-0.2135524320602366,-0.011814173691631069
3.9799999999997833,0.03909745216347063,0.2547098197550287,0.255125,-0.030457735061645508,-0.21416158676146957,-0.045974730250100126
3.999999999999781,0.06683074380451966,0.2504232463484929,0.2508375,-0.038680315017700195,-0.21493519306182368,-0.05627652427601548
4.019999999999779,0.09593752029383075,0.2461220947624096,0.24652500000000002,-0.01843428611755371,-0.21530387878417484,-0.05898038185774279
4.039999999999777,0.12610368724270654,0.2418123710900143,0.24222500000000002,-0.0063021183013916016,-0.21542992115020276,-0.025079601880253488
4.059999999999775,0.15678300296200395,0.23750318415280736,0.237925,0.030796051025390625,-0.21481400012969493,0.02309588992274403
4.079999999999773,0.1873297372853802,0.23320499936113007,0.233625,0.01988697052001953,-0.21441626071929448,0.002835706627435375
4.0999999999997705,0.2180979267030256,0.22891532096479414,0.2293375,-0.003122091293334961,-0.21447870254516105,-0.01660209677742497
4.119999999999768,0.24954184569222976,0.224630342096368,0.22505,0.029571533203125,-0.21388727188109852,-0.000533918632736885
4.139999999999766,0.2812498917464858,0.22035752843116133,0.2207875,0.04612398147583008,-0.212964792251582,0.03753725814261477
4.159999999999764,0.31264622895195515,0.21610651764829836,0.21653750000000002,0.07110214233398438,-0.21154274940490236,0.05702152137528671
4.179999999999762,0.34347105145403883,0.21188285212453392,0.212325,0.047799110412597656,-0.21058676719665043,0.05599803331309605
4.1999999999997595,0.37413287043660254,0.2076833647897512,0.208125,0.0642385482788086,-0.20930199623107432,0.06481240996520032
4.219999999999757,0.4046783058482856,0.20350955717667155,0.20395000000000002,0.06030607223510742,-0.20809587478637226,0.060967462255014926
4.239999999999755,0.4351383109713641,0.19936312417104274,0.1998,0.07821893692016602,-0.20653149604796883,0.06965835207095372
4.259999999999753,0.4653066391114378,0.19524883395807252,0.19568750000000001,0.09198331832885742,-0.20469182968139177,0.0871249420210618
4.279999999999751,0.49481409091233164,0.19117356221289536,0.19161250000000002,0.1043701171875,-0.20260442733764172,0.09930102266394458
4.2999999999997485,0.5234984575165146,0.18714146920003938,0.18758750000000002,0.10140752792358398,-0.20057627677917017,0.1118987451107345
4.319999999999746,0.5514203333876226,0.183153771454488,0.1836,0.11262845993041992,-0.19832370758056184,0.12308272460547887
4.339999999999744,0.5787083013547598,0.17921074817594904,0.17965,0.10849714279174805,-0.19615376472472684,0.10995084750830664
4.359999999999742,0.6054959849152217,0.17531256308817658,0.17575000000000002,0.11119651794433594,-0.19392983436584016,0.11574537211399782
4.37999999999974,0.6316957042228187,0.1714622112037065,0.1719,0.14017009735107422,-0.19112643241881855,0.14558221362190205
4.3999999999997375,0.6567924526790323,0.16766820466575152,0.1681125,0.14479494094848633,-0.18823053359984876,0.16860908645884187
4.419999999999735,0.6806920839765671,0.1639335397981517,0.16437500000000002,0.14366483688354492,-0.18535723686217775,0.1682700532486514
4.439999999999733,0.7036202268941589,0.16025698082450507,0.1606875,0.13065147399902344,-0.18274420738219715,0.1404930293669393
4.459999999999731,0.725882483022945,0.15663617359124501,0.1570625,0.13672685623168945,-0.18000967025756343,0.13733297332777727
4.479999999999729,0.7475330402603341,0.15307197049904595,0.1535,0.16371774673461914,-0.17673531532287118,0.18074049581488838
4.499999999999726,0.7679873434264101,0.14957347426454182,0.15,0.18181514739990234,-0.17309901237487318,0.20768648296783487
4.519999999999724,0.7869256641246289,0.1461462981849797,0.1465625,0.16431427001953125,-0.16981272697448252,0.17685106978033494
4.539999999999722,0.8048195045627646,0.142785690011612,0.1432,0.1437821388244629,-0.1669370841979933,0.16342383249930537
4.55999999999972,0.8220262601919033,0.13948827922853382,0.1399,0.17687559127807617,-0.1633995723724318,0.1944671249103913
4.579999999999718,0.8380753211409794,0.13626138894778733,0.13666250000000002,0.18495798110961914,-0.15970041275023933,0.19422082853580047
4.599999999999715,0.8529598228405324,0.1331062649961877,0.1335,0.17003774642944336,-0.15629965782165045,0.18003480917880177
4.619999999999713,0.8668450939326182,0.13002183463220288,0.13041250000000001,0.1797022819519043,-0.15270561218261225,0.191303627845556
4.639999999999711,0.879612412995882,0.1270106374470493,0.1274,0.19041109085083008,-0.14889739036559568,0.2085318963090499
4.659999999999709,0.8911164648564086,0.12407549005436021,0.1244625,0.1868119239807129,-0.14516115188598155,0.2154066141512656
4.679999999999707,0.9015385046528254,0.12121488676300361,0.1215875,0.1832571029663086,-0.1414960098266554,0.19699817823417343
4.699999999999704,0.9110118777271583,0.11842786070766581,0.1188,0.17303895950317383,-0.13803523063659195,0.19890388235527245
4.719999999999702,0.9196069678053062,0.11571418970761663,0.11607500000000001,0.2044816017150879,-0.13394559860229022,0.21655136456003365
4.7399999999997,0.9269849983215205,0.11307890489081415,0.11343750000000001,0.18910932540893555,-0.13016341209411164,0.2137689207419713
4.759999999999698,0.9332320893780106,0.11052145277915902,0.110875,0.19475269317626953,-0.1262683582305862,0.2225870132959229
4.779999999999696,0.9384515947029154,0.10804097210645139,0.10838750000000001,0.1915597915649414,-0.12243716239928736,0.2239827496591218
4.799999999999693,0.9426575430299048,0.10563768626631032,0.105975,0.19153404235839844,-0.11860648155211932,0.21771516596772233
4.819999999999691,0.9459264252784317,0.10331093850123166,0.10363750000000001,0.18929243087768555,-0.11482063293456556,0.20750649391540366
4.839999999999689,0.9483100869276886,0.10106032383301244,0.1013875,0.1906743049621582,-0.11100714683532233,0.22864685894902426
4.859999999999687,0.949631995564053,0.0988883382771161,0.09920000000000001,0.2114267349243164,-0.106778612136836,0.22739130025836718
4.879999999999685,0.9498462969758906,0.09679572204077584,0.0971,0.1764535903930664,-0.10324954032897464,0.20099800100363163
4.899999999999682,0.9493342046261145,0.09477758982424055,0.095075,0.19197893142700195,-0.09940996170043463,0.21327666549820878
4.91999999999968,0.9479586894532145,0.09283571888197459,0.093125,0.19946050643920898,-0.09542075157165046,0.21918014340340242
4.939999999999678,0.9454787238934759,0.09097318803741779,0.09126250000000001,0.18996191024780273,-0.0916215133666944,0.22590618047762967
4.959999999999676,0.9420996599089579,0.0891872131698263,0.0894625,0.19443655014038086,-0.08773278236388672,0.21810157251308637
4.979999999999674,0.9379252289974535,0.08747625833615397,0.08775000000000001,0.17303752899169922,-0.08427203178405275,0.21231527571020092
4.999999999999671,0.9330876547351953,0.08583835643773563,0.08610000000000001,0.19484996795654297,-0.08037503242492185,0.21785191945517313
5.019999999999669,0.9274589075013067,0.08427487149683159,0.084525,0.17829465866088867,-0.07680913925170414,0.20305782842123143
5.039999999999667,0.9212381492167282,0.08278286804878063,0.083025,0.18429279327392578,-0.07312328338622558,0.20890630281650724
5.059999999999665,0.9142296825139529,0.08136448857979436,0.0816,0.19037675857543945,-0.06931574821471682,0.21741737535552308
5.079999999999663,0.9062744483239046,0.08002135759561553,0.08025,0.18320274353027344,-0.06565169334411138,0.20991524554027086
5.09999999999966,0.8974818655162887,0.07875155499421355,0.078975,0.1705155372619629,-0.062241382598872165,0.20073346644376155
5.119999999999658,0.8881710074986933,0.07755037336179126,0.0777625,0.1711750030517578,-0.05881788253783698,0.19530978554263612
5.139999999999656,0.8783829653034733,0.07641666475792272,0.076625,0.16858720779418945,-0.05544613838195319,0.2014973785041313
5.159999999999654,0.8680465508161309,0.07535070556153442,0.07555,0.17926311492919922,-0.05186087608336918,0.21145315027262634
5.1799999999996515,0.8570124596420302,0.07435375322937517,0.0745375,0.1656503677368164,-0.04854786872863285,0.18388887013430666
5.199999999999649,0.8455106571616228,0.07342209939502836,0.0736,0.150604248046875,-0.04553578376769538,0.17004106320064216
5.219999999999647,0.8337002519050302,0.07255291040442297,0.072725,0.1669292449951172,-0.04219719886779303,0.18676919617656496
5.239999999999645,0.8213619721008952,0.07174823943716134,0.0719125,0.1653270721435547,-0.03889065742492193,0.19006577173919958
5.259999999999643,0.8083617402583091,0.07100900829675455,0.0711625,0.1549086570739746,-0.035792484283442456,0.16919436506671826
5.2799999999996405,0.7950219646581329,0.07033017237344759,0.07047500000000001,0.14191961288452148,-0.03295409202575202,0.1568480862624111
5.299999999999638,0.7814379280104692,0.0697095935707807,0.06985000000000001,0.15157127380371094,-0.0299226665496778,0.16655013730609514
5.319999999999636,0.7674740482759983,0.06914811503542875,0.0692875,0.15359973907470703,-0.026850671768183666,0.18660713784822425
5.339999999999634,0.7529483208455926,0.0686471614008877,0.068775,0.15121078491210938,-0.02382645606994147,0.1722645047151189
5.359999999999632,0.7380065660097332,0.06820387338469291,0.068325,0.12251043319702148,-0.02137624740600105,0.14958575615323655
5.3799999999996295,0.7230643300202375,0.06781184766264428,0.067925,0.13711309432983398,-0.018633985519404383,0.15781451492063864
5.399999999999627,0.7079035117584196,0.06747289199854152,0.06757500000000001,0.13965225219726562,-0.015840940475459076,0.15187174853965507
5.419999999999625,0.6923738475805319,0.06718793179044348,0.0672875,0.12778329849243164,-0.013285274505610446,0.15132734027653666
5.439999999999623,0.6765344632649254,0.06695515223561146,0.06705,0.13538646697998047,-0.010577545166010841,0.15920251959620407
5.459999999999621,0.6602848975790133,0.06677478803760226,0.0668625,0.1222372055053711,-0.008132801055903416,0.1442441408895495
5.4799999999996185,0.6438913551838977,0.06664228958086237,0.066725,0.11078166961669922,-0.005917167663569432,0.13481942892116122
5.499999999999616,0.627517079421815,0.06655441955036914,0.066625,0.11406755447387695,-0.0036358165740918956,0.12698137297475648
5.519999999999614,0.611144858268067,0.06651027813990475,0.06657500000000001,0.10924673080444336,-0.0014508819580030287,0.12536900299771364
5.539999999999612,0.5947188288853097,0.06650946908573152,0.06657500000000001,0.11806726455688477,0.0009104633331346668,0.14878003272940776
5.55999999999961,0.5779010432978641,0.0665552583115622,0.0666125,0.11764097213745117,0.0032632827758836917,0.1409060597442337
5.5799999999996075,0.5607954458058186,0.0666451656982952,0.06670000000000001,0.08715105056762695,0.005006303787236233,0.1182558220575447
5.599999999999605,0.5439270349617836,0.06677121398148278,0.0668125,0.0917973518371582,0.006842250823979396,0.10451209437143866
5.619999999999603,0.527354349106255,0.06693147525724759,0.06696250000000001,0.08619117736816406,0.008566074371342677,0.09349844601947224
5.639999999999601,0.5109052586459851,0.06712703448445997,0.0671625,0.09968805313110352,0.010559835433964744,0.12420856299501737
5.659999999999599,0.494182177388039,0.06736192294325806,0.0673875,0.11008358001708984,0.012761507034306533,0.1255830265145888
5.6799999999995965,0.47710088837057096,0.06763610481239961,0.0676625,0.0676274299621582,0.014114055633549704,0.09521622108909805
5.699999999999594,0.4602573473862856,0.06794068767232062,0.06796250000000001,0.07340240478515625,0.015582103729252826,0.09619345764562234
5.719999999999592,0.44372578377513006,0.06827353997810098,0.0682875,0.07606172561645508,0.01710333824158192,0.09503937159533515
5.73999999999959,0.42735598114379264,0.06863546520515616,0.0686375,0.076446533203125,0.018632268905644418,0.08188989328463903
5.759999999999588,0.41112036554926584,0.06902569340359634,0.069025,0.0702066421508789,0.020036401748662,0.07948689131148073
5.7799999999995855,0.39483318272259166,0.06944551857179389,0.06945,0.07795143127441406,0.02159543037415027,0.10291567385899147
5.799999999999583,0.37834967654442153,0.06989570745638199,0.0698875,0.07530498504638672,0.023101530075077998,0.08126453373271586
5.819999999999581,0.3619498054960647,0.07037150728950654,0.07036250000000001,0.03580427169799805,0.023817615509037954,0.054344910287764114
5.839999999999579,0.3460878860046697,0.07086588800117621,0.07085000000000001,0.06434440612792969,0.025104503631596536,0.07163421652187557
5.859999999999577,0.33039374810518085,0.0713825433098663,0.07136250000000001,0.06416845321655273,0.02638787269592759,0.07440415761545943
5.8799999999995745,0.31457354551697597,0.07192420832097861,0.0719,0.05692148208618164,0.02752630233765122,0.06235575910234076
5.899999999999572,0.2987387534369373,0.07248835932752153,0.0724625,0.04360342025756836,0.02839837074280258,0.04977156339194905
5.91999999999957,0.283187371256823,0.0730700420468835,0.0730375,0.043797969818115234,0.029274330139164872,0.04421982071748792
5.939999999999568,0.26795200186300394,0.07366775315082469,0.07363750000000001,0.04245615005493164,0.030123453140263507,0.057860964896350175
5.959999999999566,0.2528573321646917,0.07428271003386351,0.07425000000000001,0.0558013916015625,0.03123948097229477,0.07012753348684869
5.979999999999563,0.23766057756757056,0.07491702716595149,0.074875,0.03465700149536133,0.03193262100220197,0.04013732121115776
5.999999999999561,0.22276520389413126,0.07556442945657733,0.07552500000000001,0.020798206329345703,0.03234858512878887,0.03610330793182681
6.019999999999559,0.2082617276551448,0.07622270459453045,0.076175,0.0439753532409668,0.033228092193608186,0.042863970204755075
6.039999999999557,0.19384801883316932,0.07689476531414613,0.07685,0.025395870208740234,0.03373600959778297,0.041394526006314214
6.059999999999555,0.17960784866084564,0.07757853215502417,0.07752500000000001,0.03597736358642578,0.03445555686951146,0.034767421533098974
6.079999999999552,0.16553229542761674,0.07827313835556761,0.078225,0.012715816497802734,0.03470987319946753,0.029807239151731224
6.09999999999955,0.15176971029418368,0.07897568493369492,0.07892500000000001,0.030361175537109375,0.0353170967102097,0.04322433495917377
6.119999999999548,0.1381694122160082,0.07968717108733597,0.0796375,0.016808509826660156,0.035653266906742906,0.03891663117206123
6.139999999999546,0.12478448255889261,0.08040596887694434,0.08035,0.015187740325927734,0.03595702171326148,0.025835707460642454
6.159999999999544,0.11175096774151513,0.08112938474475678,0.08106250000000001,0.004825115203857422,0.03605352401733862,-0.002414970924656812
6.179999999999541,0.09926462277721648,0.0818539665966189,0.0817875,0.005335807800292969,0.0361602401733445,0.005098863550404009
6.199999999999539,0.08705189545261112,0.08258238369127957,0.0825125,0.028992176055908203,0.03674008369446266,0.019164025490816528
6.219999999999537,0.07475947643740215,0.08331837749536336,0.08325,0.006122589111328125,0.03686253547668919,0.007023281855242369
6.239999999999535,0.0626304647736487,0.08405795410112418,0.0839875,3.719329833984375e-05,0.036863279342656,-0.004737142444301012
6.259999999999533,0.05092612056035969,0.08479688173312913,0.08472500000000001,-0.00630640983581543,0.03673715114593969,-0.008918082832339302
6.27999999999953,0.03969255766841311,0.08553373799785956,0.08546250000000001,0.0027322769165039062,0.036791796684269795,0.002868149365887196
6.299999999999528,0.02869951952513206,0.08627072130117858,0.0862,0.004889488220214844,0.0368895864486741,0.009192832849609922
6.319999999999526,0.017846757154959675,0.08700837004399192,0.0869375,-0.004415988922119141,0.03680126667023173,0.0015556848068792872
6.339999999999524,0.007315758775702292,0.08774357794674836,0.087675,-0.012120723724365234,0.03655885219574441,-0.0004687548138276876
6.359999999999522,-0.00278061702706389,0.08847414185009819,0.0884,-0.008140325546264648,0.036396045684819134,-0.007311458323860931
6.379999999999519,-0.012479292759417587,0.08919982988320362,0.08912500000000001,-0.01653456687927246,0.03606535434723371,-0.012985145631715378
6.399999999999517,-0.021810999483937867,0.08992035653038148,0.08985,-0.004757881164550781,0.035970196723942666,0.004226525098739997
6.419999999999515,-0.03098676556398824,0.09063780643798809,0.0905625,-0.004882335662841797,0.035872550010685816,-0.004160271003202931
6.439999999999513,-0.039965389078494784,0.09135101061066048,0.09127500000000001,-0.028455018997192383,0.03530344963074196,-0.025961981031973336
6.459999999999511,-0.048401351208200986,0.09205485621413625,0.091975,-0.0179293155670166,0.03494486331940162,-0.027320006310719847
6.479999999999508,-0.0564161988394836,0.092750317353206,0.09267500000000001,-0.016610383987426758,0.034612655639653114,-0.013897590153700845
6.499999999999506,-0.06421590968424297,0.09343949998245123,0.0933625,-0.0065767765045166016,0.03448112010956275,-0.011324610144786695
6.519999999999504,-0.07194977621660163,0.09412380091578597,0.09405000000000001,-0.02979755401611328,0.033885169029240506,-0.024496090421219918
6.539999999999502,-0.07922481124425615,0.09479758301114914,0.094725,-0.023378849029541016,0.033417592048649664,-0.01749543469364956
6.5599999999995,-0.08611917907665344,0.09546134000104765,0.0953875,-0.021670818328857422,0.032984175682072514,-0.019897826215007353
6.579999999999497,-0.09270534747069391,0.09611552364881644,0.0960375,-0.027771949768066406,0.0324287366867112,-0.03455086715100919
6.599999999999495,-0.09884845675433848,0.09675791720755064,0.09668750000000001,-0.029525041580200195,0.0318382358551072,-0.016890023292087664
6.619999999999493,-0.10476759210956005,0.09739092178279633,0.09731250000000001,-0.006857872009277344,0.031701078414921674,-0.016819533955814703
6.639999999999491,-0.11064530950682001,0.0980164945303793,0.09793750000000001,-0.041758060455322266,0.030865917205815243,-0.05247321451647302
6.6599999999994886,-0.11599499749376996,0.0986279129845477,0.09855,-0.03441882133483887,0.030177540779118477,-0.04625439209178933
6.679999999999486,-0.12093484062353886,0.09922631728494223,0.09915,-0.019507884979248047,0.029787383079533516,-0.029329975852372125
6.699999999999484,-0.12578123892424592,0.09981545906561765,0.09975,-0.022516250610351562,0.029337058067326473,-0.01097966035777831
6.719999999999482,-0.13061170415275553,0.10039600970904318,0.10032500000000001,-0.024533987045288086,0.02884637832642072,-0.02720772235725255
6.73999999999948,-0.13509586533252774,0.10096334913724705,0.1008875,-0.05498671531677246,0.027746644020085264,-0.06322595767434602
6.7599999999994775,-0.13884539356687875,0.10151210748538354,0.1014375,-0.03547954559326172,0.02703705310822004,-0.050401075585639055
6.779999999999475,-0.14223987071935976,0.10204692142157178,0.10197500000000001,-0.015691280364990234,0.02672322750092024,-0.025773526519279055
6.799999999999473,-0.14569740579370638,0.10257297286721712,0.1025125,-0.023428916931152344,0.026254649162297212,-0.008307351250133599
6.819999999999471,-0.14927060193978295,0.1030907126181417,0.103025,-0.029158830642700195,0.02567147254944321,-0.032802429216440276
6.839999999999469,-0.15244230379655407,0.10359318779081868,0.103525,-0.06339383125305176,0.02440359592438219,-0.06421256987490714
6.8599999999994665,-0.15485356637161826,0.1040754955083883,0.10401250000000001,-0.032053470611572266,0.02376252651215073,-0.03497498309710634
6.879999999999464,-0.15705215733372543,0.10454454760300547,0.10448750000000001,-0.013656377792358398,0.023489398956303552,-0.00575596300960296
6.899999999999462,-0.15944023298543122,0.10500540861577398,0.10495,-0.030228853225708008,0.022884821891789406,-0.019001464150902037
6.91999999999946,-0.1617093742788852,0.1054539209433236,0.10538750000000001,-0.05080890655517578,0.02186864376068589,-0.0645329841100789
6.939999999999458,-0.16325701825517464,0.1058820969158396,0.105825,-0.05553889274597168,0.020757865905766455,-0.050567778754372905
6.9599999999994555,-0.1642895586241597,0.10629247227271928,0.1062375,-0.004967451095581055,0.02065851688385484,-0.0032424843149239657
6.979999999999453,-0.16565166040125756,0.10669592346158395,0.10663750000000001,-0.027315616607666016,0.02011220455170152,-0.03205239108326957
6.999999999999451,-0.166952430393301,0.10708730104517962,0.10703750000000001,-0.0567927360534668,0.01897634983063219,-0.0420638679888799
7.019999999999449,-0.16786386788742824,0.10746224841683077,0.10740000000000001,-0.02710103988647461,0.018434329032902708,-0.05779392051823484
7.039999999999447,-0.1683004723565198,0.10781957771574983,0.10776250000000001,-0.05749940872192383,0.01728434085846424,-0.06152518999411577
7.0599999999994445,-0.1683098183666474,0.10815984979517435,0.1081125,-0.01120448112487793,0.01706025123596667,-0.009166567868923448
7.079999999999442,-0.16860669679313395,0.1084923280503638,0.10845,-0.017869949340820312,0.016702852249150274,-0.0032680903475057477
7.09999999999944,-0.16909985031289662,0.10881582416660322,0.10876250000000001,-0.0486752986907959,0.015729346275334358,-0.05867747736467921
7.119999999999438,-0.16900932037744185,0.10912018460731279,0.109075,-0.06670975685119629,0.014395151138310434,-0.06366569730352226
7.139999999999436,-0.16820956822562905,0.10940375261864824,0.10935,-0.01214146614074707,0.014152321815495496,-0.03584150964567462
7.1599999999994335,-0.1674635259421198,0.10967645834452401,0.1096375,-0.03233170509338379,0.013505687713627819,-0.018778725014546443
7.179999999999431,-0.16691577070893107,0.10994023397928568,0.10990000000000001,-0.01329660415649414,0.013239755630497934,-0.01587204241067397
7.199999999999429,-0.16644111676689272,0.11019350408772347,0.11015000000000001,-0.05637931823730469,0.012112169265751833,-0.0568065040723241
7.219999999999427,-0.16541530934750276,0.11042819495126367,0.1103875,-0.04551386833190918,0.011201891899113643,-0.05124172551291342
7.239999999999425,-0.1639783143075821,0.11064616632408994,0.1106,-0.020638704299926758,0.010789117813115114,-0.042538296235689194
7.2599999999994225,-0.16253625854111775,0.11085277281867097,0.11081250000000001,-0.03329157829284668,0.010123286247258188,-0.04205630846947028
7.27999999999942,-0.16108496637155045,0.11104805942956449,0.1110125,-0.023637771606445312,0.009650530815129281,-0.02634430893783027
7.299999999999418,-0.15974117799934606,0.11123364065677252,0.11120000000000001,-0.03015303611755371,0.0090474700927782,-0.03619228683854628
7.319999999999416,-0.15822881038441536,0.11140603046817146,0.111375,-0.04401898384094238,0.008167090415959349,-0.041138965063323846
7.339999999999414,-0.15633741237039364,0.11156258876574321,0.111525,-0.02968883514404297,0.007573313713078488,-0.04607217026730899
7.3599999999994115,-0.15424904692331673,0.11170579155901643,0.11167500000000001,-0.03557181358337402,0.006861877441411005,-0.03988104642507005
7.379999999999409,-0.15201316843474172,0.11183641463114803,0.11181250000000001,-0.016278505325317383,0.006536307334904657,-0.008372693773181158
7.399999999999407,-0.15008274974095984,0.11196048597521843,0.11193750000000001,-0.022006988525390625,0.006096167564396844,-0.02130681520545602
7.419999999999405,-0.14812044278999606,0.11207377574803672,0.11205000000000001,-0.04771828651428223,0.005141801834111197,-0.04403858676386825
7.439999999999403,-0.14564266264538211,0.11217013311784038,0.1121375,-0.03467416763305664,0.004448318481450068,-0.05478873365070122
7.4599999999994,-0.1427591168634031,0.11225112734934399,0.112225,-0.02960371971130371,0.003856244087223996,-0.03353332964763214
7.479999999999398,-0.13992895458825796,0.1123228981136124,0.11230000000000001,-0.001556396484375,0.0038251161575364946,-0.009267935099861978
7.499999999999396,-0.13758045762130577,0.11239120716788331,0.112375,-0.02768540382385254,0.0032714080810594434,-0.021256499220815746
7.519999999999394,-0.1352252085258719,0.11244989677171474,0.11242500000000001,-0.03552889823913574,0.0025608301162767274,-0.052291007303839725
7.539999999999392,-0.132444763244999,0.11249369262174023,0.112475,-0.04717683792114258,0.0016172933578538769,-0.05180804015587287
7.559999999999389,-0.12923289442382116,0.11252268074908589,0.1125,-0.006661891937255859,0.0014840555191087596,-0.025689073345457093
7.579999999999387,-0.12619175612788255,0.11254488180493649,0.112525,-0.020112276077270508,0.0010818099975633496,-0.029161739955891174
7.599999999999385,-0.12332637678462705,0.11256057877545911,0.11255000000000001,-0.020153045654296875,0.0006787490844774122,-0.017757047996467504
7.619999999999383,-0.12052276985004702,0.11256849630957529,0.11256250000000001,-0.02023458480834961,0.00027405738831042024,-0.006229300275329471
7.639999999999381,-0.11781888696620449,0.11256932059186288,0.11256250000000001,-0.025994539260864258,-0.0002458333969068649,-0.026288395699700828
7.659999999999378,-0.11480746204207394,0.11255795591025361,0.11255000000000001,-0.039781808853149414,-0.0010414695739698531,-0.0360150390903606
7.679999999999376,-0.11133080403939434,0.11253254204697398,0.112525,-0.01801156997680664,-0.001401700973505985,-0.01621208249010785
7.699999999999374,-0.1078412141330118,0.11249916866203565,0.1124875,-0.0067348480224609375,-0.001536397933955204,-0.013259110584244345
7.719999999999372,-0.10461012130224034,0.11246160107309715,0.11245000000000001,-0.019969940185546875,-0.0019357967376661426,-0.029681633388171647
7.73999999999937,-0.10143752026987142,0.11241747639799593,0.1124125,-0.021587848663330078,-0.0023675537109327455,-0.02131568910711503
7.759999999999367,-0.09829379053412571,0.11236662844646605,0.1123625,-0.01080322265625,-0.002583618164057745,-0.013667408118237141
7.779999999999365,-0.09523813746015035,0.11231004341298703,0.11231250000000001,-0.02250838279724121,-0.00303378582000257,-0.013665215383810818
7.799999999999363,-0.09214570111914332,0.11224631343912427,0.1122375,-0.01699662208557129,-0.0033737182617139946,-0.03425676693788116
7.819999999999361,-0.08879701852574172,0.11217279881502798,0.11216250000000001,-0.03378653526306152,-0.004049448966975225,-0.04993711568853403
7.839999999999359,-0.08517840389630374,0.11208953660129176,0.1120875,-0.0038945674896240234,-0.004127340316767702,-0.011520720926203529
7.859999999999356,-0.08184365726890233,0.1120039540465745,0.112,0.006470203399658203,-0.003997936248774534,-0.004488409258045847
7.879999999999354,-0.07888947413128711,0.11191755194958539,0.11192500000000001,-0.025375843048095703,-0.004505453109736444,-0.009997034439224728
7.899999999999352,-0.0759362731216729,0.11182562000325676,0.11182500000000001,-0.010538578033447266,-0.004716224670405386,-0.023306026863294804
7.91999999999935,-0.07284345211943968,0.11172653540203797,0.111725,-0.03569984436035156,-0.005430221557612421,-0.045953527227393584
7.939999999999348,-0.06929381602123953,0.11161638175255696,0.1116125,-0.0074100494384765625,-0.005578422546381952,-0.025163023912746843
7.959999999999345,-0.0657765404820073,0.11150173226411138,0.1115,0.0020813941955566406,-0.0055367946624708215,-0.009011147774693543
7.979999999999343,-0.06265700068590863,0.11138757599581747,0.1114,-0.0013954639434814453,-0.005564703941340446,0.014913327894926637
7.999999999999341,-0.05994836267870087,0.11127431696854732,0.11128750000000001,-0.001451253890991211,-0.005593729019160268,0.009227040353862598
8.019999999999348,-0.05734120069199462,0.11115814388091355,0.11116250000000001,-0.03439021110534668,-0.006281533241267204,-0.03872550779300925
8.039999999999354,-0.054114445710126385,0.11102987402373501,0.11103750000000001,-0.029565095901489258,-0.006872835159296985,-0.03120830488509918
8.059999999999361,-0.050485816049120356,0.11089252314603504,0.1109,0.01261281967163086,-0.006620578765864368,0.00976183448189151
8.079999999999368,-0.04731080745853312,0.11075743131014441,0.1107625,0.006916522979736328,-0.00648224830626964,0.0020935110825461706
8.099999999999374,-0.0444768588975443,0.11062337943032509,0.1106375,-0.01396322250366211,-0.006761512756342886,-0.003048601290732908
8.119999999999381,-0.041733867811537054,0.11048732942384508,0.1105,-0.0051784515380859375,-0.006865081787104601,-0.0023704786204925554
8.139999999999388,-0.038969871888405734,0.11034801814508789,0.1103625,-0.016167640686035156,-0.007188434600825304,-0.00961715973365869
8.159999999999394,-0.03601161254102619,0.11020338356033957,0.1102125,-0.00550532341003418,-0.007298541069025989,-0.010823567545834162
8.179999999999401,-0.033015446909635225,0.11005564969383184,0.11006250000000001,-0.007193326950073242,-0.0074424076080274555,-0.015873525211742845
8.199999999999408,-0.03002361738337441,0.10990556814515678,0.10991250000000001,0.0012674331665039062,-0.007417058944697374,-0.010636689059068186
8.219999999999414,-0.027228650627076394,0.10975584486207167,0.1097625,0.0006694793701171875,-0.007403669357295026,-0.012137667345473932
8.239999999999421,-0.024606748754163958,0.10960637209574357,0.109625,-0.004368782043457031,-0.007491044998164169,0.006052650958321068
8.259999999999428,-0.022144360085876266,0.1094571613043535,0.109475,0.008046627044677734,-0.007330112457270614,0.014307825232512256
8.279999999999434,-0.019844861848239838,0.10930843358438577,0.109325,-0.015664100646972656,-0.007643394470210071,-0.008341075034933726
8.299999999999441,-0.017328767901488646,0.10915542527653699,0.10916250000000001,-0.010198116302490234,-0.007847356796259874,-0.026305481926747823
8.319999999999448,-0.014524868001120362,0.10899737261014333,0.1090125,-0.007116794586181641,-0.0079896926879835,-0.001673326488885879
8.339999999999455,-0.011803652836576937,0.10883926297725578,0.10885,0.027927875518798828,-0.007431135177607522,0.016589165434852254
8.359999999999461,-0.00965407732906341,0.10868764074083705,0.1087,-0.008805513381958008,-0.007607245445246686,-0.012518091567198936
8.379999999999468,-0.007516533350613732,0.10853541379040398,0.10855000000000001,-0.008374929428100586,-0.0077747440338087,-0.008875927242429013
8.399999999999475,-0.00527793929838876,0.10838125718199906,0.10840000000000001,0.0048007965087890625,-0.007678728103632917,0.009539134424192547
8.419999999999481,-0.0031425338458204674,0.10822797240279743,0.1082375,0.006189823150634766,-0.0075549316406202235,-0.007035970114385379
8.439999999999488,-0.001046408543360618,0.10807488266764212,0.1080875,-0.015228509902954102,-0.007859501838679304,-0.017541063974472332
8.459999999999495,0.001194617284019312,0.10791973922905353,0.1079375,0.012850284576416016,-0.007602496147150987,0.01589904835485885
8.479999999999501,0.003139367848726444,0.1077684174855782,0.10778750000000001,0.014410972595214844,-0.0073142766952466924,0.02112712314686571
8.499999999999508,0.004785995035216245,0.10762109151074875,0.10763750000000001,-0.005404472351074219,-0.007422366142268175,-0.0019816109163883766
8.519999999999515,0.006538241038841867,0.10747264484513623,0.1074875,-0.00991201400756836,-0.007620606422419545,-0.010522120156468903
8.539999999999521,0.008513363237827252,0.10732166747574144,0.1073375,0.005473136901855469,-0.007511143684382435,0.006550213744958497
8.559999999999528,0.010402569516005834,0.10717229349890463,0.1071875,0.014561176300048828,-0.007219920158381456,0.014621361401258512
8.579999999999535,0.011977053892131512,0.10702762984667313,0.10705,0.003414630889892578,-0.007151627540583604,0.01725914590884718
8.599999999999541,0.013394421832275712,0.10688575293297232,0.10690000000000001,0.005435943603515625,-0.007042908668513295,0.0018217335916331096
8.619999999999548,0.014840477303661637,0.1067443547700226,0.10676250000000001,-0.013314485549926758,-0.007309198379511827,-0.007009987506538806
8.639999999999555,0.016491174861464106,0.10660124584419828,0.1066125,0.014050483703613281,-0.007028188705439558,0.001596798621476339
8.659999999999561,0.018041844014955857,0.10646048671778834,0.106475,0.0023245811462402344,-0.006981697082514753,0.0034796439651527816
8.679999999999568,0.019442933440635253,0.10632283184770353,0.1063375,0.015828609466552734,-0.006665124893183701,0.014580160833026767
8.699999999999575,0.020550664846542055,0.10619025153122627,0.1062125,0.0049896240234375,-0.006565332412714952,0.015211066336289214
8.719999999999581,0.02157533347683527,0.10606010696902811,0.106075,0.0027780532836914062,-0.006509771347041123,0.00391788287544638
8.739999999999588,0.02268030664264355,0.1059303479500908,0.10595,-0.007791996002197266,-0.006665611267085072,-0.0010293762553809788
8.759999999999595,0.023978841527562175,0.10579957634438117,0.1058125,0.013403892517089844,-0.006397533416743278,0.010523038213019961
8.779999999999601,0.025177553266546627,0.10567168008631611,0.1056875,0.006570339202880859,-0.006266126632685657,0.010767342553615056
8.799999999999608,0.02616676459313225,0.1055481721420843,0.1055625,0.013325214385986328,-0.005999622344965933,0.011950068386529095
8.819999999999615,0.027011383456501933,0.10542828776232797,0.10545,0.0019483566284179688,-0.005960655212397571,0.016752350175943537
8.839999999999621,0.027685319695132958,0.1053124298267108,0.105325,0.010681629180908203,-0.005747022628779409,0.0026555226808631233
8.859999999999628,0.02843325113819422,0.1051974758676306,0.1052125,-0.011122941970825195,-0.005969481468195914,-0.010545779775787967
8.879999999999635,0.029428054837048696,0.10508122799909034,0.1051,0.01389455795288086,-0.0056915903091382955,0.02543225120260409
8.899999999999642,0.030192771857770934,0.1049699335985526,0.10498750000000001,0.024255752563476562,-0.0052064752578687605,0.02958222529622634
8.919999999999648,0.030603743167750306,0.10486526637429336,0.10487500000000001,-0.0028231143951416016,-0.005262937545771594,-0.007249312428761617
8.939999999999655,0.031152193295399276,0.10476089161506659,0.10477500000000001,-0.008880615234375,-0.005440549850459092,-0.007239694581661488
8.959999999999662,0.03191307048425544,0.10465586388492405,0.104675,0.02076101303100586,-0.005025329589838977,0.031189450285133632
8.979999999999668,0.03233325135281376,0.10455740888334505,0.104575,0.019188880920410156,-0.0046415519714307725,0.02692159454451261
8.999999999999675,0.0324747146414924,0.1044647698816055,0.104475,-0.0065746307373046875,-0.004773044586176862,-0.011534382320111045
9.019999999999682,0.03292557116912054,0.10437033193467693,0.10437500000000001,-0.008907794952392578,-0.00495120048522471,-0.022952008775870975
9.039999999999688,0.033671196138911764,0.10427429761875015,0.1042875,0.015492439270019531,-0.004641351699824321,0.016072972480773023
9.059999999999695,0.034088476873332725,0.10418479586986687,0.1042,0.03310060501098633,-0.003979339599604591,0.036351989275767715
9.079999999999702,0.03395110223018407,0.10410481408014688,0.10412500000000001,-6.365776062011719e-05,-0.0039806127548169925,0.02025310353624049
9.099999999999708,0.03380698041119682,0.10402725340377439,0.1040375,-0.002801656723022461,-0.004036645889277443,-0.006743434430616438
9.119999999999715,0.03401923390826172,0.10394738734120185,0.10395,-0.01176595687866211,-0.004271965026850687,-0.028289586719770082
9.139999999999722,0.034660113599737176,0.10386427363619864,0.10387500000000001,0.01240682601928711,-0.004023828506464942,0.015902126085384424
9.159999999999728,0.03499546775012228,0.10378746738495968,0.1038,0.041391849517822266,-0.003195991516108498,0.04219854167743675
9.179999999999735,0.03455781919436142,0.10372308270642198,0.10373750000000001,0.000640869140625,-0.0031831741332959975,0.012364469194341143
9.199999999999742,0.034173146449015354,0.1036604002261268,0.103675,-0.009883403778076172,-0.0033808422088575196,-0.00024789142359416677
9.219999999999748,0.03413192136205268,0.10359561614408493,0.10360000000000001,0.0010371208190917969,-0.003360099792475682,-0.010676815578414926
9.239999999999755,0.034343975989076625,0.10352988098852961,0.1035375,0.0026679039001464844,-0.003306741714472754,-0.0015414844928186844
9.259999999999762,0.034569699001234126,0.10346630931182765,0.10347500000000001,0.02471923828125,-0.0028123569488477528,0.02420225058570022
9.279999999999768,0.03435044088163318,0.10341087286773983,0.103425,0.013312339782714844,-0.0025461101531934547,0.025592329270744986
9.299999999999775,0.03384397345745435,0.1033615305289747,0.10337500000000001,0.003998279571533203,-0.0024661445617627886,0.012199906347190245
9.319999999999782,0.03341298435256189,0.10331355152285301,0.103325,-0.007658958435058594,-0.0026193237304639595,-0.0020855821867794833
9.339999999999788,0.03332747414418661,0.10326339468031485,0.103275,0.0028066635131835938,-0.002563190460200288,0.011001947857986853
9.359999999999795,0.03332057195060816,0.10321450184495344,0.10322500000000001,0.01769256591796875,-0.0022093391418409147,0.025179529420540255
9.379999999999802,0.03307773295615326,0.1031709549724499,0.103175,0.011371135711669922,-0.0019819164276075143,0.0062484006566491945
9.399999999999809,0.03272082563213669,0.10313116799621483,0.10313750000000001,-0.0045511722564697266,-0.0020729398727369086,-0.002083197793117317
9.419999999999815,0.03239948004199645,0.10309317626550711,0.10310000000000001,0.013745784759521484,-0.001798024177546478,0.010123213257045623
9.439999999999822,0.03198562380256938,0.1030586201046109,0.1030625,0.007791996002197266,-0.0016421842575025337,0.0012849673669441952
9.459999999999829,0.03152400347212647,0.10302689529612832,0.1030375,-0.0007674694061279297,-0.0016575336456250925,0.009164684522394093
9.479999999999835,0.031118832166419707,0.10299661761233536,0.10300000000000001,0.016306400299072266,-0.0013314056396436461,0.010438545037058447
9.499999999999842,0.030613070406604433,0.10296979712162009,0.10297500000000001,-0.004490375518798828,-0.0014212131500196219,-0.0033982648976804003
9.519999999999849,0.030192655792095006,0.10294398907335219,0.10295,0.008824825286865234,-0.0012447166442823166,0.008807524225164665
9.539999999999855,0.029728977463248492,0.10292083005872618,0.102925,0.009966373443603516,-0.0010453891754102457,0.009411883716483327
9.559999999999862,0.029181437016087792,0.10290081811850599,0.1029125,0.003783702850341797,-0.0009697151184034102,0.017661905449828427
9.579999999999869,0.028554093871139545,0.10288386710463737,0.1028875,0.011166572570800781,-0.0007463836669873946,0.007680117009200649
9.599999999999875,0.02796430421546695,0.10286841517529999,0.10287500000000001,-0.010786056518554688,-0.0009621047973584883,-0.0019336269904973724
9.619999999999882,0.027587731919649673,0.10285213625361683,0.10285000000000001,0.014073371887207031,-0.0006806373596143476,-0.002277541897883796
9.639999999999889,0.027179122713627914,0.10283818076804732,0.1028375,-0.0016379356384277344,-0.0007133960723829018,-0.007927262189282198
9.659999999999895,0.026740020818728363,0.10282650169540244,0.102825,0.01512908935546875,-0.0004108142852735271,-0.000653000517886592
9.679999999999902,0.026161770749347828,0.10281848304633452,0.102825,0.0038480758666992188,-0.0003338527679395428,0.012205109347664722
9.699999999999909,0.025346810844408374,0.10281535697215687,0.102825,0.013790130615234375,-5.805015563485517e-05,0.018139417513416682
9.719999999999915,0.02451887392459244,0.1028141768274977,0.1028125,-0.006495237350463867,-0.0001879549026441325,-0.008398341707456954
9.739999999999922,0.024065259384116206,0.10280985293383096,0.1028125,-0.008282661437988281,-0.00035360813140389817,-0.003880599536714175
9.759999999999929,0.023640548903878924,0.10280682111317241,0.1028125,0.022398948669433594,9.437084198477367e-05,0.022195111894163826
9.779999999999935,0.022878191664954507,0.10280981391602728,0.1028125,0.0075702667236328125,0.00024577617645742995,0.008152888742166485
9.799999999999942,0.02213840954132504,0.102814118473221,0.1028125,-0.0080108642578125,8.555889130117988e-05,-0.009608684938958403
9.819999999999949,0.021705770695659637,0.10281598526933075,0.1028125,0.0021386146545410156,0.0001283311843920002,-0.0018114783404047704
9.839999999999955,0.021218568235931035,0.10282006533248758,0.102825,0.014737129211425781,0.00042307376862051586,0.017784249838505052
9.859999999999962,0.020408253851529654,0.10282981941468443,0.1028375,0.010951995849609375,0.0006421136856127031,0.024328412728453527
9.879999999999969,0.019446628950106654,0.10284297539543968,0.10285000000000001,-0.004089832305908203,0.0005603170394945391,0.008958844880538486
9.899999999999975,0.01866695464595436,0.10285514659465406,0.10285000000000001,-0.007541656494140625,0.00040948390961172663,-0.017565445545594874
9.919999999999982,0.01824056099834471,0.10286404425043259,0.10286250000000001,-0.0067598819732666016,0.00027428627014639483,-0.011858807953621488
9.939999999999989,0.017980225760197695,0.1028720535608225,0.10287500000000001,0.022882461547851562,0.0007319355011034263,0.02731514905863706
9.959999999999996,0.01727736177864887,0.10288705238679426,0.1028875,0.015735626220703125,0.0010466480255174888,0.016451423615293365
9.980000000000002,0.016285550636699547,0.10290702272703714,0.1029125,-0.012814521789550781,0.0007903575897264729,-0.0006837545793204024
10.000000000000009,0.015525672338077516,0.10292514404018135,0.102925,0.000274658203125,0.0007958507537889732,-0.0036489329186217313
10.020000000000016,0.015005757065803099,0.10294124800150566,0.1029375,-0.004880189895629883,0.0006982469558763753,-0.01091340100628179
10.040000000000022,0.01466864719167022,0.10295602969580643,0.10295,0.0074443817138671875,0.0008471345901537187,-0.002003066161029906
10.060000000000029,0.014175708680581498,0.10297385474376307,0.10297500000000001,0.011707305908203125,0.001081280708317781,0.01495065781439698
10.080000000000036,0.01340160096943633,0.10299632546848,0.10300000000000001,0.011691570281982422,0.0013151121139574294,0.020089143063075666
10.100000000000042,0.012440734544095363,0.1030221776310297,0.103025,-0.006932973861694336,0.0011764526367235419,0.0013557329852318528
10.120000000000049,0.011679345655781928,0.10304633790789636,0.10305,-0.009895563125610352,0.0009785413742113343,0.0004322350465117697
10.140000000000056,0.011185726517698837,0.10306785569860805,0.1030625,0.005736351013183594,0.001093268394475006,-0.004773580254105736
10.160000000000062,0.010779789119733547,0.10308902400431999,0.1030875,-0.003634214401245117,0.0010205841064501039,-0.001583307076033786
10.180000000000069,0.010365827648034072,0.10311105306168675,0.10311250000000001,0.016146183013916016,0.0013435077667284252,0.02101827600345923
10.200000000000076,0.009651853624312796,0.10313770785146638,0.10313750000000001,0.005839347839355469,0.0014602947235155355,0.008530551455569468
10.220000000000082,0.008859032951553044,0.10316608333189048,0.1031625,-0.01110219955444336,0.0012382507324266692,-0.014695186494696807
10.240000000000089,0.00832328929715645,0.10319176514105194,0.1031875,-0.0060882568359375,0.001116485595707919,-0.013355400347949721
10.260000000000096,0.00799587722055587,0.10321533589245696,0.1032125,0.008387088775634766,0.0012842273712206137,0.005629992428587884
10.280000000000102,0.007514712892224695,0.10324146559425984,0.10323750000000001,0.010881900787353516,0.0015018653869676832,0.006143059984370872
10.300000000000109,0.00684051765883614,0.1032706408473922,0.103275,-0.0033202171325683594,0.0014354610443163163,0.012230015116958103
10.320000000000116,0.0061085550669244095,0.1033010669197028,0.1033,0.007079601287841797,0.001577053070073152,0.006869783590624304
10.340000000000122,0.0054441090341062915,0.10333107027855991,0.103325,-0.014533281326293945,0.0012863874435472737,-0.019805268270932982
10.360000000000129,0.005111444986221712,0.10335716944442949,0.10335000000000001,-0.0038802623748779297,0.0012087821960497147,-0.012977995305568993
10.380000000000136,0.004864847821256337,0.10338251494791968,0.10337500000000001,0.01272726058959961,0.0014633274078417072,0.0012364480766323578
10.400000000000142,0.004353364486237783,0.10341164521289936,0.1034125,0.006646156311035156,0.0015962505340624113,0.013270983288293323
10.42000000000015,0.003608452116653171,0.10344413006023556,0.1034375,0.005468845367431641,0.0017056274414110446,-0.0038907968556096614
10.440000000000156,0.002888553436334093,0.10347657427309204,0.10347500000000001,-0.020769596099853516,0.001290235519413974,-0.016790498829825362
10.460000000000163,0.002505851254645451,0.10350487067144365,0.10350000000000001,0.007289886474609375,0.0014360332489061617,-0.0011844492858586499
10.48000000000017,0.002149234448085057,0.10353301735974081,0.103525,0.0005893707275390625,0.001447820663456944,-0.0075763885078701
10.500000000000176,0.0017611725165933723,0.10356173632755343,0.1035625,0.0007052421569824219,0.0014619255065965928,0.010379147819676235
10.520000000000183,0.001263168897615924,0.10359202137334987,0.1035875,0.013996124267578125,0.0017418479919481561,0.009401311496089922
10.54000000000019,0.0005713672686127699,0.10362493458928117,0.10362500000000001,-0.01613330841064453,0.001419181823735265,-0.008915638480448806
10.560000000000196,0.0001388084176259138,0.10365455354705658,0.10365,-0.000606536865234375,0.001407051086430578,-0.006453210974211414
10.580000000000203,-0.00015207515116550651,0.10368236204992398,0.103675,-0.004227161407470703,0.001322507858281164,-0.012482548060222028
10.60000000000021,-0.00034074267990716746,0.10370884594793996,0.1037,0.0032372474670410156,0.001387252807621984,-0.008175892558068155
10.620000000000216,-0.0006216789947468836,0.10373651338269033,0.10373750000000001,0.0051555633544921875,0.0014903640747118269,0.015209267596315006
10.640000000000223,-0.001117111328353857,0.10376693670219954,0.10376250000000001,0.01336812973022461,0.0017577266693163199,0.009656884861687191
10.66000000000023,-0.0018030577761794485,0.10379978287561252,0.1038,-0.02037978172302246,0.0013501310348558715,-0.012499355702325927
10.680000000000236,-0.002169370875092304,0.10382838749296275,0.103825,-0.002073526382446289,0.0013086605072069452,-0.007389209412461545
10.700000000000243,-0.0023433035555495496,0.10385436190971475,0.10385000000000001,-0.0033731460571289062,0.0012411975860643664,-0.006071846681220509
10.72000000000025,-0.0024483585607008237,0.10387928888376081,0.10387500000000001,0.005301475524902344,0.0013472270965624127,0.00283083871414928
10.740000000000256,-0.00267269238459,0.10390560191103781,0.1039,0.004291534423828125,0.0014330577850389752,-0.0004690277414741949
10.760000000000263,-0.0030104782107808685,0.10393321681457175,0.103925,-0.003946781158447266,0.0013541221618700295,-0.013208715546620623
10.78000000000027,-0.0033092760539943184,0.1039601356918474,0.1039625,-0.004707813262939453,0.00125996589661124,0.0064210262922473164
10.800000000000276,-0.003633822047876939,0.10398717548231695,0.10398750000000001,0.014240741729736328,0.0015447807312059666,0.017102665891416558
10.820000000000283,-0.004124106181330183,0.10401613519036826,0.10401250000000001,-0.013271570205688477,0.0012793493270921972,-0.012905627598753782
10.84000000000029,-0.004330119999810527,0.10404114499581575,0.1040375,-0.012367486953735352,0.00103199958801749,-0.013963414046736771
10.860000000000296,-0.004292638882599572,0.10406270454230002,0.1040625,0.006543159484863281,0.0011628627777147554,0.010493976241688872
10.880000000000303,-0.004414421860675333,0.10408603557096859,0.1040875,0.010632991790771484,0.0013755226135301849,0.018790728793902853
10.90000000000031,-0.004792352350892782,0.104112397421039,0.10411250000000001,-0.004166364669799805,0.0012921953201341892,0.0026953123505290416
10.920000000000316,-0.005091031690302483,0.10413742093218359,0.10413750000000001,-0.01114654541015625,0.0010692644119310645,-0.005176242650163226
10.940000000000323,-0.00516929234886414,0.10415924718527628,0.10415,-0.0012617111206054688,0.0010440301895189555,-0.01453951873183739
10.96000000000033,-0.005130092550978968,0.10417919707915707,0.104175,-0.005239248275756836,0.0009392452240038192,-0.007560120315603276
10.980000000000336,-0.005103682232246452,0.10419895873964843,0.1042,0.015123367309570312,0.0012417125701952247,0.021148019919258326
11.000000000000343,-0.005448298409855704,0.10422318800402473,0.104225,0.004397392272949219,0.0013296604156542088,0.012876052809815963
11.02000000000035,-0.005900814444807473,0.10424846369733091,0.10425000000000001,-0.014538288116455078,0.001038894653325107,-0.006325936380826309
11.040000000000356,-0.006074566239248036,0.10426973708287131,0.10426250000000001,-0.009798288345336914,0.0008429288864183685,-0.02157673653361982
11.060000000000363,-0.005875376083709076,0.10428575913068273,0.104275,-0.006636857986450195,0.0007101917266893646,-0.019404089860096934
11.08000000000037,-0.005622904146625662,0.10430067520845392,0.1043,0.01389312744140625,0.0009880542755174894,0.016167125679921485
11.100000000000376,-0.005811193703084709,0.10432091735030988,0.104325,0.018214702606201172,0.0013523483276415135,0.0317489030369191
11.120000000000383,-0.006428503673353815,0.10434634375668532,0.10435,-0.010053634643554688,0.0011512756347704192,0.001219775447553386
11.14000000000039,-0.006842291775486391,0.10436871872796916,0.10436250000000001,-0.024022579193115234,0.0006708240509081146,-0.033551533413015325
11.160000000000396,-0.006594630818341964,0.10438205451805255,0.10437500000000001,-0.013744354248046875,0.00039593696594717733,-0.023676782765116096
11.180000000000403,-0.006066463066600347,0.1043912813750265,0.10438750000000001,0.020170211791992188,0.0007993412017870208,0.01582680198951137
11.20000000000041,-0.006028183485947323,0.10440642857385486,0.1044125,0.01645946502685547,0.0011285305023241304,0.03564623396649204
11.220000000000416,-0.006535954182730144,0.10442825412113493,0.104425,0.001190185546875,0.0011523342132616313,-0.0021318954941658592
11.240000000000423,-0.006962262562393109,0.104448601518564,0.10445,-0.03568410873413086,0.0004386520385790138,-0.0259402305692907
11.26000000000043,-0.006765096808114913,0.10446039397847112,0.10445,0.006089687347412109,0.0005604457855272558,-0.012800919057202195
11.280000000000436,-0.006427135453088949,0.1044698829082043,0.1044625,-0.0001423358917236328,0.0005575990676927832,-0.006146542715896263
11.300000000000443,-0.0062610683705996775,0.10448114712404535,0.104475,0.016014575958251953,0.0008778905868578226,0.008459088725929736
11.32000000000045,-0.006515009007216679,0.10449742991125824,0.10450000000000001,-0.0009562969207763672,0.0008587646484422954,0.0074920415683240715
11.340000000000456,-0.006901206282491003,0.10451499738862503,0.10451250000000001,-0.004904508590698242,0.000760674476628331,-0.010548688587669061
11.360000000000463,-0.0070392420536127724,0.1045288894396387,0.104525,-0.021863937377929688,0.0003233957290697375,-0.026635360970107998
11.38000000000047,-0.006673925217155357,0.1045357689039286,0.1045375,0.0010972023010253906,0.0003453397750902452,0.013129101550451413
11.400000000000476,-0.0064503117833943574,0.10454401045208159,0.1045375,0.024119853973388672,0.0008277368545580183,0.014567676681948392
11.420000000000483,-0.0066239018508280996,0.10455695938386492,0.1045625,-0.014933109283447266,0.000529074668889073,0.0070202913723727955
11.44000000000049,-0.006808455611696738,0.10456960525750976,0.104575,0.008095264434814453,0.0006909799575853618,0.019808814558723645
11.460000000000496,-0.007017575894172926,0.10458211298416258,0.104575,-0.012004852294921875,0.000450882911686924,-0.01994532715031152
11.480000000000503,-0.0069310510455902535,0.10459031071392018,0.1045875,-0.02079033851623535,3.507614136221685e-05,-0.025039413073746714
11.50000000000051,-0.00648677030063081,0.1045933821514729,0.1045875,0.01549530029296875,0.0003449821472215918,0.00492437390214661
11.520000000000516,-0.00622912199261842,0.10459841029314514,0.1046,0.007372856140136719,0.0004924392700243261,0.015083299320433535
11.540000000000523,-0.006324204122660662,0.10460758172068962,0.10461250000000001,0.003981113433837891,0.0005720615387010844,0.018001762982895908
11.56000000000053,-0.006554049212289971,0.10461807556313522,0.10461250000000001,-0.009123086929321289,0.00038959980011465847,-0.015640098974585254
11.580000000000537,-0.0065393708568836995,0.10462495622355839,0.10462500000000001,-0.021428346633911133,-3.896713256356413e-05,-0.022332323637506153
11.600000000000543,-0.006214187869655561,0.10462735514885914,0.10462500000000001,0.011389732360839844,0.00018882751465323274,0.0026507012803715776
11.62000000000055,-0.0059332659319538475,0.10462988708467412,0.10462500000000001,0.003719329833984375,0.0002632141113329203,0.0009433070276458969
11.640000000000557,-0.005729018614111188,0.10463299499175076,0.10463750000000001,0.0006494522094726562,0.00027620315552237366,0.015624999061811674
11.660000000000563,-0.005825665043983565,0.10463960806786698,0.10463750000000001,0.00867319107055664,0.0004496669769335067,0.00347295032524929
11.68000000000057,-0.005925093204124235,0.10464586454280275,0.10465,-0.02149200439453125,1.9826889042881654e-05,-0.011510711739023738
11.700000000000577,-0.005847345383454747,0.10464941900483664,0.10465,0.0020041465759277344,5.990982056143636e-05,-0.004513544142058911
11.720000000000583,-0.005632862490130428,0.10465079332048889,0.10465,-0.004899501800537109,-3.808021544930582e-05,-0.006718187448580905
11.74000000000059,-0.0053331449703118445,0.10465066409156241,0.10465,0.003513336181640625,3.2186508183506696e-05,0.0017398973366227902
11.760000000000597,-0.005116821861278081,0.10465123802080371,0.10465,0.004750728607177734,0.00012720108032706135,0.0037740339947794667
11.780000000000603,-0.004990481848872419,0.10465262027251618,0.10465,-0.000858306884765625,0.00011003494263174885,-0.001536424046911883
11.80000000000061,-0.004843806830092257,0.10465339097539388,0.10465,-0.002355337142944336,6.292819977286217e-05,-0.0032492325929423496
11.820000000000617,-0.004662398439022898,0.10465337167869343,0.10465,0.0008511543273925781,7.99512863207137e-05,3.2130560458300435e-05
11.840000000000623,-0.004514347098163356,0.10465345746702474,0.10465,0.0017480850219726562,0.0001149129867601668,0.001363805453341204
11.86000000000063,-0.004472008683477699,0.10465459944251843,0.1046625,-0.0005621910095214844,0.00010366916656973709,0.014063027976283341
11.880000000000637,-0.004720756800765723,0.10465921383644411,0.1046625,0.003105640411376953,0.0001657819747972762,0.0005086807207985633
11.900000000000643,-0.004827071590903028,0.10466166917308746,0.1046625,-0.02354264259338379,-0.0003050708770703996,-0.022985380006079095
11.92000000000065,-0.0043674046474705824,0.10465644865752315,0.10465,-0.0020456314086914062,-0.0003459835052442279,-0.01037438768218777
11.940000000000657,-0.0037700863090617204,0.10464911574846236,0.10465,0.012811660766601562,-8.975028991219672e-05,0.016828169909413968
11.960000000000663,-0.003669744835940941,0.10464794964371144,0.10465,0.01805877685546875,0.0002714252471971783,0.02025313384580976
11.98000000000067,-0.003910593161143119,0.10465096101035079,0.10465,-0.012694358825683594,1.7538070683506364e-05,-0.010172377772979097
12.000000000000677,-0.0038969948793633816,0.10465041278207987,0.10465,-0.015156269073486328,-0.00028558731078622023,-0.014645730074349307
12.020000000000683,-0.003654554453266356,0.10464662351822722,0.10465,0.004099845886230469,-0.00020359039306161073,0.0046076253594485896
12.04000000000069,-0.0033928107057215992,0.10464232206479653,0.10463750000000001,0.006731986999511719,-6.89506530713764e-05,0.00327458305929911
12.060000000000697,-0.0031524105240661516,0.10463805198165137,0.10463750000000001,-0.004877328872680664,-0.00016649723052498966,0.0009995510074917624
12.080000000000704,-0.0030508343151554804,0.10463535698197637,0.10463750000000001,0.008302688598632812,-4.4345855233337487e-07,0.01025201310780845
12.10000000000071,-0.0031525524291255063,0.1046350890784582,0.10463750000000001,-0.0035505294799804688,-7.145404815194274e-05,-0.0007444948835288187
12.120000000000717,-0.003212816070615793,0.10463407263978568,0.10463750000000001,-0.009753227233886719,-0.00026651859282967715,-0.007540089693138637
12.140000000000724,-0.0030284386231429284,0.10462966249941469,0.10462500000000001,-0.0029726028442382812,-0.0003259706497144426,-0.010593844986460108
12.16000000000073,-0.0026397744211190785,0.10462238112393638,0.10462500000000001,-0.00011444091796875,-0.0003282594680738177,0.005558010832949919
12.180000000000737,-0.002439983102408621,0.10461735276666205,0.10461250000000001,0.016382217407226562,-6.151199292864657e-07,0.007482292939808337
12.200000000000744,-0.002342671806137294,0.1046134794002774,0.10461250000000001,-0.010102987289428711,-0.0002026748657178607,-0.0030840675384364853
12.22000000000075,-0.002285509944703356,0.10460996202791828,0.10461250000000001,0.004745006561279297,-0.00010777473449227482,0.007241219408165203
12.240000000000757,-0.0023842349101109105,0.10460831008930996,0.10461250000000001,-0.0018038749694824219,-0.0001438522338819232,0.0016586027452803968
12.260000000000764,-0.00248716310310746,0.10460655501378448,0.1046,-0.008691072463989258,-0.0003176736831617082,-0.030424043839059767
12.28000000000077,-0.0021333739788624703,0.10459870493021364,0.1046,-0.018500089645385742,-0.0006876754760694231,-0.013761031490439552
12.300000000000777,-0.0015447093439684718,0.10458763881490342,0.1045875,0.028500080108642578,-0.00011767387389657153,0.026878799820874592
12.320000000000784,-0.0014977773145189361,0.10458347295579631,0.1045875,0.006245613098144531,7.238388066319087e-06,0.015331711349040126
12.34000000000079,-0.001768747908294211,0.10458333310105931,0.1045875,-0.008206844329833984,-0.00015689849853036064,-0.0038604975909822363
12.360000000000797,-0.0018742193071689475,0.10458093727333556,0.104575,-0.014137029647827148,-0.0004396390914869035,-0.028763747095103324
12.380000000000804,-0.0014625526512462002,0.10457170183215422,0.1045625,-0.009157419204711914,-0.0006227874755811421,-0.02893341989934786
12.40000000000081,-0.0008501415841859148,0.10455973799844141,0.1045625,0.014063358306884766,-0.00034152030944344667,0.019175948715201292
12.420000000000817,-0.0008311358893996216,0.10455539106096685,0.1045625,0.02758169174194336,0.00021011352539542058,0.032441253882895364
12.440000000000824,-0.0013625666285467918,0.10455813814104858,0.1045625,-0.016553878784179688,-0.00012096405028817322,-0.010715202562502479
12.46000000000083,-0.0014565432849994754,0.10455513919204243,0.10455,-0.025342226028442383,-0.000627808570857021,-0.03209678993619583
12.480000000000837,-0.000851420583631445,0.1045429632069206,0.1045375,0.0008397102355957031,-0.0006110143661451073,-0.005894196290793111
12.500000000000844,-0.00034278344105253075,0.10453194909719936,0.1045375,0.026317119598388672,-8.467197417733367e-05,0.033443845484556145
12.52000000000085,-0.0006144072871475497,0.1045310209280416,0.1045375,0.01260995864868164,0.00016752719879629914,0.018700090940404965
12.540000000000857,-0.0010992707721067818,0.10453283703119147,0.104525,-0.025928735733032227,-0.00035104751586434544,-0.042077604540795274
12.560000000000864,-0.0007688598335724505,0.10452401484530213,0.10451250000000001,-0.026566743850708008,-0.0008823823928785059,-0.04713998312366915
12.58000000000087,8.612443566428127e-05,0.1045083082723834,0.10450000000000001,0.022459030151367188,-0.00043320178985116193,0.005326194219708008
12.600000000000877,0.0004824423779212327,0.10449852139717655,0.10450000000000001,0.029331207275390625,0.00015342235565665057,0.0370202921131414
12.620000000000884,6.787977335694254e-05,0.1044992809868208,0.10451250000000001,0.005839347839355469,0.00027020931244376,0.036855434303788695
12.64000000000089,-0.0007851446448251945,0.10450576111194243,0.10451250000000001,-0.014657020568847656,-2.293109893319314e-05,-0.01218849671371489
12.660000000000897,-0.0010609020319539756,0.1045047353210713,0.10450000000000001,-0.04147624969482422,-0.0008524560928296773,-0.050490061309062265
12.680000000000904,-0.00024105198769138524,0.10448941865497045,0.10448750000000001,-7.152557373046875e-06,-0.0008525991439771382,-0.0032591540023045075
12.70000000000091,0.0005883565139195167,0.10447391703234223,0.104475,0.04075956344604492,-3.7407875056239616e-05,0.04442848264908865
12.720000000000917,0.0004669257343446741,0.10447076422481655,0.104475,0.012512683868408203,0.0002128458023119244,0.023255796128849593
12.740000000000924,-5.093419384778349e-05,0.10447280166010885,0.104475,-0.019464969635009766,-0.0001764535903882709,-0.014316955623947858
12.76000000000093,-0.00020342949833730684,0.10447011649884945,0.104475,-0.019173860549926758,-0.0005599308013868062,-0.01660836285183139
12.780000000000937,0.0001560468665687637,0.10446077508002038,0.1044625,0.00473785400390625,-0.00046517372130868106,0.004859145642595211
12.800000000000944,0.0005535496592870398,0.10445093195794045,0.10445,0.008275508880615234,-0.0002996635436963762,0.010686688581929712
12.82000000000095,0.0006873860144754637,0.10444453051118903,0.10445,0.0067119598388671875,-0.0001654243469190324,0.014886834283621399
12.840000000000957,0.00046916962940598764,0.10444274277145862,0.1044375,0.0023317337036132812,-0.0001187896728467669,-0.018120770660618544
12.860000000000964,0.0005336829926376674,0.10443732924483,0.1044375,-0.026714086532592773,-0.0006530714034986224,-0.020959630403221585
12.88000000000097,0.0009337933860946614,0.10442758830526337,0.104425,0.020978450775146484,-0.00023350238799569266,0.01321077103615538
12.900000000000977,0.001050813353137875,0.10442156681627268,0.104425,0.008385658264160156,-6.578922271248947e-05,0.01644348603770299
12.920000000000984,0.0007895281783935629,0.10442052584357703,0.104425,0.001132965087890625,-4.312992095467698e-05,0.005455423467841185
12.94000000000099,0.0004922642261217584,0.10442002030058316,0.104425,-0.014153480529785156,-0.0003261995315503802,-0.010587337027080673
12.960000000000997,0.0006665384124177581,0.10441344010217815,0.1044125,-0.007254838943481445,-0.000471296310420009,-0.007266212464838041
12.980000000001004,0.0010453650333343881,0.1044042387655052,0.1044,0.005139827728271484,-0.00036849975585457934,-0.00030943462621503895
13.00000000000101,0.001319096186617173,0.10439645412823972,0.1044,0.01146697998046875,-0.00013916015624520432,0.01826812945956554
13.020000000001017,0.0011305975912920417,0.10439474980251405,0.1044,0.010195255279541016,6.4744949345616e-05,0.014388543674936053
13.040000000001024,0.0007424411340760085,0.10439572710775494,0.1044,-0.014897346496582031,-0.00023320198058602462,-0.011011674847547469
13.06000000000103,0.0008010920930151261,0.10439097292371159,0.10438750000000001,-0.012538433074951172,-0.0004839706420850482,-0.016028092841730367
13.080000000001037,0.001209176904378978,0.10438172978463142,0.10437500000000001,0.004630565643310547,-0.0003913593292188371,-0.007573730267549983
13.100000000001044,0.0015677337633110797,0.10437319206701745,0.10437500000000001,0.01329946517944336,-0.00012537002562996988,0.01919363598658814
13.12000000000105,0.0014202861827504762,0.1043713155844835,0.10437500000000001,0.015346527099609375,0.0001815605163622176,0.01922412598726397
13.140000000001058,0.0009845847627219728,0.10437328953454303,0.10437500000000001,-0.014963150024414062,-0.00011770248412606363,-0.011157473087370463
13.160000000001064,0.0008417480925558459,0.10437154924993652,0.10437500000000001,-0.015091180801391602,-0.00041952610015389574,-0.013437762053758098
13.18000000000107,0.001131066990080564,0.10436426070662401,0.10436250000000001,0.004311561584472656,-0.00033329486846444287,0.0019757857377679985
13.200000000001078,0.0013681656402548298,0.1043577113040946,0.10436250000000001,0.007425785064697266,-0.00018477916717049765,0.013903613539130045
13.220000000001084,0.0013777168550960165,0.10435420058485086,0.10435,0.00935983657836914,2.417564396885165e-06,0.0052274109180887925
13.240000000001091,0.0013884936758163022,0.10435076791636366,0.10435,-0.01141047477722168,-0.0002257919311475484,-0.005096794554309879
13.260000000001098,0.0014048659964522206,0.10434735643153498,0.10435,0.007636070251464844,-7.307052611825148e-05,0.009271506815459627
13.280000000001104,0.0012339685896381415,0.1043464724878002,0.10435,0.0011458396911621094,-5.015373229500927e-05,0.0038460730863779805
13.300000000001111,0.0010317679589817406,0.10434608868700114,0.10435,-0.008118867874145508,-0.0002125310897779194,-0.005815993125788118
13.320000000001118,0.0010479543986696464,0.10434294982517407,0.1043375,-0.004699230194091797,-0.00030651569365975544,-0.015061092463255422
13.340000000001124,0.0013665037032113009,0.10433595367727842,0.1043375,-0.001352548599243164,-0.00033356666564461873,0.0033273259797662186
13.360000000001131,0.0014537961037956897,0.1043320372910832,0.1043375,0.02089977264404297,8.442878723624056e-05,0.023006143309658715
13.380000000001138,0.0011208152900937108,0.10433367585361887,0.1043375,-0.0039789676666259766,4.849433903721052e-06,-0.000520284297666403
13.400000000001144,0.0009275192841804476,0.10433359529105803,0.104325,-0.016644716262817383,-0.0003280448913526266,-0.03271301530503396
13.420000000001151,0.0013419998914832238,0.1043256939575332,0.104325,-0.008670330047607422,-0.0005014514923047749,-0.005615900623853571
13.440000000001158,0.0017448025534959938,0.10431801351426348,0.1043125,0.03257417678833008,0.00015003204346182656,0.024152016165951355
13.460000000001164,0.0015037965801731462,0.10431879307723599,0.104325,0.0009055137634277344,0.00016814231873038126,0.011766295549154307
13.480000000001171,0.000987138229132448,0.1043232704263935,0.104325,-0.005135536193847656,6.543159485342812e-05,-0.006861823374215304
13.500000000001178,0.0007725481848758211,0.1043239185177395,0.104325,-0.022160768508911133,-0.00037778377532479446,-0.021259681040652723
13.520000000001184,0.001121099882462925,0.10431731576234722,0.1043125,0.0028238296508789062,-0.0003213071823072161,-0.0028183797619540617
13.540000000001191,0.0014891426000555716,0.10431051648497504,0.1043125,0.0130462646484375,-6.0381889338466006e-05,0.018064416635374753
13.560000000001198,0.001387607291313236,0.10430989987395788,0.1043125,0.013818740844726562,0.00021599292755606521,0.016313136534137556
13.580000000001204,0.001047104793451808,0.10431248893402079,0.1043125,-0.012644290924072266,-3.689289092538007e-05,-0.010404954284897221
13.600000000001211,0.0009723370597720636,0.10431171563221,0.1043125,-0.011543512344360352,-0.0002677631378125872,-0.011255951346931112
13.620000000001218,0.0011009967396598873,0.10430836936757878,0.1043,0.005587577819824219,-0.00015601158141610288,-0.015292930473640075
13.640000000001224,0.0014193625246969254,0.10430262926106107,0.1043,-0.0036814212799072266,-0.0002296400070142473,-8.889191745519841e-05
13.660000000001231,0.0015700563844501688,0.1042991465641401,0.1043,0.022308826446533203,0.00021653652191641677,0.023065412747364875
13.680000000001238,0.0012859412736654179,0.10430141224421367,0.1043,-0.0004699230194091797,0.00020713806152823316,0.0018545404597845629
13.700000000001245,0.0008162918028635876,0.10430618963226536,0.1043125,-0.015314340591430664,-9.914875030038014e-05,-0.012073744183754904
13.720000000001251,0.000691735597608873,0.10430656560408942,0.1043,-0.0039424896240234375,-0.0001779985427808489,-0.017457759003840338
13.740000000001258,0.0010208786963048595,0.10430110076935452,0.1043,-0.00761103630065918,-0.0003302192687940325,-0.0042320460127109145
13.760000000001265,0.0012515811680448056,0.10429696604448227,0.1043,0.023727893829345703,0.0001443386077928816,0.02415006953106522
13.780000000001271,0.0010095028662508818,0.10429904693066759,0.1043,0.002224445343017578,0.0001888275146532331,0.004601712374769284
13.800000000001278,0.0007729258995470953,0.10430113927939445,0.1043,-0.015973806381225586,-0.00013064861297127863,-0.0151340333010655
13.820000000001285,0.0008476963136332264,0.10429925194532104,0.1043,-0.0034360885620117188,-0.0001993703842115129,-0.004001308801533359
13.840000000001291,0.0009478999632923656,0.10429708731354669,0.1043,0.009253978729248047,-1.4290809626551942e-05,0.009542652283872091
13.860000000001298,0.0008548719883744069,0.10429749247055795,0.1043,0.0021500587463378906,2.8710365300205874e-05,0.0033742986722297107
13.880000000001305,0.0007362284368163509,0.10429829423279761,0.1043,-0.00651097297668457,-0.00010150909423348554,-0.00580337503046938
13.900000000001311,0.0008047142389473822,0.10429672243836624,0.1042875,-0.0025391578674316406,-0.0001522922515821183,-0.017236628666872096
13.920000000001318,0.001193330098320454,0.10429104414278201,0.1042875,-0.001359701156616211,-0.0001794862747144424,0.0014554140463478391
13.940000000001325,0.0013754374725597957,0.10428810872082739,0.1042875,0.024295806884765625,0.0003064298629808701,0.024505675596670128
13.960000000001331,0.0009856080403865058,0.10429268694407752,0.1043,-0.0006923675537109375,0.00029258251190665134,0.010659663200788698
13.980000000001338,0.00044736603415405424,0.10429928212177217,0.1043,-0.014208555221557617,8.411407475498924e-06,-0.017229949617863255
14.000000000001345,0.00040171499528081985,0.10429953715899513,0.1043,-0.0201108455657959,-0.00039380550384041904,-0.021173815015594323
14.020000000001351,0.0008441846541749295,0.10429348123209717,0.1042875,0.01087188720703125,-0.00017636775969979393,0.0021458375219255005
14.040000000001358,0.001212330164419105,0.10428842426854112,0.1042875,0.013475418090820312,9.314060211661233e-05,0.017561535815454256
14.060000000001365,0.0011357256962426952,0.10428920895618309,0.1042875,0.012126445770263672,0.0003356695175218858,0.013231806826046143
14.080000000001371,0.0006331179718315162,0.10429560828158754,0.1043,-0.010784626007080078,0.00011997699738028419,-0.0075939466605097865
14.100000000001378,0.0003161511887201942,0.10429966621705507,0.1043,-0.010213136672973633,-8.428573607918848e-05,-0.01474680626677645
14.120000000001385,0.0003761240357432354,0.10429886505397747,0.1043,-0.008191108703613281,-0.0002481079101514541,-0.009215646227153231
14.140000000001391,0.0007034040672823715,0.10429461467858316,0.1042875,0.009504318237304688,-5.802154540536026e-05,0.0014428807986729825
14.160000000001398,0.001012847082182212,0.10429062647901396,0.1042875,0.0060253143310546875,6.24847412157335e-05,0.009816231375006888
14.180000000001405,0.0009372733839394858,0.10429169201687731,0.1043,0.012785911560058594,0.00031820297241690537,0.02513564491235984
14.200000000001411,0.0003917036330176152,0.10429893150588178,0.1043,-0.0027794837951660156,0.000262613296513585,-0.0050939674886315775
14.220000000001418,0.00015819905775285578,0.10430217372237297,0.1043,-0.028937101364135742,-0.0003161287307691298,-0.029570864204407653
14.240000000001425,0.0004735444267928057,0.10429830801039555,0.1043,0.0035390853881835938,-0.0002453470230054577,0.0012297446249673436
14.260000000001432,0.0006581303635454921,0.10429615546183324,0.1043,0.019299030303955078,0.00014063358307364387,0.01928102899181109
14.280000000001438,0.00047939463475215086,0.10429875874481948,0.1043,-0.0003848075866699219,0.00013293743134024555,0.0007835255442304248
14.300000000001445,0.00035784137902242317,0.10430066238673258,0.1043,-0.011931896209716797,-0.00010570049285409037,-0.012214443884795355
14.320000000001452,0.0004744307059568668,0.10429950298810362,0.1043,-3.647804260253906e-05,-0.0001064300537061411,-0.0012564706422579037
14.340000000001458,0.0005716096484157196,0.10429862151191656,0.1043,0.00835561752319336,6.068229675772606e-05,0.007933890157387767
14.360000000001465,0.0005136732180646262,0.10429978933216932,0.1043,0.0013833045959472656,8.834838867667133e-05,0.0015567255865831897
14.380000000001472,0.00045646280877146997,0.10430098639456999,0.1043,-0.004462480545043945,-9.012222242075452e-07,-0.004830056854762863
14.400000000001478,0.0004988932203914846,0.10430092327497678,0.1043,-0.0003333091735839844,-7.567405695887232e-06,-0.0011948092624493635
14.420000000001485,0.0005478714755069467,0.10430080678549858,0.1043,0.0038208961486816406,6.885051727774557e-05,0.0031969926181985905
14.440000000001492,0.0005327113588015373,0.10430155850250303,0.1043,0.0015392303466796875,9.963512421133927e-05,0.0011783397165936755
14.460000000001498,0.0005081338702844804,0.10430247004292509,0.1043,-0.0012173652648925781,7.528781891348773e-05,-0.0017899539356878704
14.480000000001505,0.0005235997070378078,0.10430289750307017,0.1043,0.00012445449829101562,7.7776908879308e-05,-0.0007095797903022907
14.500000000001512,0.0005475367988427805,0.10430324986881781,0.1043,0.0020813941955566406,0.00011940479279044077,0.001284758745921352
14.520000000001518,0.0004605193476862444,0.10430507871903094,0.1043125,0.0014448165893554688,0.00014830112457755014,0.012758094037173432
14.540000000001525,0.00010714201996659687,0.10431040344199619,0.1043125,0.003028392791748047,0.00020886898041251107,-0.0005219068469300078
14.560000000001532,-6.914015131138399e-05,0.10431345431248296,0.1043125,-0.020637989044189453,-0.00020389080047127802,-0.02125693264370197
14.580000000001538,0.0001591939780678434,0.10431125294063258,0.1043125,0.0009741783142089844,-0.00018440723418709827,-0.0010998867887845399
14.600000000001545,0.0003775835978416765,0.10430917927727472,0.1043125,0.01432657241821289,0.00010212421417715956,0.01950650149516503
14.620000000001552,0.00027004349486745005,0.10431135316516241,0.1043125,0.005719184875488281,0.00021650791168692518,0.006571760513277828
14.640000000001558,0.00010814070873519297,0.10431425864357345,0.1043125,-0.011713743209838867,-1.7766952509852112e-05,-0.011933440623581867
14.660000000001565,0.00019878298458617398,0.10431389935980952,0.1043125,-0.0033860206604003906,-8.548736571785992e-05,-0.004964598855511084
14.680000000001572,0.0003406823024735369,0.10431288243313153,0.1043125,0.008531570434570312,8.514404297354631e-05,0.0074757023757916
14.700000000001578,0.00032134195204371155,0.10431397606310107,0.1043125,0.004118442535400391,0.00016751289368155414,0.003907989389861756
14.720000000001585,0.00025482487163804696,0.10431570612471057,0.1043125,-0.003810882568359375,9.129524231436666e-05,-0.004365936365666101
14.740000000001592,0.00028654399526975723,0.10431618110358107,0.1043125,-0.0014834403991699219,6.162643433096819e-05,-0.0026789142420165215
14.760000000001599,0.00031602147279137597,0.10431670233335086,0.104325,0.0038766860961914062,0.00013916015625479628,0.020556172967968495
14.780000000001605,-3.392228193353887e-05,0.10432217072730869,0.104325,0.009907722473144531,0.00033731460571768696,0.0068587683050460365
14.800000000001612,-0.00032048704442011624,0.10432683331567504,0.104325,-0.025561094284057617,-0.00017390727996346542,-0.025759271990733433
14.820000000001619,-9.01134252620523e-05,0.10432477336175723,0.104325,-0.003696441650390625,-0.000247836112971278,-0.006212452831976887
14.840000000001625,0.00016333984395174435,0.10432239404886194,0.104325,0.017269134521484375,9.754657745840957e-05,0.01625003055152681
14.860000000001632,8.166231444293234e-05,0.1043243665142992,0.104325,0.0048007965087890625,0.0001935625076341909,0.005329995623036246
14.880000000001639,-4.336765699340766e-05,0.10432691311347314,0.104325,-0.009577274322509766,2.017021183995548e-06,-0.009951951163318392
14.900000000001645,4.091327149923453e-05,0.10432674430260544,0.104325,-0.0025513172149658203,-4.9009323115320854e-05,-0.0040472503875865744
14.920000000001652,0.0001654228994814476,0.10432605078167391,0.104325,0.0072956085205078125,9.690284729483538e-05,0.00624134722736713
14.940000000001659,0.00015496050511498087,0.10432711552064936,0.104325,0.003559112548828125,0.00016808509827139788,0.0032020473095922984
14.960000000001665,0.00010561582174834633,0.10432869701690323,0.104325,-0.0029997825622558594,0.00010808944702628073,-0.0036492837872497018
14.980000000001672,2.4248676600151735e-05,0.10433070305278337,0.1043375,-0.0010156631469726562,8.777618408682764e-05,0.007419866920075238
15.000000000001679,-0.0002521310974452938,0.10433524819889173,0.1043375,0.004657745361328125,0.00018093109131339015,0.0006391991411247334
15.020000000001685,-0.00039492425215488557,0.10433805588651567,0.1043375,-0.01719975471496582,-0.00016306400298592632,-0.017787940044354147
15.040000000001692,-0.0001968606603368017,0.10433641575489368,0.1043375,0.00023174285888671875,-0.00015842914580819204,-0.0016477454229056254
15.060000000001699,0.00014068350898027943,0.10433294093769638,0.104325,0.0120849609375,8.327007294180794e-05,0.005793729158195066
15.080000000001705,0.0001559139797673292,0.10433364266686175,0.1043375,0.00276947021484375,0.0001386594772386829,0.00875574187525958
15.100000000001712,-0.00010794745716411675,0.10433798050393692,0.1043375,0.008384227752685547,0.0003063440322923939,0.0043611868764431745
15.120000000001719,-0.00030396924310335864,0.1043414443186925,0.1043375,-0.017925739288330078,-5.2170753474207747e-05,-0.01836608511747008
15.140000000001725,-0.00013382002204406058,0.10434014060116924,0.1043375,-0.002029895782470703,-9.276866912362184e-05,-0.004084100369574212
15.160000000001732,4.572824583436969e-05,0.1043386957997487,0.1043375,0.012581348419189453,0.00015885829926016724,0.011616533637974142
15.180000000001739,-1.336682194976396e-05,0.10434034509854875,0.1043375,0.0034646987915039062,0.00022815227509024528,0.0035797178951051147
15.200000000001745,-0.000340891476896872,0.10434548211717361,0.10435,-0.00658106803894043,9.653091431143665e-05,-0.004569753827004242
15.220000000001752,-0.0005812513372796929,0.10434948097874613,0.10435,-0.003641366958618164,2.3703575139073384e-05,-0.008394181855232281
15.240000000001759,-0.0005599924012442913,0.10435005390632612,0.10435,-0.00977468490600586,-0.00017179012298104379,-0.010790235204409337
15.260000000001765,-0.00036591661116426783,0.10434834184315359,0.10435,0.005759239196777344,-5.660533904549688e-05,0.004632501280790005
15.280000000001772,-0.0003029167045163246,0.1043482971030587,0.10435,0.007322788238525391,8.985042572501094e-05,0.0073219427764650985
15.300000000001779,-0.0003656176307772527,0.10434986186723695,0.10435,-0.002554178237915039,3.8766860966710185e-05,-0.0024154411250137888
15.320000000001786,-0.0003575025652570311,0.10435048538375316,0.10435,-0.0042743682861328125,-4.672050475594606e-05,-0.004867251366421302
15.340000000001792,-0.0002671965947406382,0.10435001616686675,0.10435,0.0019783973693847656,-7.152557368250738e-06,0.001225287086763279
15.360000000001799,-0.00022019236753949352,0.10435008636982303,0.10435,0.0035676956176757812,6.420135498526489e-05,0.0032574518235512885
15.380000000001806,-0.00023290234524526733,0.1043509150371637,0.10435,-0.0003204345703125,5.7792663579014916e-05,-0.0005124293263454062
15.400000000001812,-0.00022551927472720543,0.10435146765981924,0.10435,-0.001615762710571289,2.547740936758913e-05,-0.002101499573014042
15.420000000001819,-0.00018132644832020203,0.10435152628814202,0.10435,0.000812530517578125,4.1728019719151636e-05,0.0002103943919058173
15.440000000001826,-0.00015028998622652266,0.1043517410920779,0.10435,0.0018439292907714844,7.860660553458133e-05,0.001404698916616571
15.460000000001832,-0.00014669604163567424,0.10435230061286939,0.10435,0.000377655029296875,8.615970612051884e-05,6.807815369933197e-06
15.480000000001839,-0.00013927125033724635,0.1043528002836682,0.10435,-0.0003790855407714844,7.857799530508914e-05,-0.0008674022569212922
15.500000000001846,-0.00011633026757850472,0.10435308851011814,0.10435,0.0005307197570800781,8.91923904466907e-05,-2.9330362989306302e-05
15.520000000001852,-0.00011696114398694564,0.10435367346184328,0.10436250000000001,0.0011029243469238281,0.00011125087738516728,0.021781449358103555
15.540000000001859,-0.0004681535942265472,0.10435880195533806,0.10436250000000001,0.01041412353515625,0.00031953334808829223,0.00790637994791328
15.560000000001866,-0.0007729625224807094,0.1043633158520858,0.10436250000000001,-0.026958703994750977,-0.0002196407318067273,-0.02660191203481486
15.580000000001872,-0.000542216569433716,0.10436083537036192,0.10436250000000001,-0.0050275325775146484,-0.0003201913833570202,-0.007088447591806234
15.600000000001879,-3.462403036974339e-05,0.10435471020361099,0.10435,0.017111778259277344,2.2044181828526683e-05,0.014030084965554385
15.620000000001886,0.00018830856481646648,0.10435225397261913,0.10435,0.006853580474853516,0.000159115791325597,0.011426876640681625
15.640000000001892,-5.200248662147199e-05,0.10435581581367688,0.10436250000000001,0.004690647125244141,0.0002529287338304797,0.010617827037024376
15.660000000001899,-0.0004914652972491684,0.10436197505867287,0.10436250000000001,-0.007692575454711914,9.907722473624148e-05,-0.011142610148794667
15.680000000001906,-0.0005598740070776592,0.1043633038920871,0.10436250000000001,-0.01976752281188965,-0.00029627323150155154,-0.020811226024465976
15.700000000001912,-0.00027269642205737744,0.10435997763623699,0.10436250000000001,0.007241249084472656,-0.00015144824981209843,0.005621150274604109
15.720000000001919,3.646873211014151e-05,0.10435633336515976,0.10435,0.013466835021972656,0.0001178884506273547,0.009825355526505396
15.740000000001926,-3.7379289480350026e-05,0.10435764891734878,0.10436250000000001,-0.0017580986022949219,8.272647858145629e-05,0.004992176355639484
15.760000000001932,-0.0003034620187716099,0.10436146371547292,0.10436250000000001,0.005181312561035156,0.00018635272980215933,0.001386093439952748
15.78000000000194,-0.00045863115105095325,0.10436383134229128,0.10436250000000001,-0.0161590576171875,-0.0001368284225415907,-0.016261787217241197
15.800000000001946,-0.00029895121853540764,0.1043620852833813,0.10436250000000001,-0.0007967948913574219,-0.00015276432036873905,-0.0021148274118556955
15.820000000001953,-0.0001600136082204443,0.10436057906065388,0.10436250000000001,0.010528564453125,5.7806968693760956e-05,0.010303472998260559
15.84000000000196,-0.00022757649745183868,0.10436173744611511,0.10436250000000001,0.0014691352844238281,8.718967438223755e-05,0.0021123090392981495
15.860000000001966,-0.0002990858762932401,0.10436293569323096,0.10436250000000001,-0.006505250930786133,-4.29153442334851e-05,-0.0064967361901888425
15.880000000001973,-0.00023970032558528052,0.10436241677483218,0.10436250000000001,-0.0012631416320800781,-6.817817687508666e-05,-0.0018568536117859556
15.90000000000198,-0.00016978761928494637,0.10436174126002845,0.10436250000000001,0.004255771636962891,1.6937255864171143e-05,0.004031641754864641
15.920000000001986,-0.00018499577187055516,0.10436215630961439,0.10436250000000001,0.0012831687927246094,4.2600631718663334e-05,0.0014793501480265337
15.940000000001993,-0.00021477801392754068,0.10436274910540093,0.10436250000000001,-0.0024962425231933594,-7.324218745203851e-06,-0.0025019074158902405
15.960000000002,-0.00019218685960776283,0.10436264843483177,0.10436250000000001,-0.0008704662322998047,-2.4733543391199955e-05,-0.0011557353171670842
15.980000000002006,-0.00015759577146543617,0.10436237741701934,0.10436250000000001,0.0016837120056152344,8.940696721104733e-06,0.0015122881287410739
16.00000000000201,-0.0001570876344325729,0.10436253657877817,0.10436250000000001,0.0008182525634765625,2.530574799063599e-05,0.0008415240003128693
16.020000000002,-0.00016798323026303232,0.10436283323147776,0.10436250000000001,-0.0008955001831054688,7.395744328526612e-06,-0.0009262127527372328
16.04000000000199,-0.00015881432895463072,0.10436285834652843,0.10436250000000001,-0.0004763603210449219,-2.1314620923718246e-06,-0.0006297004983089867
16.060000000001978,-0.0001417116800258086,0.10436276900561074,0.10436250000000001,0.000652313232421875,1.0914802556065678e-05,0.0005309409495185644
16.080000000001966,-0.00013780243092534634,0.10436284046509407,0.10436250000000001,0.0004620552062988281,2.0155906682042243e-05,0.000428761387616417
16.100000000001955,-0.0001408031864797631,0.10436299211060326,0.10436250000000001,-0.0002911090850830078,1.4333724980382073e-05,-0.00033028042033679376
16.120000000001944,-0.00013657566321363562,0.10436304040346847,0.10436250000000001,-0.00022459030151367188,9.841918950108635e-06,-0.0003154153655302247
16.140000000001933,-0.00012811999687724657,0.10436302418921359,0.10436250000000001,0.00025177001953125,1.4877319340733639e-05,0.00016951989369408675
16.160000000001922,-0.00012465512951035873,0.10436306359818284,0.10436250000000001,0.00023889541625976562,1.9655227665928963e-05,0.00019697187925640704
16.18000000000191,-0.00012491370479155464,0.10436314268807956,0.10436250000000001,-7.581710815429688e-05,1.8138885502843036e-05,-0.00011258770546443181
16.2000000000019,-0.00012283253193880623,0.10436318286217497,0.10436250000000001,-0.00010085105895996094,1.612186432364381e-05,-0.00015514854966000927
16.22000000000189,-0.00011870277083617456,0.10436318790479293,0.10436250000000001,9.012222290039062e-05,1.792430878165162e-05,3.941190164419772e-05
16.240000000001878,-0.0001163813687970042,0.10436320809792485,0.10436250000000001,0.00011014938354492188,2.0127296452550075e-05,7.996681662746216e-05
16.260000000001867,-0.00011593878078885994,0.10436324461985927,0.10436250000000001,-1.7881393432617188e-05,1.9769668583897718e-05,-4.0189848603542624e-05
16.280000000001856,-0.00011488129998681645,0.10436326520198935,0.10436250000000001,-5.435943603515625e-05,1.8682479863194585e-05,-7.896637426461103e-05
16.300000000001845,-0.00011291742760591108,0.10436326608950866,0.10436250000000001,1.8596649169921875e-05,1.9054412846593037e-05,-2.444199909487502e-06
16.320000000001833,-0.00011162551488192971,0.10436326787264034,0.10436250000000001,3.4332275390625e-05,1.974105835440553e-05,2.57715184317415e-05
16.340000000001822,-0.00011125912753534269,0.10436327397275423,0.10436250000000001,-2.1457672119140625e-05,1.93119049120227e-05,-2.1426389200799797e-05
16.36000000000181,-0.00011080014274476861,0.10436327123658823,0.10436250000000001,-4.7206878662109375e-05,1.836776733878051e-05,-4.3764468249663825e-05
16.3800000000018,-0.00011001755759092179,0.10436325668578236,0.10436250000000001,-2.002716064453125e-05,1.796722412588987e-05,-1.2030448318323334e-05
16.40000000000179,-0.00010955006487640486,0.10436323865333283,0.10436250000000001,-1.8596649169921875e-05,1.759529114249142e-05,-5.862831646908165e-07
16.420000000001778,-0.00010951919298889569,0.10436321876762267,0.10436250000000001,-4.363059997558594e-05,1.67226791429797e-05,-1.7927208684116692e-05
16.440000000001767,-0.00010950481541012736,0.10436319159575846,0.10436250000000001,-6.437301635742188e-05,1.543521881583125e-05,-3.154648700014759e-05
16.460000000001756,-0.00010931608468496283,0.10436315465875833,0.10436250000000001,-6.079673767089844e-05,1.4219284062413283e-05,-2.0688690919032533e-05
16.480000000001745,-0.00010925237548122093,0.104363111848315,0.10436250000000001,-5.435943603515625e-05,1.313209534171015e-05,-6.578224771328642e-06
16.500000000001734,-0.0001094908182492133,0.10436306547716885,0.10436250000000001,-7.581710815429688e-05,1.1615753178624207e-05,-1.8447566907244884e-05
16.520000000001723,-0.00010974231105059318,0.1043630117894621,0.10436250000000001,-9.512901306152344e-05,9.713172917393733e-06,-2.9688878075285812e-05
16.54000000000171,-0.00010983157889084131,0.10436294849075947,0.10436250000000001,-9.72747802734375e-05,7.767677311924977e-06,-2.3471096223470767e-05
16.5600000000017,-0.00010994428753258999,0.1043628779776623,0.10436250000000001,-9.584426879882812e-05,5.850791935948419e-06,-1.319477534719271e-05
16.58000000000169,-0.00011022740440953635,0.10436280215350174,0.10436250000000001,-0.00011229515075683594,3.6048889208116994e-06,-1.9624375790811975e-05
16.60000000000168,-0.00011052842562340372,0.10436271902691757,0.10436250000000001,-0.00012731552124023438,1.0585784960070128e-06,-2.606266247675437e-05
16.620000000001667,-0.00011075462717355267,0.1043626273730315,0.10436250000000001,-0.0001316070556640625,-1.5735626172742374e-06,-2.18959911199253e-05
16.640000000001656,-0.00011098520803705257,0.10436252820122575,0.10436250000000001,-0.00014019012451171875,-4.3773651075086115e-06,-2.0378383408551043e-05
16.660000000001645,-0.00011123855958781339,0.10436242173518442,0.10436250000000001,-0.00015234947204589844,-7.424354548426577e-06,-2.2735209247615076e-05
16.680000000001634,-0.00011145105330056783,0.10436230713242656,0.10436250000000001,-0.0001652240753173828,-1.072883605477424e-05,-2.5589861631891285e-05
16.700000000001623,-0.00011160476674738284,0.10436218414316129,0.10436250000000001,-0.00017023086547851562,-1.4133453364344545e-05,-2.1465459204984176e-05
16.720000000001612,-0.00011175858649921148,0.10436205351904997,0.10436250000000001,-0.0001823902130126953,-1.7781257624598454e-05,-2.2925020398503336e-05
16.7400000000016,-0.00011187777515238474,0.10436191479866255,0.10436250000000001,-0.000194549560546875,-2.1672248835535966e-05,-2.5020663547948522e-05
16.76000000000159,-0.00011193400172589802,0.1043617676039957,0.10436250000000001,-0.00020313262939453125,-2.5734901423426576e-05,-2.3741938180458968e-05
16.78000000000158,-0.0001119216324934973,0.10436161185523793,0.10436250000000001,-0.000217437744140625,-3.008365630623907e-05,-2.6644395106884856e-05
16.800000000001567,-0.00011179169622136287,0.10436144691388188,0.10436250000000001,-0.0002281665802001953,-3.464698791024295e-05,-2.6610826166022575e-05
16.820000000001556,-0.00011158494136253463,0.10436127331198178,0.10436250000000001,-0.00023317337036132812,-3.9310455317469486e-05,-2.1600205502381696e-05
16.840000000001545,-0.00011135247808300713,0.10436109172442341,0.10436250000000001,-0.00024962425231933594,-4.430294036385619e-05,-2.6211642391853196e-05
16.860000000001534,-0.00011103052068885487,0.10436090133739025,0.10436250000000001,-0.0002582073211669922,-4.946708678719603e-05,-2.508832801408978e-05
16.880000000001523,-0.00011059149679407417,0.10436070181077182,0.10436250000000001,-0.000274658203125,-5.496025084969603e-05,-2.9243561870269472e-05
16.900000000001512,-0.00010999147781128263,0.104360492598155,0.10436250000000001,-0.0002818107604980469,-6.059646605965698e-05,-2.583115218504021e-05
16.9200000000015,-0.00010931652579604965,0.10436027485044146,0.10436250000000001,-0.00028896331787109375,-6.637573241707881e-05,-2.2120956442679002e-05
16.94000000000149,-0.00010860228726877858,0.10436004907387847,0.10436250000000001,-0.0003046989440917969,-7.246971129891471e-05,-2.632438592268041e-05
16.96000000000148,5.516949521321537e-06,0.10435834402649191,0.10435,-0.0003190040588378906,-7.884979247567249e-05,-0.009645805124945048
16.980000000001468,0.00034319820932907357,0.10435372914967865,0.10435,-0.0015664100646972656,-0.00011017799376961777,0.001660222860617077
17.000000000001457,0.0004946268955109204,0.10435153895013045,0.10435,0.019392013549804688,0.000277662277226476,0.019487816696517946
17.020000000001446,0.00010555159206911713,0.10435639484439319,0.10436250000000001,-0.0009055137634277344,0.0002595520019579213,0.006019567928795045
17.040000000001434,-0.0003635016446916943,0.10436231874138217,0.10436250000000001,-0.01334238052368164,-7.295608515711463e-06,-0.016710453345404358
17.060000000001423,-0.0003703551831964164,0.1043622380165694,0.10436250000000001,-0.01731562614440918,-0.000353608131403895,-0.018297952475513638
17.080000000001412,-3.684724778490753e-06,0.10435727978948012,0.10435,0.010311126708984375,-0.00014738559722420738,-0.0026604166348503395
17.1000000000014,0.00037434382841339763,0.10435215445579746,0.10435,0.008530139923095703,2.3217201237706666e-05,0.012367618589795033
17.12000000000139,0.0003793345784230023,0.1043518808273791,0.10436250000000001,0.014865875244140625,0.00032053470612051913,0.04077599315118209
17.14000000000138,-0.00022390890569324212,0.10435953203641248,0.10436250000000001,0.005274295806884766,0.00042602062225821424,0.004600725751476445
17.160000000001368,-0.0006457424096649878,0.10436484520634205,0.10436250000000001,-0.03965163230895996,-0.0003670120239209851,-0.03911777081889172
17.180000000001357,-0.00030267018446133314,0.10436019877593311,0.10436250000000001,-0.0034453868865966797,-0.0004359197616529188,-0.00592306100647466
17.200000000001346,0.0002506603176373281,0.10435278250892656,0.10435,0.024599075317382812,5.60617446947375e-05,0.022142496299234884
17.220000000001335,0.0003698226049656891,0.1043509947171494,0.10435,0.005563259124755859,0.00016732692718985468,0.011240170560459364
17.240000000001324,9.22535953743549e-05,0.104354379354639,0.10436250000000001,-0.00107574462890625,0.00014581203461172968,0.007206956672550816
17.260000000001313,-0.00032269862394457337,0.10435957038843954,0.10436250000000001,-0.007184028625488281,2.131462101964033e-06,-0.010349122610581084
17.2800000000013,-0.0003860081731339163,0.1043601933570245,0.10435,-0.018163204193115234,-0.0003611326217603407,-0.043596158061894805
17.30000000000129,0.00022080607949924138,0.10435209007239331,0.10435,-0.006964445114135742,-0.0005004215240430556,-0.00614888979561936
17.32000000000128,0.0006659324968716682,0.10434606799765271,0.10435,0.041051387786865234,0.00032060623169424915,0.04077924535858788
17.340000000001268,0.00030908103826264913,0.10435048721084976,0.10435,0.004014015197753906,0.00040088653564932734,0.006997753642852852
17.360000000001257,-3.070744270361005e-05,0.10435472676116343,0.10435,-0.026097536087036133,-0.00012106418609139535,-0.02573457825781241
17.380000000001246,0.0001492276019699406,0.10435222998895334,0.10435,-0.0044710636138916016,-0.00021048545836922731,-0.006402995925008615
17.400000000001235,0.0003583843681223648,0.10434935287390636,0.10435,0.016542434692382812,0.00012036323547842898,0.01612232307714473
17.420000000001224,0.00023639813462848487,0.10435079119157249,0.10435,0.0041656494140625,0.00020367622375967888,0.005332860826589934
17.440000000001213,-1.2676051070819813e-05,0.1043539027889704,0.10436250000000001,-0.010288238525390625,-2.0885467481335815e-06,0.0020371688470084658
17.4600000000012,-0.00030852664729230124,0.10435763363350091,0.10436250000000001,-0.0005664825439453125,-1.3418197627039834e-05,-0.00409802763171087
17.48000000000119,-0.00022365307808155599,0.1043564150541185,0.10435,-0.014815807342529297,-0.0003097343444776258,-0.02042174454547479
17.50000000000118,0.00027390997926894124,0.10434981448890875,0.10435,0.0031571388244628906,-0.0002465915679883682,0.005698674703827566
17.52000000000117,0.0004676114867398394,0.10434715293875761,0.10435,0.02622699737548828,0.00027794837952139747,0.0267308957701956
17.540000000001157,0.00017144149932946088,0.10435087800752645,0.10435,-0.0035676956176757812,0.00020659446716788174,-0.0016709459968568827
17.560000000001146,6.417217370945647e-06,0.10435292788054887,0.10435,-0.01707601547241211,-0.0001349258422803605,-0.017327021639567893
17.580000000001135,0.00016796521037391415,0.10435074381650698,0.10435,0.0011229515075683594,-0.00011246681212899333,-0.00019087949584944302
17.600000000001124,0.0002703838975021285,0.10434933001003126,0.10435,0.011183738708496094,0.00011120796204092855,0.011167884264494145
17.620000000001113,0.00015907486074590388,0.10435070608465671,0.10435,0.00020742416381835938,0.00011535644531729576,0.0009669014220524616
17.640000000001102,7.10113134581285e-05,0.1043517974472074,0.10435,-0.007078886032104492,-2.622127532479409e-05,-0.007105269852565153
17.66000000000109,0.00012325939297932515,0.1043510753494668,0.10435,-0.0005428791046142578,-3.707885741707925e-05,-0.001132871079602778
17.68000000000108,0.00017175020657165903,0.1043504073438007,0.10435,0.004644870758056641,5.581855774405356e-05,0.004512260542541771
17.70000000000107,0.00013032854640984825,0.10435091662080787,0.10435,0.0008182525634765625,7.218360901358477e-05,0.001077584374112399
17.720000000001058,8.541365412785071e-05,0.1043514825934848,0.10435,-0.0027959346771240234,1.6264915471104284e-05,-0.0028096511413398277
17.740000000001046,9.179256995603009e-05,0.10435139023951744,0.10436250000000001,-0.0005936622619628906,4.3916702318464645e-06,0.024114401409813812
17.760000000001035,-0.00024758556195750606,0.10435579204138608,0.10436250000000001,0.015017509460449219,0.00030474185944083087,0.013150731230258794
17.780000000001024,-0.0006311706480202865,0.10436077075386731,0.10436250000000001,-0.028935670852661133,-0.00027397155761239183,-0.027746556806958866
17.800000000001013,-0.0003516513306869614,0.1043571132767011,0.10435,-0.008885622024536133,-0.0004516839981031145,-0.02260030176170826
17.820000000001002,0.00028536921305452725,0.10434877183034001,0.10435,0.014536857604980469,-0.00016094684600350523,0.01698123486221117
17.84000000000099,0.0003939747720866927,0.104347280222253,0.10435,0.027613162994384766,0.00039131641388419006,0.028960024568272513
17.86000000000098,1.0960971756606034e-05,0.10435219800429904,0.10435,-0.010820388793945312,0.00017490863800528374,-0.008782863355621492
17.88000000000097,-9.702929514645039e-05,0.10435356501430622,0.10435,-0.018530845642089844,-0.00019570827483651312,-0.0192960546368078
17.900000000000958,0.0001327149175173567,0.10435054262730085,0.10435,0.005656242370605469,-8.258342742440379e-05,0.004235563859927677
17.920000000000947,0.0002109400682564084,0.10434948476797261,0.10435,0.012423992156982422,0.00016589641571524466,0.01275577703098398
17.940000000000936,6.086595479499341e-05,0.104351403565682,0.10435,-0.002650737762451172,0.00011288166046622124,-0.0017705498634150994
17.960000000000925,-8.054170053001397e-06,0.10435228070664714,0.10435,-0.008129596710205078,-4.9710273737880335e-05,-0.008340840719047962
17.980000000000913,7.662613138877626e-05,0.10435116518752753,0.10435,0.001178741455078125,-2.6135444636317822e-05,0.0005295108988621483
18.000000000000902,0.0001208497566375529,0.10435057562143471,0.10435,0.005408763885498047,8.203983307364313e-05,0.005425727426102171
18.02000000000089,-2.173967965007774e-05,0.10435241785760602,0.10436250000000001,-0.0002789497375488281,7.646083832266663e-05,0.012086498814877252
18.04000000000088,-0.0004037772131764304,0.10435737640710856,0.10436250000000001,-0.0006122589111328125,6.421566010001032e-05,-0.0034212352493423036
18.06000000000087,-0.0005369384188321367,0.10435909533230862,0.10435,-0.021245956420898438,-0.00036070346831795834,-0.04240772142098952
18.080000000000858,6.0159375317034915e-05,0.1043512998252848,0.10435,-0.0081024169921875,-0.0005227518081617084,-0.007226482996435966
18.100000000000847,0.0006560504387745897,0.10434349188751824,0.10435,0.04031181335449219,0.00028348445892813554,0.057441279929122506
18.120000000000836,0.00029394105723776643,0.10434813988246891,0.10435,0.017858505249023438,0.0006406545639086043,0.022116675689448542
18.140000000000825,-0.00045546524686201635,0.10435785979506955,0.10436250000000001,-0.03676342964172363,-9.461402892586845e-05,-0.02973030519595632
18.160000000000814,-0.000532008439784151,0.1043588483281257,0.10435,-0.015155553817749023,-0.00039772510528084896,-0.0357895662339412
18.180000000000803,9.441383976808811e-05,0.10435067177476622,0.10435,0.0007681846618652344,-0.00038236141204354437,0.0022059187584271087
18.20000000000079,0.00042662532826209294,0.10434628900753988,0.10435,0.03603315353393555,0.00033830165863516664,0.03636275135289239
18.22000000000078,7.100547299818069e-05,0.104350854570106,0.10435,-0.001371145248413086,0.00031087875366690504,0.001278959374610227
18.24000000000077,-0.00017523804702640486,0.10435402457070403,0.10435,-0.023303747177124023,-0.00015519618987557538,-0.02332757025141989
18.26000000000076,3.0181440499872606e-05,0.10435132744664848,0.10435,-0.0008275508880615234,-0.00017174720763680587,-0.002546679247860369
18.280000000000747,0.00019898464348726725,0.10434909605621892,0.10435,0.01496744155883789,0.00012760162353995193,0.014844170489892302
18.300000000000736,7.448045647922115e-05,0.1043506799924414,0.10435,0.0016579627990722656,0.00016076087952139728,0.002743669711024134
18.320000000000725,-4.782378647838463e-05,0.10435224777205113,0.10435,-0.00949716567993164,-2.9182434077235547e-05,-0.009352499485618617
18.340000000000714,1.924016591851317e-05,0.104351358520238,0.10435,-0.0017480850219726562,-6.414413451668864e-05,-0.0024536741980780204
18.360000000000703,9.91806610081313e-05,0.1043502992536384,0.10435,0.006009578704833984,5.6047439579991053e-05,0.005845738470722068
18.380000000000692,5.837477157052086e-05,0.10435081120227054,0.10435,0.0015978813171386719,8.800506592276449e-05,0.0020192266469619916
18.40000000000068,5.58737690494974e-07,0.10435155059601908,0.10435,-0.003725767135620117,1.3489723210362137e-05,-0.0036112607139539136
18.42000000000067,1.946053641121253e-05,0.1043512964278963,0.10435,-0.0012731552124023438,-1.1973381037684737e-05,-0.001561082060344987
18.44000000000066,5.5208602655170624e-05,0.10435082352621976,0.10435,0.002330303192138672,3.4632682805088704e-05,0.002210183458866322
18.460000000000647,-7.021420936841472e-05,0.10435244482093947,0.10436250000000001,0.0010271072387695312,5.5174827580479295e-05,0.010791600915288895
18.480000000000636,-0.00043328057560955777,0.10435715517418453,0.10436250000000001,-0.000148773193359375,5.219936371329182e-05,-0.003016029404619161
18.500000000000625,-0.0005421974706592331,0.10435855460158358,0.10435,-0.020462751388549805,-0.0003570556640577043,-0.03814111686097742
18.520000000000614,4.2679324820972185e-05,0.10435091101358634,0.10435,-0.0056226253509521484,-0.0004695081710767471,-0.004377784239019142
18.540000000000603,0.0005263202821868155,0.1043445534748682,0.10435,0.0375208854675293,0.0002809095382738389,0.04554368456490765
18.560000000000592,0.00018507312877838675,0.1043489214400044,0.10435,0.008664608001708984,0.0004542016983080185,0.012043651400953292
18.58000000000058,-0.0002192232002000293,0.10435414158685598,0.10435,-0.02918100357055664,-0.00012941837310311434,-0.028437991435023298
18.60000000000057,-3.4422588776343953e-05,0.10435171490583907,0.10435,-0.0077419281005859375,-0.000284256935114833,-0.009861076137276048
18.62000000000056,0.00023504412740866132,0.10434817461429152,0.10435,0.018237590789794922,8.04948806810655e-05,0.01759998880567723
18.640000000000548,0.00013158265856647383,0.10434948089034081,0.10435,0.006350040435791016,0.00020749568939688588,0.0076642062289702115
18.660000000000537,-5.371665755560148e-05,0.1043518658029337,0.10435,-0.011265993118286133,-1.7824172968836734e-05,-0.010764759356003885
18.680000000000526,-4.500729993985473e-06,0.1043512102945976,0.10435,-0.004907369613647461,-0.00011597156524178594,-0.005726986767741098
18.700000000000514,0.00011509987527768383,0.10434963684931384,0.10435,0.0069122314453125,2.227306366446405e-05,0.006516520182847653
18.720000000000503,8.911135478222752e-05,0.10434995621389573,0.10435,0.0036978721618652344,9.623050690176872e-05,0.004180894507037759
18.740000000000492,7.2255742711079224e-06,0.10435100961801756,0.10435,-0.00415492057800293,1.3132095341710152e-05,-0.003881988929173387
18.76000000000048,1.5211890058257632e-05,0.10435090039552977,0.10435,-0.0026586055755615234,-4.004001616952031e-05,-0.002971399837389619
18.78000000000047,6.603345337028913e-05,0.10435023505314356,0.10435,0.0025119781494140625,1.0199546818760944e-05,0.0022885320450067364
18.80000000000046,6.230399836244606e-05,0.1043502801356547,0.10435,0.0019354820251464844,4.8909187321690625e-05,0.0020921572365616863
18.820000000000448,2.709972977840017e-05,0.10435073872521691,0.10435,-0.0014362335205078125,2.018451691153437e-05,-0.001311957375432817
18.840000000000437,2.4865773637714712e-05,0.10435077276807013,0.10435,-0.0013103485107421875,-6.022453303309385e-06,-0.0014368490246689054
18.860000000000426,4.550753378199788e-05,0.10435051134826917,0.10435,0.0008711814880371094,1.1401176457432802e-05,0.0007445321663399405
18.880000000000415,4.676419180149775e-05,0.10435050373369585,0.10435,0.0009584426879882812,3.0570030217198434e-05,0.00098956182210701
18.900000000000404,3.1934280455966606e-05,0.10435070829080208,0.10435,-0.0004355907440185547,2.185821533682735e-05,-0.0003960275815329574
18.920000000000393,2.8460985405530837e-05,0.10435076831426626,0.10435,-0.0005936622619628906,9.984970097569527e-06,-0.0006585180667326347
18.94000000000038,2.9320938396727572e-05,0.10435077400410633,0.10436250000000001,0.0002903938293457031,1.579284668448359e-05,0.025209815531508608
18.96000000000037,-0.0003290871655587491,0.10435544553985433,0.10436250000000001,0.013588428497314453,0.0002875614166307727,0.011844507451888434
18.98000000000036,-0.0007030115184919855,0.10436031673034107,0.10436250000000001,-0.029698848724365234,-0.00030641555785653206,-0.028557507796588194
19.000000000000348,-0.00037539024154690723,0.10435604712278596,0.10435,-0.008106708526611328,-0.0004685497283887584,-0.01942193434555185
19.020000000000337,0.0002565896187567561,0.10434777923732948,0.10435,0.016563892364501953,-0.00013727188109871922,0.019301345798759237
19.040000000000326,0.00032710994816720015,0.10434678899618613,0.10435,0.02552318572998047,0.0003731918335008902,0.027081124578447788
19.060000000000315,-4.9723896955288206e-05,0.1043516306059368,0.10435,-0.012369632720947266,0.000125799179081945,-0.010424053988715452
19.080000000000304,-0.00012725044927904222,0.1043526013788117,0.10435,-0.017385005950927734,-0.00022190093993660972,-0.018211105960003405
19.100000000000293,0.0001059201946322476,0.1043495302870706,0.10435,0.006653308868408203,-8.883476256844563e-05,0.005370921046214587
19.12000000000028,0.00016963820457576885,0.10434865477890186,0.10435,0.011667251586914062,0.00014451026916983563,0.012134301417430726
19.14000000000027,2.0947170746581056e-05,0.10435054748761843,0.10435,-0.003440380096435547,7.570266724112466e-05,-0.002552640187843628
19.16000000000026,-3.4068000282910244e-05,0.10435123302659728,0.10435,-0.00779271125793457,-8.015155791756676e-05,-0.008002010902424618
19.18000000000025,5.4998635539920615e-05,0.10435004703291355,0.10435,0.0016193389892578125,-4.77647781324105e-05,0.001055271061546647
19.200000000000237,9.465474198706142e-05,0.10434950164237485,0.10435,0.005128383636474609,5.4802894597081704e-05,0.005241848116279221
19.220000000000226,3.800482597537661e-05,0.10435021193117099,0.10435,-0.000675201416015625,4.1298866276769234e-05,-0.0002847394627501494
19.240000000000215,6.25106027447205e-06,0.10435060461771976,0.10435,-0.00336456298828125,-2.5992393488855768e-05,-0.0033928504183277147
19.260000000000204,3.862556339313269e-05,0.10435016621057784,0.10435,0.00017452239990234375,-2.2501945490808896e-05,-6.50021665561784e-05
19.280000000000193,5.991280908392269e-05,0.10434987260861235,0.10435,0.002181529998779297,2.1128654484777038e-05,0.0021920875785684836
19.300000000000182,3.916968548546104e-05,0.10435012805196496,0.10435,4.4345855712890625e-05,2.201557159903485e-05,0.000208823696599412
19.32000000000017,2.2633828126253788e-05,0.10435033271957787,0.10435,-0.0014004707336425781,-5.993843073816719e-06,-0.0013899078880804717
19.34000000000016,3.363702266798031e-05,0.10435018201989127,0.10435,-0.00012946128845214844,-8.583068842859685e-06,-0.0002314484553864654
19.36000000000015,4.408126396108719e-05,0.10435004022961827,0.10435,0.000904083251953125,9.498596196202815e-06,0.0008888644039787472
19.380000000000138,3.681100569966338e-05,0.10435013104513972,0.10435,0.00015878677368164062,1.267433166983563e-05,0.0002205783332680505
19.400000000000126,2.8717837952181984e-05,0.10435023550017032,0.10435,-0.0005564689636230469,1.5449523973746937e-06,-0.0005489865512925813
19.420000000000115,3.208966098689903e-05,0.1043501934009267,0.10435,-0.00012803077697753906,-1.0156631421760873e-06,-0.0001764919498936505
19.440000000000104,3.696363638165706e-05,0.10435013377457555,0.10435,0.0003676414489746094,6.3371658373161e-06,0.00034710099518382763
19.460000000000093,3.463572030595393e-05,0.10435016998078411,0.10435,0.0001373291015625,9.083747868566101e-06,0.0001507990864331577
19.480000000000082,3.0825283574531855e-05,0.10435022795960472,0.10435,-0.0002009868621826172,5.064010624913758e-06,-0.00020538733373495223
19.50000000000007,3.1605816247197945e-05,0.10435022860919631,0.10435,-7.009506225585938e-05,3.6621093797965687e-06,-0.00010264871925185978
19.52000000000006,3.372667955742928e-05,0.10435021395612375,0.10435,0.00015735626220703125,6.809234623937194e-06,0.00013158792346108685
19.54000000000005,3.305247001545922e-05,0.10435023780883669,0.10435,9.72747802734375e-05,8.754730229405946e-06,8.56532457527532e-05
19.560000000000038,3.1335743873210267e-05,0.10435027751116428,0.10435,-5.221366882324219e-05,7.710456852941097e-06,-7.015855214754428e-05
19.580000000000027,3.1395968775448676e-05,0.10435029636688672,0.10435,-2.1457672119140625e-05,7.281303410558285e-06,-5.2717827808292485e-05
19.600000000000016,3.228916045063948e-05,0.10435030654260533,0.10435,8.58306884765625e-05,8.997917180089532e-06,5.304574797548769e-05
19.620000000000005,3.2079307566861664e-05,0.10435033320993291,0.10435,7.43865966796875e-05,1.0485649113683288e-05,4.684437782226055e-05
19.639999999999993,3.126586385513501e-05,0.10435036992910578,0.10435,1.0013580322265625e-05,1.0685920720128608e-05,-2.0972207760321495e-05
19.659999999999982,3.115008500505271e-05,0.10435039976992057,0.10435,1.2874603271484375e-05,1.0943412785558288e-05,-2.4858886869650308e-05
19.67999999999997,3.153331345474749e-05,0.1043504252651367,0.10435,6.151199340820312e-05,1.2173652653722346e-05,2.1133969190465624e-05
19.69999999999996,3.1526161685512814e-05,0.10435045796981414,0.10435,6.580352783203125e-05,1.348972321036297e-05,2.6418549605452353e-05
19.71999999999995,3.116677556135062e-05,0.10435049741055426,0.10435,4.291534423828125e-05,1.4348030095128594e-05,4.187460538776066e-07
19.739999999999938,3.099206965250871e-05,0.10435053660584925,0.10435,4.00543212890625e-05,1.514911652090984e-05,-7.075839009919966e-06
19.759999999999927,3.104517611690296e-05,0.10435057497218034,0.10435,6.008148193359375e-05,1.6350746159581727e-05,9.628927159601288e-06
19.779999999999916,3.097207776326784e-05,0.10435061710014343,0.10435,6.866455078125e-05,1.772403717520671e-05,1.63950415855282e-05
19.799999999999905,3.072077676380191e-05,0.10435066366791143,0.10435,5.8650970458984375e-05,1.889705658438641e-05,4.314101704863335e-06
19.819999999999894,3.053403907130588e-05,0.10435071151380142,0.10435,5.8650970458984375e-05,2.0070075993566108e-05,4.805717214297154e-07
19.839999999999883,3.042509659588376e-05,0.10435076044877485,0.10435,7.152557373046875e-05,2.150058746817547e-05,9.669844159860413e-06
19.85999999999987,-0.0002112279387555815,0.10435394697551738,0.10436250000000001,7.43865966796875e-05,2.2988319401769208e-05,0.002569515449258458
19.87999999999986,-0.0005144419722588089,0.10435793171078195,0.10436250000000001,-0.002162933349609375,-2.0270347590418302e-05,-0.005648206054840604
19.89999999999985,-0.00043803049555928513,0.10435696739503826,0.10435,-0.015189886093139648,-0.0003240680694532113,-0.022761834087164232
19.91999999999984,9.341141862557606e-05,0.10435005696536268,0.10435,0.0031456947326660156,-0.0002611541747998912,0.0055448327508186195
19.939999999999827,0.00031438396227851913,0.10434715719133021,0.10435,0.027681827545166016,0.00029248237610342916,0.02821325147781639
19.959999999999816,1.5683739123286594e-05,0.10435101934048069,0.10435,-0.0035219192504882812,0.0002220439910936634,-0.0014802759592893555
19.979999999999805,-0.00015092501527129535,0.1043531836018309,0.10435,-0.018076658248901367,-0.00013948917388436399,-0.01827987917689919
19.999999999999794,2.7205580344223163e-05,0.10435086725984136,0.10435,0.0009455680847167969,-0.00012057781219002801,-0.00039740327421708584
