2026-09-29 10:16:21,860 [ERROR] LogOutputStream:75 - [STDERR_REDIRECT] 
2026-09-29 10:16:54,187 [INFO] Activator:176 - 


2026-09-29 10:16:54,191 [INFO] Activator:177 - !SESSION log4j initialized
2026-09-29 10:16:59,770 [INFO] LogOutputStream:77 - [STDOUT_REDIRECT] 
2026-09-29 10:17:01,672 [ERROR] LogOutputStream:75 - [STDERR_REDIRECT] 
2026-09-29 10:17:05,004 [INFO] LogOutputStream:77 - [STDOUT_REDIRECT] 
2026-09-29 10:17:06,132 [ERROR] LogOutputStream:75 - [STDERR_REDIRECT] java.net.URISyntaxException: Illegal character in path at index 30: file:/Users/salvo/Desktop/Prog Embedded/cart-inverted-pendulum/.metadata/.log4j2.xml
2026-09-29 10:17:06,133 [ERROR] LogOutputStream:75 - [STDERR_REDIRECT] 	at java.base/java.net.URI$Parser.fail(URI.java:2995)
2026-09-29 10:17:06,134 [ERROR] LogOutputStream:75 - [STDERR_REDIRECT] 	at java.base/java.net.URI$Parser.checkChars(URI.java:3166)
2026-09-29 10:17:06,134 [ERROR] LogOutputStream:75 - [STDERR_REDIRECT] 	at java.base/java.net.URI$Parser.parseHierarchical(URI.java:3248)
2026-09-29 10:17:06,134 [ERROR] LogOutputStream:75 - [STDERR_REDIRECT] 	at java.base/java.net.URI$Parser.parse(URI.java:3196)
2026-09-29 10:17:06,136 [ERROR] LogOutputStream:75 - [STDERR_REDIRECT] 	at java.base/java.net.URI.<init>(URI.java:645)
2026-09-29 10:17:06,138 [ERROR] LogOutputStream:75 - [STDERR_REDIRECT] 	at java.base/java.net.URL.toURI(URL.java:1220)
2026-09-29 10:17:06,139 [ERROR] LogOutputStream:75 - [STDERR_REDIRECT] 	at com.st.stm32cube.common.mx.core.CubeMxInstance.getInstance(CubeMxInstance.java:81)
2026-09-29 10:17:06,139 [ERROR] LogOutputStream:75 - [STDERR_REDIRECT] 	at com.st.stm32cube.common.mx.userauth.UserAuthAdapter.<init>(UserAuthAdapter.java:25)
2026-09-29 10:17:06,139 [ERROR] LogOutputStream:75 - [STDERR_REDIRECT] 	at com.st.stm32cube.common.mx.userauth.UserAuthProvider.getUserAuthAdapter(UserAuthProvider.java:16)
2026-09-29 10:17:06,144 [ERROR] LogOutputStream:75 - [STDERR_REDIRECT] 	at com.st.stm32cube.common.ecosystemintegration.ui.core.MCUEcoSystemIntegrationUiHelper.getUserAuth(MCUEcoSystemIntegrationUiHelper.java:100)
2026-09-29 10:17:06,144 [ERROR] LogOutputStream:75 - [STDERR_REDIRECT] 	at com.st.stm32cube.ide.mcu.userauth.UserAuthStartup.earlyStartup(UserAuthStartup.java:32)
2026-09-29 10:17:06,144 [ERROR] LogOutputStream:75 - [STDERR_REDIRECT] 	at org.eclipse.ui.internal.EarlyStartupRunnable.runEarlyStartup(EarlyStartupRunnable.java:79)
2026-09-29 10:17:06,145 [ERROR] LogOutputStream:75 - [STDERR_REDIRECT] 	at org.eclipse.ui.internal.EarlyStartupRunnable.run(EarlyStartupRunnable.java:55)
2026-09-29 10:17:06,145 [ERROR] LogOutputStream:75 - [STDERR_REDIRECT] 	at org.eclipse.core.runtime.SafeRunner.run(SafeRunner.java:47)
2026-09-29 10:17:06,145 [ERROR] LogOutputStream:75 - [STDERR_REDIRECT] 	at org.eclipse.ui.internal.Workbench$39.run(Workbench.java:2762)
2026-09-29 10:17:06,145 [ERROR] LogOutputStream:75 - [STDERR_REDIRECT] 	at org.eclipse.core.internal.jobs.Worker.run(Worker.java:63)
2026-09-29 10:17:06,333 [INFO] ApplicationProperties:184 - Using Application install path: /Applications/STM32CubeIDE.app/Contents/Eclipse/plugins/com.st.stm32cube.common.mx_6.13.0.202411220809
2026-09-29 10:17:06,351 [INFO] DbMcusXml:78 - Set database path to: /Applications/STM32CubeIDE.app/Contents/Eclipse/plugins/com.st.stm32cube.common.mx_6.13.0.202411220809//db//mcu/
2026-09-29 10:17:06,351 [INFO] ApiDb:274 - Set plugin database path to: /Applications/STM32CubeIDE.app/Contents/Eclipse/plugins/com.st.stm32cube.common.mx_6.13.0.202411220809//db//plugins/boardmanager/
2026-09-29 10:17:06,352 [WARN] ApiDb:259 - Overriding images path with different value:  => /Applications/STM32CubeIDE.app/Contents/Eclipse/plugins/com.st.stm32cube.common.mx_6.13.0.202411220809//db//plugins/mcufinder/images/
2026-09-29 10:17:06,360 [INFO] ApiDb:250 - Set database path to: /Users/salvo/.stmcufinder/plugins/mcufinder//mcu/
2026-09-29 10:17:06,361 [INFO] DbMcusAds:125 - Set database path to: /Users/salvo/.stmcufinder/plugins/mcufinder//mcu/
2026-09-29 10:17:06,364 [INFO] CrossReferenceDbSqlite:203 - Set database path to: /Users/salvo/.stmcufinder/plugins/mcufinder//mcu/cs/
2026-09-29 10:17:06,596 [INFO] RulesReader:64 - Compatibility file has been processed (297 Rules)
2026-09-29 10:17:06,700 [INFO] DbMcusXml:78 - Set database path to: /Applications/STM32CubeIDE.app/Contents/Eclipse/plugins/com.st.stm32cube.common.mx_6.13.0.202411220809//db//mcu/
2026-09-29 10:17:06,700 [INFO] ApiDb:274 - Set plugin database path to: /Applications/STM32CubeIDE.app/Contents/Eclipse/plugins/com.st.stm32cube.common.mx_6.13.0.202411220809//db//plugins/boardmanager/
2026-09-29 10:17:06,700 [INFO] ApiDb:261 - Set plugin images path to: /Applications/STM32CubeIDE.app/Contents/Eclipse/plugins/com.st.stm32cube.common.mx_6.13.0.202411220809//db//plugins/mcufinder/images/
2026-09-29 10:17:06,701 [WARN] DbFile:41 - Overriding database path with different value: /Users/salvo/.stmcufinder/plugins/mcufinder/ => /Users/salvo/.stmcufinder/plugins/mcufinder
2026-09-29 10:17:06,701 [INFO] ApiDb:250 - Set database path to: /Users/salvo/.stmcufinder/plugins/mcufinder//mcu/
2026-09-29 10:17:06,701 [WARN] DbFile:41 - Overriding database path with different value: /Users/salvo/.stmcufinder/plugins/mcufinder/ => /Users/salvo/.stmcufinder/plugins/mcufinder
2026-09-29 10:17:06,701 [INFO] DbMcusAds:125 - Set database path to: /Users/salvo/.stmcufinder/plugins/mcufinder//mcu/
2026-09-29 10:17:06,701 [WARN] DbFile:41 - Overriding database path with different value: /Users/salvo/.stmcufinder/plugins/mcufinder/ => /Users/salvo/.stmcufinder/plugins/mcufinder
2026-09-29 10:17:06,701 [WARN] DbFile:41 - Overriding database path with different value: /Users/salvo/.stmcufinder/plugins/mcufinder/ => /Users/salvo/.stmcufinder/plugins/mcufinder
2026-09-29 10:17:06,701 [INFO] CrossReferenceDbSqlite:203 - Set database path to: /Users/salvo/.stmcufinder/plugins/mcufinder//mcu/cs/
2026-09-29 10:17:06,821 [INFO] MainPanel:272 - HeapMemory: 268435456
2026-09-29 10:17:08,162 [INFO] DbMcusXml:78 - Set database path to: /Applications/STM32CubeIDE.app/Contents/Eclipse/plugins/com.st.stm32cube.common.mx_6.13.0.202411220809//db//mcu/
2026-09-29 10:17:08,162 [INFO] ApiDb:274 - Set plugin database path to: /Applications/STM32CubeIDE.app/Contents/Eclipse/plugins/com.st.stm32cube.common.mx_6.13.0.202411220809//db//plugins/boardmanager/
2026-09-29 10:17:08,163 [INFO] ApiDb:261 - Set plugin images path to: /Applications/STM32CubeIDE.app/Contents/Eclipse/plugins/com.st.stm32cube.common.mx_6.13.0.202411220809//db//plugins/mcufinder/images/
2026-09-29 10:17:08,164 [WARN] DbFile:41 - Overriding database path with different value: /Users/salvo/.stmcufinder/plugins/mcufinder/ => /Users/salvo/.stmcufinder/plugins/mcufinder
2026-09-29 10:17:08,164 [INFO] ApiDb:250 - Set database path to: /Users/salvo/.stmcufinder/plugins/mcufinder//mcu/
2026-09-29 10:17:08,164 [WARN] DbFile:41 - Overriding database path with different value: /Users/salvo/.stmcufinder/plugins/mcufinder/ => /Users/salvo/.stmcufinder/plugins/mcufinder
2026-09-29 10:17:08,164 [INFO] DbMcusAds:125 - Set database path to: /Users/salvo/.stmcufinder/plugins/mcufinder//mcu/
2026-09-29 10:17:08,164 [WARN] DbFile:41 - Overriding database path with different value: /Users/salvo/.stmcufinder/plugins/mcufinder/ => /Users/salvo/.stmcufinder/plugins/mcufinder
2026-09-29 10:17:08,164 [WARN] DbFile:41 - Overriding database path with different value: /Users/salvo/.stmcufinder/plugins/mcufinder/ => /Users/salvo/.stmcufinder/plugins/mcufinder
2026-09-29 10:17:08,166 [INFO] CrossReferenceDbSqlite:203 - Set database path to: /Users/salvo/.stmcufinder/plugins/mcufinder//mcu/cs/
2026-09-29 10:17:08,199 [INFO] ApplicationProperties:184 - Using Application install path: /Applications/STM32CubeIDE.app/Contents/Eclipse/plugins/com.st.stm32cube.common.mx_6.13.0.202411220809
2026-09-29 10:17:08,201 [INFO] PluginManage:196 - Search for loadable plugins [exclusion list=, ]
2026-09-29 10:17:08,205 [INFO] PluginManage:310 - Check plugin analytics
2026-09-29 10:17:08,520 [INFO] AnalyticsPlugin:253 - Accepted Software Licenses: 
2026-09-29 10:17:08,520 [INFO] AnalyticsPlugin:255 - Accepted CMSIS Pack Licenses: STMicroelectronics.X-CUBE-AI.10.1.0
2026-09-29 10:17:08,520 [INFO] AnalyticsPlugin:257 - Accepted Firmware Licenses: FW.F4.1.28.0
2026-09-29 10:17:08,527 [INFO] PluginManage:359 - Loaded plugin analytics (category:tool,tabindex:-1)
2026-09-29 10:17:08,529 [INFO] PluginManage:310 - Check plugin cadmodel
2026-09-29 10:17:08,544 [INFO] CADModel:105 - Init CAD model plugin
2026-09-29 10:17:08,544 [INFO] PluginManage:359 - Loaded plugin cadmodel (category:power,tabindex:5)
2026-09-29 10:17:08,544 [INFO] PluginManage:310 - Check plugin clock
2026-09-29 10:17:08,556 [INFO] PluginManage:359 - Loaded plugin clock (category:base,tabindex:2)
2026-09-29 10:17:08,556 [INFO] PluginManage:310 - Check plugin ddr
2026-09-29 10:17:08,559 [INFO] PluginManage:359 - Loaded plugin ddr (category:tool,tabindex:6)
2026-09-29 10:17:08,559 [INFO] PluginManage:310 - Check plugin filemanager
2026-09-29 10:17:08,755 [INFO] PluginManage:359 - Loaded plugin filemanager (category:base,tabindex:10)
2026-09-29 10:17:08,755 [INFO] PluginManage:310 - Check plugin ipmanager
2026-09-29 10:17:08,766 [INFO] PluginManage:359 - Loaded plugin ipmanager (category:base,tabindex:5)
2026-09-29 10:17:08,766 [INFO] PluginManage:310 - Check plugin lpbam
2026-09-29 10:17:08,775 [INFO] PluginManage:359 - Loaded plugin lpbam (category:base,tabindex:0)
2026-09-29 10:17:08,775 [INFO] PluginManage:310 - Check plugin memorymap
2026-09-29 10:17:08,786 [INFO] PluginManage:359 - Loaded plugin memorymap (category:base,tabindex:4)
2026-09-29 10:17:08,787 [INFO] PluginManage:310 - Check plugin pinoutandconfiguration
2026-09-29 10:17:08,793 [INFO] PluginManage:359 - Loaded plugin pinoutandconfiguration (category:base,tabindex:1)
2026-09-29 10:17:08,793 [INFO] PluginManage:310 - Check plugin pinoutconfig
2026-09-29 10:17:08,907 [WARN] SupportedApi:132 - Cannot load RTOS API schema: s4s-elt-must-match.1: The content of 'definitions' must match (annotation?, (simpleType | complexType)?, (unique | key | keyref)*)). A problem was found starting at: attribute.
2026-09-29 10:17:09,109 [INFO] PluginManage:359 - Loaded plugin pinoutconfig (category:base,tabindex:0)
2026-09-29 10:17:09,110 [INFO] PluginManage:310 - Check plugin power
2026-09-29 10:17:09,129 [INFO] PluginManage:359 - Loaded plugin power (category:power,tabindex:4)
2026-09-29 10:17:09,130 [INFO] PluginManage:310 - Check plugin projectmanager
2026-09-29 10:17:09,167 [INFO] PluginManage:359 - Loaded plugin projectmanager (category:projectmanager,tabindex:4)
2026-09-29 10:17:09,167 [INFO] PluginManage:310 - Check plugin rif
2026-09-29 10:17:09,173 [INFO] PluginManage:359 - Loaded plugin rif (category:base,tabindex:3)
2026-09-29 10:17:09,173 [INFO] PluginManage:310 - Check plugin thirdparty
2026-09-29 10:17:09,396 [INFO] PluginManage:359 - Loaded plugin thirdparty (category:base,tabindex:-1)
2026-09-29 10:17:09,397 [INFO] PluginManage:310 - Check plugin tools
2026-09-29 10:17:09,396 [WARN] IntegrityCheckThread:84 - waiting for thirdparty lock release [integrity check]
2026-09-29 10:17:09,397 [INFO] IntegrityCheckThread:86 - entering critical section [integrity check]
2026-09-29 10:17:09,399 [INFO] ThirdPartyUpdaterWithRetryManager:70 - Updater plugin not ready yet. [1/15]
2026-09-29 10:17:09,400 [INFO] PluginManage:359 - Loaded plugin tools (category:base,tabindex:7)
2026-09-29 10:17:09,400 [INFO] PluginManage:310 - Check plugin tutovideos
2026-09-29 10:17:09,678 [INFO] PluginManage:359 - Loaded plugin tutovideos (category:base,tabindex:-1)
2026-09-29 10:17:09,679 [INFO] PluginManage:310 - Check plugin updater
2026-09-29 10:17:09,711 [INFO] PluginManage:359 - Loaded plugin updater (category:base,tabindex:12)
2026-09-29 10:17:09,711 [INFO] PluginManage:310 - Check plugin userauth
2026-09-29 10:17:09,716 [INFO] UserAuth:118 - Init User Auth plugin
2026-09-29 10:17:09,717 [INFO] PluginManage:359 - Loaded plugin userauth (category:base,tabindex:14)
2026-09-29 10:17:09,718 [INFO] PluginManage:283 - PluginManage : Loaded plugins [18]
2026-09-29 10:17:09,760 [ERROR] LogOutputStream:75 - [STDERR_REDIRECT] [Fatal Error] :2:10: DOCTYPE is disallowed when the feature "http://apache.org/xml/features/disallow-doctype-decl" set to true.
2026-09-29 10:17:09,761 [ERROR] LogOutputStream:75 - [STDERR_REDIRECT] 
2026-09-29 10:17:10,016 [INFO] PinOutPanel:1589 - setPackage(No Configuration,No Configuration)
2026-09-29 10:17:10,117 [INFO] CADModel:165 - CPN selected for project level
2026-09-29 10:17:10,117 [INFO] CADModel:114 - Register for checkConnection events
2026-09-29 10:17:10,139 [INFO] IPUIPlugin:80 - create IPUIPlugin
2026-09-29 10:17:10,140 [INFO] PluginManager:220 - loadIPPluginJar : add mdma
2026-09-29 10:17:10,149 [INFO] IPUIPlugin:80 - create IPUIPlugin
2026-09-29 10:17:10,149 [INFO] PluginManager:220 - loadIPPluginJar : add freertos
2026-09-29 10:17:10,155 [INFO] IPUIPlugin:80 - create IPUIPlugin
2026-09-29 10:17:10,155 [INFO] PluginManager:220 - loadIPPluginJar : add gic
2026-09-29 10:17:10,165 [INFO] IPUIPlugin:80 - create IPUIPlugin
2026-09-29 10:17:10,166 [INFO] PluginManager:220 - loadIPPluginJar : add adc
2026-09-29 10:17:10,169 [INFO] IPUIPlugin:80 - create IPUIPlugin
2026-09-29 10:17:10,169 [INFO] PluginManager:220 - loadIPPluginJar : add gtzc
2026-09-29 10:17:10,171 [INFO] IPUIPlugin:80 - create IPUIPlugin
2026-09-29 10:17:10,171 [INFO] PluginManager:220 - loadIPPluginJar : add quadspi
2026-09-29 10:17:10,172 [INFO] IPUIPlugin:80 - create IPUIPlugin
2026-09-29 10:17:10,172 [INFO] PluginManager:220 - loadIPPluginJar : add aes
2026-09-29 10:17:10,175 [INFO] IPUIPlugin:80 - create IPUIPlugin
2026-09-29 10:17:10,175 [INFO] PluginManager:220 - loadIPPluginJar : add pdm2pcm
2026-09-29 10:17:10,177 [INFO] IPUIPlugin:80 - create IPUIPlugin
2026-09-29 10:17:10,178 [INFO] PluginManager:220 - loadIPPluginJar : add hash
2026-09-29 10:17:10,180 [INFO] IPUIPlugin:80 - create IPUIPlugin
2026-09-29 10:17:10,180 [INFO] PluginManager:220 - loadIPPluginJar : add tim
2026-09-29 10:17:10,181 [INFO] IPUIPlugin:80 - create IPUIPlugin
2026-09-29 10:17:10,181 [INFO] PluginManager:220 - loadIPPluginJar : add tsc
2026-09-29 10:17:10,184 [INFO] IPUIPlugin:80 - create IPUIPlugin
2026-09-29 10:17:10,184 [INFO] PluginManager:220 - loadIPPluginJar : add extmemmanager
2026-09-29 10:17:10,187 [INFO] IPUIPlugin:80 - create IPUIPlugin
2026-09-29 10:17:10,188 [INFO] PluginManager:220 - loadIPPluginJar : add ts
2026-09-29 10:17:10,190 [INFO] IPUIPlugin:80 - create IPUIPlugin
2026-09-29 10:17:10,192 [INFO] PluginManager:220 - loadIPPluginJar : add radio
2026-09-29 10:17:10,194 [INFO] IPUIPlugin:80 - create IPUIPlugin
2026-09-29 10:17:10,194 [INFO] PluginManager:220 - loadIPPluginJar : add can
2026-09-29 10:17:10,196 [INFO] IPUIPlugin:80 - create IPUIPlugin
2026-09-29 10:17:10,196 [INFO] PluginManager:220 - loadIPPluginJar : add dma3
2026-09-29 10:17:10,198 [INFO] IPUIPlugin:80 - create IPUIPlugin
2026-09-29 10:17:10,198 [INFO] PluginManager:220 - loadIPPluginJar : add dfsdm
2026-09-29 10:17:10,201 [INFO] IPUIPlugin:80 - create IPUIPlugin
2026-09-29 10:17:10,201 [INFO] PluginManager:220 - loadIPPluginJar : add spi
2026-09-29 10:17:10,203 [INFO] IPUIPlugin:80 - create IPUIPlugin
2026-09-29 10:17:10,203 [INFO] PluginManager:220 - loadIPPluginJar : add gfxmmu
2026-09-29 10:17:10,204 [INFO] IPUIPlugin:80 - create IPUIPlugin
2026-09-29 10:17:10,204 [INFO] PluginManager:220 - loadIPPluginJar : add genericplugin
2026-09-29 10:17:10,207 [INFO] IPUIPlugin:80 - create IPUIPlugin
2026-09-29 10:17:10,207 [INFO] PluginManager:220 - loadIPPluginJar : add cryp
2026-09-29 10:17:10,212 [INFO] IPUIPlugin:80 - create IPUIPlugin
2026-09-29 10:17:10,212 [INFO] PluginManager:220 - loadIPPluginJar : add gpio
2026-09-29 10:17:10,216 [INFO] IPUIPlugin:80 - create IPUIPlugin
2026-09-29 10:17:10,216 [INFO] PluginManager:220 - loadIPPluginJar : add ddr_ctrl_phy
2026-09-29 10:17:10,219 [INFO] IPUIPlugin:80 - create IPUIPlugin
2026-09-29 10:17:10,219 [INFO] PluginManager:220 - loadIPPluginJar : add comp
2026-09-29 10:17:10,223 [INFO] IPUIPlugin:80 - create IPUIPlugin
2026-09-29 10:17:10,224 [INFO] PluginManager:220 - loadIPPluginJar : add tracer_emb
2026-09-29 10:17:10,227 [INFO] IPUIPlugin:80 - create IPUIPlugin
2026-09-29 10:17:10,227 [INFO] PluginManager:220 - loadIPPluginJar : add openamp
2026-09-29 10:17:10,231 [INFO] IPUIPlugin:80 - create IPUIPlugin
2026-09-29 10:17:10,231 [INFO] PluginManager:220 - loadIPPluginJar : add stm32_wpan
2026-09-29 10:17:10,236 [INFO] IPUIPlugin:80 - create IPUIPlugin
2026-09-29 10:17:10,239 [INFO] PluginManager:220 - loadIPPluginJar : add plateformsettings
2026-09-29 10:17:10,242 [INFO] IPUIPlugin:80 - create IPUIPlugin
2026-09-29 10:17:10,242 [INFO] PluginManager:220 - loadIPPluginJar : add ipddr
2026-09-29 10:17:10,244 [INFO] IPUIPlugin:80 - create IPUIPlugin
2026-09-29 10:17:10,244 [INFO] PluginManager:220 - loadIPPluginJar : add usart
2026-09-29 10:17:10,245 [INFO] IPUIPlugin:80 - create IPUIPlugin
2026-09-29 10:17:10,245 [INFO] PluginManager:220 - loadIPPluginJar : add ltdc
2026-09-29 10:17:10,247 [INFO] IPUIPlugin:80 - create IPUIPlugin
2026-09-29 10:17:10,248 [INFO] PluginManager:220 - loadIPPluginJar : add nvic
2026-09-29 10:17:10,250 [INFO] IPUIPlugin:80 - create IPUIPlugin
2026-09-29 10:17:10,250 [INFO] PluginManager:220 - loadIPPluginJar : add fatfs
2026-09-29 10:17:10,256 [INFO] IPUIPlugin:80 - create IPUIPlugin
2026-09-29 10:17:10,256 [INFO] PluginManager:220 - loadIPPluginJar : add linkedlist
2026-09-29 10:17:10,261 [INFO] IPUIPlugin:80 - create IPUIPlugin
2026-09-29 10:17:10,261 [INFO] PluginManager:220 - loadIPPluginJar : add dma
2026-09-29 10:17:10,265 [INFO] IPUIPlugin:80 - create IPUIPlugin
2026-09-29 10:17:10,265 [INFO] PluginManager:220 - loadIPPluginJar : add fmc
2026-09-29 10:17:10,267 [INFO] IPUIPlugin:80 - create IPUIPlugin
2026-09-29 10:17:10,268 [INFO] PluginManager:220 - loadIPPluginJar : add i2s
2026-09-29 10:17:10,269 [INFO] IPUIPlugin:80 - create IPUIPlugin
2026-09-29 10:17:10,269 [INFO] PluginManager:220 - loadIPPluginJar : add ucpd
2026-09-29 10:17:10,272 [INFO] IPUIPlugin:80 - create IPUIPlugin
2026-09-29 10:17:10,272 [INFO] PluginManager:220 - loadIPPluginJar : add lorawan
2026-09-29 10:17:10,277 [INFO] IPUIPlugin:80 - create IPUIPlugin
2026-09-29 10:17:10,277 [INFO] PluginManager:220 - loadIPPluginJar : add opamp
2026-09-29 10:17:10,281 [INFO] IPUIPlugin:80 - create IPUIPlugin
2026-09-29 10:17:10,281 [INFO] PluginManager:220 - loadIPPluginJar : add i3c
2026-09-29 10:17:10,284 [INFO] IPUIPlugin:80 - create IPUIPlugin
2026-09-29 10:17:10,284 [INFO] PluginManager:220 - loadIPPluginJar : add touchsensing
2026-09-29 10:17:10,288 [INFO] IPUIPlugin:80 - create IPUIPlugin
2026-09-29 10:17:10,288 [INFO] PluginManager:220 - loadIPPluginJar : add i2c
2026-09-29 10:17:10,293 [INFO] IPUIPlugin:80 - create IPUIPlugin
2026-09-29 10:17:10,293 [INFO] PluginManager:220 - loadIPPluginJar : add resmgrutility
2026-09-29 10:17:10,295 [INFO] IPUIPlugin:80 - create IPUIPlugin
2026-09-29 10:17:10,295 [INFO] PluginManager:220 - loadIPPluginJar : add sai
2026-09-29 10:17:10,298 [INFO] IPUIPlugin:80 - create IPUIPlugin
2026-09-29 10:17:10,298 [INFO] PluginManager:220 - loadIPPluginJar : add usbx
2026-09-29 10:17:10,429 [FATAL] Updater:351 - Updater called before beeing initialized
2026-09-29 10:17:10,491 [INFO] RulesReader:64 - Compatibility file has been processed (297 Rules)
2026-09-29 10:17:10,505 [INFO] RulesReader:64 - Compatibility file has been processed (297 Rules)
2026-09-29 10:17:10,521 [INFO] CADModel:165 - CPN selected for project level
2026-09-29 10:17:10,521 [INFO] CADModel:114 - Register for checkConnection events
2026-09-29 10:17:10,521 [FATAL] Updater:351 - Updater called before beeing initialized
2026-09-29 10:17:10,521 [ERROR] CADModel:125 - Updater not yet initialized, retry later 
2026-09-29 10:17:11,295 [FATAL] Updater:351 - Updater called before beeing initialized
2026-09-29 10:17:11,336 [INFO] CADModel:165 - CPN selected for project level
2026-09-29 10:17:11,340 [INFO] CADModel:114 - Register for checkConnection events
2026-09-29 10:17:11,340 [FATAL] Updater:351 - Updater called before beeing initialized
2026-09-29 10:17:11,341 [ERROR] CADModel:125 - Updater not yet initialized, retry later 
2026-09-29 10:17:11,354 [FATAL] Updater:351 - Updater called before beeing initialized
2026-09-29 10:17:11,793 [FATAL] Updater:351 - Updater called before beeing initialized
2026-09-29 10:17:11,807 [INFO] DbMcusAds:53 - JSON generation date=Tue Sep 22 14:25:16 CEST 2026 (1790079916640)
2026-09-29 10:17:11,808 [FATAL] Updater:351 - Updater called before beeing initialized
2026-09-29 10:17:11,885 [WARN] DetailPanel:346 - Failed to get advertising image, set to default
2026-09-29 10:17:12,126 [FATAL] Updater:351 - Updater called before beeing initialized
2026-09-29 10:17:12,128 [FATAL] Updater:351 - Updater called before beeing initialized
2026-09-29 10:17:12,128 [FATAL] Updater:351 - Updater called before beeing initialized
2026-09-29 10:17:12,128 [WARN] DetailPanel:346 - Failed to get advertising image, set to default
2026-09-29 10:17:12,129 [FATAL] Updater:351 - Updater called before beeing initialized
2026-09-29 10:17:12,229 [ERROR] Updater:1198 - MainUpdater not yet initialized. External WinMGr cannot be set.
2026-09-29 10:17:12,244 [INFO] Updater:1134 - Updater Version found : 6.13.0
2026-09-29 10:17:12,263 [INFO] ApplicationProperties:184 - Using Application install path: /Applications/STM32CubeIDE.app/Contents/Eclipse/plugins/com.st.stm32cube.common.mx_6.13.0.202411220809
2026-09-29 10:17:12,405 [INFO] ThirdPartyUpdaterWithRetryManager:70 - Updater plugin not ready yet. [2/15]
2026-09-29 10:17:12,817 [INFO] MainUpdater:2872 - connection check result : 10
2026-09-29 10:17:12,818 [INFO] MainUpdater:289 - Updater Check For Update Now.
2026-09-29 10:17:12,818 [INFO] MicroXplorer:498 - Change Database Version : DB.6.0.130
2026-09-29 10:17:12,833 [INFO] McuFinderGlobals:63 - Set McuFinder mode to 2 (CubeIDE integrated)
2026-09-29 10:17:12,837 [INFO] UserAuth:486 - Internet connection configuration mode: 1
2026-09-29 10:17:12,854 [INFO] JxBrowserEngine:152 - Initiate JxBrowser Engine with user profile folder
2026-09-29 10:17:13,133 [INFO] CheckServerUpdateThread:120 - End of CheckServer Thread
2026-09-29 10:17:15,764 [WARN] PackLoader:240 - Cannot read IP mode file for STMicroelectronics.X-CUBE-AZRTOS-H7.3.5.0
2026-09-29 10:17:15,826 [WARN] PackLoader:240 - Cannot read IP mode file for STMicroelectronics.FP-SNS-MOTENVWB1.1.4.0
2026-09-29 10:17:15,855 [WARN] PackLoader:240 - Cannot read IP mode file for STMicroelectronics.FP-ATR-ASTRA1.2.0.3
2026-09-29 10:17:15,869 [WARN] PackLoader:240 - Cannot read IP mode file for STMicroelectronics.FP-ATR-ASTRA1.2.0.2
2026-09-29 10:17:15,876 [ERROR] Engine:466 - /Users/salvo/.stm32cubemx/thirdparties/pdsc/STMicroelectronics.X-CUBE-SMBUS.2.1.1.pdsc: PDSC version is not supported
2026-09-29 10:17:15,881 [WARN] PackLoader:240 - Cannot read IP mode file for STMicroelectronics.X-CUBE-SMBUS.2.1.0
2026-09-29 10:17:15,893 [WARN] PackLoader:240 - Cannot read IP mode file for STMicroelectronics.X-CUBE-WB05N.1.1.0
2026-09-29 10:17:15,941 [WARN] PackLoader:240 - Cannot read IP mode file for STMicroelectronics.X-CUBE-AZRTOS-F7.1.1.0
2026-09-29 10:17:15,955 [ERROR] Engine:466 - /Users/salvo/.stm32cubemx/thirdparties/pdsc/STMicroelectronics.X-CUBE-FREERTOS.1.6.0.pdsc: PDSC version is not supported
2026-09-29 10:17:15,958 [ERROR] Engine:466 - /Users/salvo/.stm32cubemx/thirdparties/pdsc/STMicroelectronics.FP-SNS-MOTENV1.5.1.0.pdsc: PDSC version is not supported
2026-09-29 10:17:16,004 [WARN] PackLoader:240 - Cannot read IP mode file for STMicroelectronics.X-CUBE-AZRTOS-H7RS.1.3.0
2026-09-29 10:17:16,080 [WARN] PackLoader:240 - Cannot read IP mode file for Infineon.AIROC-Wi-Fi-Bluetooth-STM32.1.7.0
2026-09-29 10:17:16,139 [WARN] PackLoader:240 - Cannot read IP mode file for STMicroelectronics.X-CUBE-DISPLAY.3.0.0
2026-09-29 10:17:16,156 [WARN] PackLoader:240 - Cannot read IP mode file for STMicroelectronics.X-CUBE-GNSS1.7.1.1
2026-09-29 10:17:16,165 [ERROR] Engine:466 - /Users/salvo/.stm32cubemx/thirdparties/pdsc/STMicroelectronics.FP-SNS-MOTENVWB1.1.5.0.pdsc: PDSC version is not supported
2026-09-29 10:17:16,178 [WARN] PackLoader:240 - Cannot read IP mode file for STMicroelectronics.X-CUBE-NFC10.1.0.0
2026-09-29 10:17:16,213 [WARN] PackLoader:240 - Cannot read IP mode file for STMicroelectronics.X-CUBE-BLEMGR.4.0.0
2026-09-29 10:17:16,231 [WARN] PackLoader:240 - Cannot read IP mode file for STMicroelectronics.X-CUBE-ST60.1.1.0
2026-09-29 10:17:16,246 [WARN] PackLoader:240 - Cannot read IP mode file for emotas.I-CUBE-CANOPEN.1.3.0
2026-09-29 10:17:16,253 [ERROR] Engine:466 - /Users/salvo/.stm32cubemx/thirdparties/pdsc/STMicroelectronics.X-CUBE-WBA.1.1.0.pdsc: PDSC version is not supported
2026-09-29 10:17:16,257 [WARN] ConditionMgr:438 - getConditionDescription Invalid condition id : Cortex-A Device cause : null
2026-09-29 10:17:16,276 [WARN] ConditionMgr:1044 - genDependencies : Invalid condition id : Cortex-A Device cause : null
2026-09-29 10:17:16,277 [WARN] ConditionMgr:1044 - genDependencies : Invalid condition id : Cortex-A Device cause : null
2026-09-29 10:17:16,277 [WARN] ConditionMgr:1044 - genDependencies : Invalid condition id : Cortex-A Device cause : null
2026-09-29 10:17:16,281 [WARN] PackLoader:240 - Cannot read IP mode file for STMicroelectronics.X-CUBE-AI.10.0.0
2026-09-29 10:17:16,286 [ERROR] Engine:466 - /Users/salvo/.stm32cubemx/thirdparties/pdsc/STMicroelectronics.FP-SNS-STBOX1.2.1.0.pdsc: PDSC version is not supported
2026-09-29 10:17:16,291 [WARN] PackLoader:240 - Cannot read IP mode file for STMicroelectronics.FP-SNS-SMARTAG2.1.2.0
2026-09-29 10:17:16,297 [WARN] PackLoader:240 - Cannot read IP mode file for STMicroelectronics.FP-SNS-FLIGHT1.5.1.0
2026-09-29 10:17:16,380 [WARN] PackLoader:240 - Cannot read IP mode file for STMicroelectronics.X-CUBE-MEMS1.11.1.0
2026-09-29 10:17:16,531 [INFO] LogOutputStream:77 - [STDOUT_REDIRECT] 1 : Invalid condition id : UX_CORESTACK_Condition cause : null
2026-09-29 10:17:16,535 [INFO] LogOutputStream:77 - [STDOUT_REDIRECT] 1 : Invalid condition id : UX_CORESTACK_Condition cause : null
2026-09-29 10:17:16,536 [INFO] LogOutputStream:77 - [STDOUT_REDIRECT] 1 : Invalid condition id : UX_CORESTACK_Condition cause : null
2026-09-29 10:17:16,536 [INFO] LogOutputStream:77 - [STDOUT_REDIRECT] 1 : Invalid condition id : UX_CORESTACK_Condition cause : null
2026-09-29 10:17:16,536 [INFO] LogOutputStream:77 - [STDOUT_REDIRECT] 1 : Invalid condition id : UX_CORESTACK_Condition cause : null
2026-09-29 10:17:16,558 [WARN] PackLoader:240 - Cannot read IP mode file for STMicroelectronics.X-CUBE-AZRTOS-WL.2.0.0
2026-09-29 10:17:16,605 [WARN] PackLoader:240 - Cannot read IP mode file for STMicroelectronics.FP-SNS-MOTENV1.5.0.0
2026-09-29 10:17:16,629 [WARN] PackLoader:240 - Cannot read IP mode file for WES.I-CUBE-Cesium.1.3.0
2026-09-29 10:17:16,643 [WARN] PackLoader:240 - Cannot read IP mode file for STMicroelectronics.X-CUBE-BLE2.3.3.0
2026-09-29 10:17:16,687 [WARN] PackLoader:240 - Cannot read IP mode file for STMicroelectronics.X-CUBE-NFC9.1.0.0
2026-09-29 10:17:16,697 [WARN] PackLoader:240 - Cannot read IP mode file for STMicroelectronics.X-CUBE-BLE1.7.1.0
2026-09-29 10:17:16,700 [WARN] PackLoader:240 - Cannot read IP mode file for wolfSSL.I-CUBE-wolfMQTT.1.19.2
2026-09-29 10:17:16,707 [WARN] PackLoader:240 - Cannot read IP mode file for STMicroelectronics.X-CUBE-EEPRMA1.5.2.0
2026-09-29 10:17:16,725 [WARN] PackLoader:240 - Cannot read IP mode file for STMicroelectronics.X-CUBE-AI.10.1.0
2026-09-29 10:17:17,027 [WARN] PackLoader:240 - Cannot read IP mode file for STMicroelectronics.X-CUBE-MEMS1.11.2.0
2026-09-29 10:17:17,134 [WARN] PackLoader:240 - Cannot read IP mode file for STMicroelectronics.X-CUBE-AZRTOS-G0.1.1.0
2026-09-29 10:17:17,147 [WARN] PackLoader:240 - Cannot read IP mode file for STMicroelectronics.X-CUBE-SAFEA1.1.2.2
2026-09-29 10:17:17,154 [WARN] PackLoader:240 - Cannot read IP mode file for STMicroelectronics.X-CUBE-NFC4.3.0.0
2026-09-29 10:17:17,167 [WARN] PackLoader:240 - Cannot read IP mode file for EmbeddedOffice.I-CUBE-FS-RTOS.1.0.1
2026-09-29 10:17:17,174 [WARN] PackLoader:240 - Cannot read IP mode file for STMicroelectronics.X-CUBE-WB05N.2.0.0
2026-09-29 10:17:17,179 [WARN] PackLoader:240 - Cannot read IP mode file for wolfSSL.I-CUBE-wolfTPM.3.8.0
2026-09-29 10:17:17,184 [WARN] PackLoader:240 - Cannot read IP mode file for STMicroelectronics.X-CUBE-TCPP.4.2.0
2026-09-29 10:17:17,190 [WARN] PackLoader:240 - Cannot read IP mode file for RealThread.X-CUBE-RT-Thread_Nano.4.1.1
2026-09-29 10:17:17,193 [WARN] PackLoader:240 - Cannot read IP mode file for STMicroelectronics.FP-ATR-SIGFOX1.3.2.0
2026-09-29 10:17:17,199 [WARN] PackLoader:240 - Cannot read IP mode file for STMicroelectronics.X-CUBE-EEPRMA1.5.1.0
2026-09-29 10:17:17,206 [WARN] PackLoader:240 - Cannot read IP mode file for wolfSSL.I-CUBE-wolfSSL.5.7.6
2026-09-29 10:17:17,211 [WARN] PackLoader:240 - Cannot read IP mode file for ITTIA_DB.I-CUBE-ITTIADB.8.9.0
2026-09-29 10:17:17,222 [WARN] PackLoader:240 - Cannot read IP mode file for STMicroelectronics.X-CUBE-NFC6.3.2.0
2026-09-29 10:17:17,231 [WARN] PackLoader:240 - Cannot read IP mode file for STMicroelectronics.X-CUBE-AI.10.2.1
2026-09-29 10:17:17,270 [WARN] PackLoader:240 - Cannot read IP mode file for SEGGER.I-CUBE-embOS.1.3.1
2026-09-29 10:17:17,837 [WARN] PackLoader:240 - Cannot read IP mode file for STMicroelectronics.X-CUBE-ALGOBUILD.1.4.0
2026-09-29 10:17:17,935 [ERROR] Engine:466 - /Users/salvo/.stm32cubemx/thirdparties/pdsc/STMicroelectronics.FP-SNS-STAIOTCFT.2.0.0.pdsc: PDSC version is not supported
2026-09-29 10:17:17,966 [WARN] PackLoader:240 - Cannot read IP mode file for STMicroelectronics.X-CUBE-NFC13.1.0.0
2026-09-29 10:17:17,994 [WARN] PackLoader:240 - Cannot read IP mode file for STMicroelectronics.X-CUBE-PM33A1.1.0.0
2026-09-29 10:17:18,052 [WARN] PackLoader:240 - Cannot read IP mode file for STMicroelectronics.X-CUBE-AZRTOS-F4.1.1.0
2026-09-29 10:17:18,069 [WARN] PackLoader:240 - Cannot read IP mode file for Avnet-IotConnect.X-CUBE-IoTC-DA16k-PMOD.1.0.0
2026-09-29 10:17:18,079 [WARN] PackLoader:240 - Cannot read IP mode file for STMicroelectronics.X-CUBE-ISPU.2.1.0
2026-09-29 10:17:18,089 [ERROR] Engine:466 - /Users/salvo/.stm32cubemx/thirdparties/pdsc/STMicroelectronics.X-CUBE-IPS.3.2.0.pdsc: PDSC version is not supported
2026-09-29 10:17:18,095 [WARN] PackLoader:240 - Cannot read IP mode file for STMicroelectronics.eDS-WB_DPC_TT-BIDIR.2.1.1
2026-09-29 10:17:18,108 [WARN] PackLoader:240 - Cannot read IP mode file for STMicroelectronics.X-CUBE-NFC12.1.0.0
2026-09-29 10:17:18,140 [WARN] PackLoader:240 - Cannot read IP mode file for STMicroelectronics.X-CUBE-AZRTOS-L5.2.0.0
2026-09-29 10:17:18,157 [WARN] PackLoader:240 - Cannot read IP mode file for STMicroelectronics.X-CUBE-NFC6.3.1.0
2026-09-29 10:17:18,176 [WARN] PackLoader:240 - Cannot read IP mode file for STMicroelectronics.X-CUBE-ALGOBUILD.1.5.0
2026-09-29 10:17:18,194 [WARN] PackLoader:240 - Cannot read IP mode file for STMicroelectronics.X-CUBE-DPower.1.2.0
2026-09-29 10:17:18,198 [WARN] PackLoader:240 - Cannot read IP mode file for STMicroelectronics.eDS-WB_DPC_VIENNA.1.2.0
2026-09-29 10:17:18,272 [INFO] WebApp:168 - Instantiating new browser for Auth
2026-09-29 10:17:18,272 [WARN] PackLoader:240 - Cannot read IP mode file for STMicroelectronics.X-CUBE-MEMS1.13.0.0
2026-09-29 10:17:18,351 [WARN] PackLoader:240 - Cannot read IP mode file for STMicroelectronics.eDS-WB_DPC_3PH2L-BIDIR.1.1.1
2026-09-29 10:17:18,358 [ERROR] Engine:466 - /Users/salvo/.stm32cubemx/thirdparties/pdsc/STMicroelectronics.X-CUBE-ST67W61.1.3.0.pdsc: PDSC version is not supported
2026-09-29 10:17:18,371 [WARN] PackLoader:240 - Cannot read IP mode file for STMicroelectronics.X-CUBE-FREERTOS.1.3.1
2026-09-29 10:17:18,383 [WARN] PackLoader:240 - Cannot read IP mode file for STMicroelectronics.X-CUBE-FREERTOS.1.3.0
2026-09-29 10:17:18,393 [WARN] PackLoader:240 - Cannot read IP mode file for STMicroelectronics.X-CUBE-NFC7.1.0.1
2026-09-29 10:17:18,421 [WARN] PackLoader:240 - Cannot read IP mode file for STMicroelectronics.X-CUBE-TOUCHGFX.4.26.1
2026-09-29 10:17:18,432 [WARN] PackLoader:240 - Cannot read IP mode file for STMicroelectronics.X-CUBE-DPower.1.3.0
2026-09-29 10:17:18,461 [WARN] ConditionMgr:438 - getConditionDescription Invalid condition id : LAN8742 Phy interface Condition cause : null
2026-09-29 10:17:18,463 [WARN] PackLoader:240 - Cannot read IP mode file for STMicroelectronics.X-CUBE-AZRTOS-L4.2.0.0
2026-09-29 10:17:18,466 [WARN] ConditionMgr:1044 - genDependencies : Invalid condition id : LAN8742 Phy interface Condition cause : null
2026-09-29 10:17:18,467 [WARN] ConditionMgr:1044 - genDependencies : Invalid condition id : LAN8742 Phy interface Condition cause : null
2026-09-29 10:17:18,468 [WARN] ConditionMgr:1044 - genDependencies : Invalid condition id : LAN8742 Phy interface Condition cause : null
2026-09-29 10:17:18,480 [WARN] PackLoader:240 - Cannot read IP mode file for STMicroelectronics.X-CUBE-SFXS2LP1.4.0.0
2026-09-29 10:17:18,488 [WARN] PackLoader:240 - Cannot read IP mode file for STMicroelectronics.X-CUBE-WB05N.2.1.0
2026-09-29 10:17:18,517 [WARN] PackLoader:240 - Cannot read IP mode file for STMicroelectronics.X-CUBE-AZRTOS-H7.3.3.0
2026-09-29 10:17:18,561 [WARN] ConditionMgr:438 - getConditionDescription Invalid condition id : UX DEVICE CLASS RTOS Condition cause : null
2026-09-29 10:17:18,562 [WARN] ConditionMgr:438 - getConditionDescription Invalid condition id : UX DEVICE CLASS RTOS Condition cause : null
2026-09-29 10:17:18,567 [WARN] PackLoader:240 - Cannot read IP mode file for STMicroelectronics.X-CUBE-AZRTOS-WB.2.0.0
2026-09-29 10:17:18,569 [WARN] ConditionMgr:1044 - genDependencies : Invalid condition id : UX DEVICE CLASS RTOS Condition cause : null
2026-09-29 10:17:18,570 [WARN] ConditionMgr:1044 - genDependencies : Invalid condition id : UX DEVICE CLASS RTOS Condition cause : null
2026-09-29 10:17:18,570 [WARN] ConditionMgr:1044 - genDependencies : Invalid condition id : UX DEVICE CLASS RTOS Condition cause : null
2026-09-29 10:17:18,571 [WARN] ConditionMgr:1044 - genDependencies : Invalid condition id : UX DEVICE CLASS RTOS Condition cause : null
2026-09-29 10:17:18,571 [WARN] ConditionMgr:1044 - genDependencies : Invalid condition id : UX DEVICE CLASS RTOS Condition cause : null
2026-09-29 10:17:18,584 [WARN] PackLoader:240 - Cannot read IP mode file for STMicroelectronics.X-CUBE-GNSS1.7.0.1
2026-09-29 10:17:18,591 [WARN] PackLoader:240 - Cannot read IP mode file for STMicroelectronics.X-CUBE-TOUCHGFX.4.25.0
2026-09-29 10:17:18,599 [WARN] PackLoader:240 - Cannot read IP mode file for STMicroelectronics.FP-SNS-STBOX1.2.0.0
2026-09-29 10:17:18,610 [WARN] PackLoader:240 - Cannot read IP mode file for STMicroelectronics.X-CUBE-STSE01.2.0.0
2026-09-29 10:17:18,627 [WARN] PackLoader:240 - Cannot read IP mode file for STMicroelectronics.X-CUBE-SUBG2.5.0.0
2026-09-29 10:17:18,659 [WARN] PackLoader:240 - Cannot read IP mode file for STMicroelectronics.X-CUBE-AZRTOS-H7RS.1.1.0
2026-09-29 10:17:18,667 [WARN] PackLoader:240 - Cannot read IP mode file for Cesanta.I-CUBE-Mongoose.7.13.0
2026-09-29 10:17:18,685 [WARN] PackLoader:240 - Cannot read IP mode file for STMicroelectronics.X-CUBE-AZRTOS-G4.2.0.0
2026-09-29 10:17:18,692 [WARN] PackLoader:240 - Cannot read IP mode file for wolfSSL.I-CUBE-wolfSSH.1.4.20
2026-09-29 10:17:18,696 [WARN] PackLoader:240 - Cannot read IP mode file for STMicroelectronics.X-CUBE-NFC7.2.0.0
2026-09-29 10:17:18,711 [WARN] PackLoader:240 - Cannot read IP mode file for STMicroelectronics.X-CUBE-IPS.3.1.0
2026-09-29 10:17:18,719 [ERROR] Engine:466 - /Users/salvo/.stm32cubemx/thirdparties/pdsc/STMicroelectronics.X-CUBE-BLEMGR.4.2.0.pdsc: PDSC version is not supported
2026-09-29 10:17:18,722 [WARN] PackLoader:240 - Cannot read IP mode file for STMicroelectronics.X-CUBE-ALS.1.0.2
2026-09-29 10:17:18,729 [WARN] PackLoader:240 - Cannot read IP mode file for portGmbH.I-Cube-SoM-uGOAL.1.1.0
2026-09-29 10:17:18,741 [WARN] PackLoader:240 - Cannot read IP mode file for STMicroelectronics.X-CUBE-TOF1.3.4.2
2026-09-29 10:17:18,761 [WARN] PackLoader:240 - Cannot read IP mode file for STMicroelectronics.X-CUBE-TOF1.3.4.3
2026-09-29 10:17:18,779 [INFO] ThirdParty:978 - Integrity check success = true
2026-09-29 10:17:18,779 [INFO] IntegrityCheckThread:100 - exiting critical section [integrity check]
2026-09-29 10:17:18,779 [INFO] IntegrityCheckThread:103 - End integrity checks thread
2026-09-29 10:17:20,168 [INFO] WebApp:449 - Apply proxy settings
2026-09-29 10:17:20,193 [INFO] WebApp:494 - Chromium authenticates against Manually configured proxy
2026-09-29 10:17:20,217 [INFO] WebApp:502 - Username used for proxy authentication: 
2026-09-29 10:17:20,289 [INFO] WebApp:880 - Register for checkConnection events
2026-09-29 10:17:20,290 [INFO] WebApp:449 - Apply proxy settings
2026-09-29 10:17:20,299 [INFO] WebApp:494 - Chromium authenticates against Manually configured proxy
2026-09-29 10:17:20,299 [INFO] WebApp:502 - Username used for proxy authentication: 
2026-09-29 10:17:20,548 [INFO] WebApp:221 - Starting web application
2026-09-29 10:17:20,549 [INFO] WebApp:579 - Web application path used /Applications/STM32CubeIDE.app/Contents/Eclipse/plugins/com.st.stm32cube.common.mx_6.13.0.202411220809/db/plugins/mcufinder/reactClient1/index.html
2026-09-29 10:17:21,170 [INFO] WebApp:187 - Connection restablished
2026-09-29 10:17:21,431 [INFO] UserAuth:486 - Internet connection configuration mode: 1
2026-09-29 10:18:48,608 [INFO] McuFinderGlobals:63 - Set McuFinder mode to 2 (CubeIDE integrated)
2026-09-29 10:18:48,634 [INFO] MainUpdater:2872 - connection check result : 10
2026-09-29 10:18:48,649 [INFO] McuFinderGlobals:76 - Set McuFinderConnectedMode to true
2026-09-29 10:18:50,227 [INFO] ServerAccessManage:473 - Download File mcusAds.json._tmp_
2026-09-29 10:18:50,379 [INFO] LoadUrlFilesThread:156 - End of LoadUrlFiles Thread
2026-09-29 10:18:51,328 [INFO] ServerAccessManage:473 - Download File cube-finder-db.zip
2026-09-29 10:18:53,903 [INFO] FileExtend:240 - Unzip File : cube-finder-db.zip
2026-09-29 10:18:53,906 [INFO] FileExtend:255 - Standard Zip Deflate
2026-09-29 10:18:54,638 [INFO] LoadUrlFilesThread:156 - End of LoadUrlFiles Thread
2026-09-29 10:19:35,443 [INFO] DbMcusAds:53 - JSON generation date=Tue Sep 22 14:25:16 CEST 2026 (1790079916640)
2026-09-29 10:19:35,534 [ERROR] TargetSelectorAdapter:267 - Unable to refresh data
2026-09-29 10:19:36,582 [INFO] ApiDb:581 - Connected to CubeFinder SQLite database (/Users/salvo/.stmcufinder/plugins/mcufinder/mcu/cube-finder-db.db)
2026-09-29 10:19:36,668 [INFO] ApiDb:668 - CubeFinder database Data Model version=2.1
2026-09-29 10:19:36,668 [INFO] ApiDb:669 - CubeFinder database Configuration version=3.0.42
2026-09-29 10:19:36,669 [INFO] ApiDb:670 - CubeFinder database generation date=2026-08-04 (1785840812)
2026-09-29 10:19:36,669 [INFO] ApiDb:671 - CubeFinder database FW Pack versions=[FP-ATR-ASTRA1_V2.0.0, FP-SNS-FLIGHT1_V5.1.0, FP-SNS-MOTENV1_V5.1.0, FP-SNS-MOTENVWB1_V1.5.0, FP-SNS-SMARTAG2_V1.2.0, FP-SNS-STBOX1_V2.1.0, STM32Cube_FW_C0_V1.4.1, STM32Cube_FW_F4_V1.28.3, STM32Cube_FW_F7_V1.17.4, STM32Cube_FW_G0_V1.6.3, STM32Cube_FW_G4_V1.6.2, STM32Cube_FW_H5_V1.7.0, STM32Cube_FW_H7RS_V1.3.0, STM32Cube_FW_H7_V1.13.0, STM32Cube_FW_L0_V1.12.2, STM32Cube_FW_L4_V1.18.2, STM32Cube_FW_L5_V1.6.0, STM32Cube_FW_N6_V1.4.0, STM32Cube_FW_U0_V1.3.0, STM32Cube_FW_U3_V1.4.0, STM32Cube_FW_U5_V1.9.0, STM32Cube_FW_WB0_V1.5.0, STM32Cube_FW_WBA_V1.10.0, STM32Cube_FW_WB_V1.24.0, STM32Cube_FW_WL3_V1.5.0, STM32Cube_FW_WL_V1.6.0, X-CUBE-ALGOBUILD_V1.5.0, X-CUBE-ALS_V1.0.2, X-CUBE-AZRTOS-F4_V1.1.0, X-CUBE-AZRTOS-F7_V1.1.0, X-CUBE-AZRTOS-G0_V1.1.0, X-CUBE-AZRTOS-G4_V2.0.0, X-CUBE-AZRTOS-H7RS_V1.3.0, X-CUBE-AZRTOS-H7_V3.5.0, X-CUBE-AZRTOS-L4_V2.0.0, X-CUBE-AZRTOS-L5_V2.0.0, X-CUBE-AZRTOS-WB_V2.0.0, X-CUBE-AZRTOS-WL_V2.0.0, X-CUBE-BLE1_V7.1.0, X-CUBE-BLE2_V3.3.0, X-CUBE-BLEMGR_V4.2.0, X-CUBE-EEPRMA1_V5.2.0, X-CUBE-FREERTOS_V1.6.0, X-CUBE-GNSS1_V7.1.1, X-CUBE-MEMS1_V13.0.0, X-CUBE-NFC4_V3.0.0, X-CUBE-NFC7_V2.0.0, X-CUBE-SFXS2LP1_V4.0.0, X-CUBE-ST67W61_V1.3.0, X-CUBE-SUBG2_V5.0.0, X-CUBE-TOF1_V3.4.3]
2026-09-29 10:19:36,786 [INFO] DbBoardsSqlite:226 - include board P-NUCLEO-WB55-NUCLEO as a kit item of type 'Nucleo-64'
2026-09-29 10:19:36,787 [INFO] DbBoardsSqlite:226 - include board P-NUCLEO-WB55-USBDONGLE as a kit item of type 'Nucleo USB Dongle'
2026-09-29 10:19:36,788 [INFO] DbBoardsSqlite:226 - include board STEVAL-IDP005V1 as a kit item of type 'Evaluation Board'
2026-09-29 10:19:36,788 [INFO] DbBoardsSqlite:226 - include board STEVAL-IDP005V2 as a kit item of type 'Evaluation Board'
2026-09-29 10:19:36,964 [INFO] ApiDb:240 - Found 858 in-development CPN: [B-G473E-ZEST1S, B-WB1M-WPAN1, B-WBA5M-WPAN, B-WL5M-SUBG1, NUCLEO-C031C6, NUCLEO-C051C8, NUCLEO-C071RB, NUCLEO-C092RC, NUCLEO-H503RB, NUCLEO-H533RE, NUCLEO-H563ZI, NUCLEO-H7S3L8, NUCLEO-N657X0-Q, NUCLEO-U031R8, NUCLEO-U083RC, NUCLEO-U385RG-Q, NUCLEO-U545RE-Q, NUCLEO-U5A5ZJ-Q, NUCLEO-WB05KZ, NUCLEO-WB07CC, NUCLEO-WB09KE, NUCLEO-WBA52CG, NUCLEO-WBA55CG, NUCLEO-WL33CC1, NUCLEO-WL33CC2, STEVAL-PROTEUS1, STEVAL-SMARTAG2, STEVAL-STWINBX1, STM320518-EVAL, STM32C0116-DK, STM32C011D6Y3TR, STM32C011D6Y6TR, STM32C011F4P3, STM32C011F4P6, STM32C011F4U3, STM32C011F4U6TR, STM32C011F6P3, STM32C011F6P6, STM32C011F6U3, STM32C011F6U6TR, STM32C011J4M3, STM32C011J4M6, STM32C011J6M3, STM32C011J6M6, STM32C0316-DK, STM32C031C4T3, STM32C031C4T6, STM32C031C4U3, STM32C031C4U6, STM32C031C6T3, STM32C031C6T6, STM32C031C6U3, STM32C031C6U6, STM32C031F4P3, STM32C031F4P6, STM32C031F6P3, STM32C031F6P6, STM32C031G4U3, STM32C031G4U6, STM32C031G6U3, STM32C031G6U6, STM32C031K4T3, STM32C031K4T6, STM32C031K4U3, STM32C031K4U6, STM32C031K6T3, STM32C031K6T6, STM32C031K6U3, STM32C031K6U6, STM32C051C6T6, STM32C051C6U6, STM32C051C8T6, STM32C051C8U6, STM32C051D8Y6TR, STM32C051F6P6, STM32C051F8P6, STM32C051G6U6, STM32C051G8U6, STM32C051K6T6, STM32C051K6U6, STM32C051K8T6, STM32C071C8T6, STM32C071C8T6N, STM32C071C8U6, STM32C071C8U6N, STM32C071CBT6, STM32C071CBT6N, STM32C071CBU6, STM32C071CBU6N, STM32C071F8P6, STM32C071F8P6N, STM32C071FBP6, STM32C071FBP6N, STM32C071FBY6TR, STM32C071G8U6, STM32C071G8U6N, STM32C071GBU6, STM32C071GBU6N, STM32C071K8T6, STM32C071K8T6N, STM32C071K8U6, STM32C071K8U6N, STM32C071KBT6, STM32C071KBT6N, STM32C071KBU6, STM32C071KBU6N, STM32C071R8T6, STM32C071R8T6N, STM32C071RBI6N, STM32C071RBT6, STM32C071RBT6N, STM32C091CBT6, STM32C091CBU6, STM32C091CCT6, STM32C091CCU6, STM32C091ECY6TR, STM32C091FBP6, STM32C091FCP6, STM32C091GBU6, STM32C091GCU6, STM32C091KBT6, STM32C091KBU6, STM32C091KCT6, STM32C091KCU6, STM32C091RBT6, STM32C091RCI6, STM32C091RCT6, STM32C092CBT6, STM32C092CBU6, STM32C092CCT6, STM32C092CCU6, STM32C092ECY6TR, STM32C092FBP6, STM32C092FCP6, STM32C092GBU6, STM32C092GCU6, STM32C092KBT6, STM32C092KBU6, STM32C092KCT6, STM32C092KCU6, STM32C092RBT6, STM32C092RCI6, STM32C092RCT6, STM32G071K8TXN, STM32G071K8UXN, STM32G081GBU6N, STM32G081KBT6N, STM32G081KBUXN, STM32G0B1CCT6N, STM32G0B1KCT6, STM32G0B1NEY6TR, STM32G0B1RCT6N, STM32G0C1CCT6, STM32G0C1CCT6N, STM32G0C1CCU6N, STM32G0C1CET6N, STM32G0C1CEU6N, STM32G0C1KCT6, STM32G0C1NEY6TR, STM32G0C1RCI6N, STM32G0C1RCT6N, STM32G0C1REI6N, STM32G0C1RET6N, STM32G0C1VCI6, STM32G0C1VEI6, STM32G411C6T3, STM32G411C6T6, STM32G411C6U3, STM32G411C6U6, STM32G411C8T3, STM32G411C8T6, STM32G411C8U3, STM32G411C8U6, STM32G411CBT3, STM32G411CBT6, STM32G411CBU3, STM32G411CBU6, STM32G411CCT3, STM32G411CCT6, STM32G411CCU3, STM32G411CCU6, STM32G411K6T3, STM32G411K6T6, STM32G411K6U3, STM32G411K6U6, STM32G411K8T3, STM32G411K8T6, STM32G411K8U3, STM32G411K8U6, STM32G411KBT3, STM32G411KBT6, STM32G411KBU3, STM32G411KBU6, STM32G411M6T3, STM32G411M6T6, STM32G411M8T3, STM32G411M8T6, STM32G411MBT3, STM32G411MBT6, STM32G411MCT3, STM32G411MCT6, STM32G411R6T3, STM32G411R6T6, STM32G411R8T3, STM32G411R8T6, STM32G411RBT3, STM32G411RBT6, STM32G411RCT3, STM32G411RCT6, STM32G414CBT3, STM32G414CBT6, STM32G414CBU3, STM32G414CBU6, STM32G414CCT3, STM32G414CCT6, STM32G414CCU3, STM32G414CCU6, STM32G414MBT3, STM32G414MBT6, STM32G414MCT3, STM32G414MCT6, STM32G414RBT3, STM32G414RBT6, STM32G414RCT3, STM32G414RCT6, STM32G414VBT3, STM32G414VBT6, STM32G414VCT3, STM32G414VCT6, STM32G431CBT3Z, STM32G431RBT3Z, STM32G471CCT6, STM32G471CCU6, STM32G471CET3, STM32G471CET6, STM32G471CEU3, STM32G471CEU6, STM32G471MCT6, STM32G471MET3, STM32G471MET6, STM32G471MEY6TR, STM32G471QCT6, STM32G471QET3, STM32G471RCT6, STM32G471RET3, STM32G471RET6, STM32G471VCH6, STM32G471VCI6, STM32G471VCT6, STM32G471VEH3, STM32G471VEH6, STM32G471VEI3, STM32G471VEI6, STM32G471VET3, STM32G471VET6, STM32G473QET3Z, STM32G473RET3Z, STM32G474CCT6, STM32G491RET3Z, STM32H503CBT6, STM32H503CBU6, STM32H503EBY6TR, STM32H503KBU6, STM32H503RBT6, STM32H523CCT6, STM32H523CCU6, STM32H523CET6, STM32H523CEU6, STM32H523HEY6TR, STM32H523RCT6, STM32H523RET6, STM32H523VCI6, STM32H523VCT6, STM32H523VEI6, STM32H523VET6, STM32H523ZCJ6, STM32H523ZCT6, STM32H523ZEJ6, STM32H523ZET6, STM32H533CET6, STM32H533CEU6, STM32H533HEY6TR, STM32H533RET6, STM32H533VEI6, STM32H533VET6, STM32H533ZEJ6, STM32H533ZET6, STM32H562AGI6, STM32H562AII6, STM32H562IGK6, STM32H562IGT6, STM32H562IIK6, STM32H562IIT6, STM32H562RGT6, STM32H562RGV6, STM32H562RIT6, STM32H562RIV6, STM32H562VGT6, STM32H562VIT6, STM32H562ZGT6, STM32H562ZIT6, STM32H563AGI6, STM32H563AII3Q, STM32H563AII6, STM32H563IGK6, STM32H563IGT6, STM32H563IIK3Q, STM32H563IIK6, STM32H563IIT3Q, STM32H563IIT6, STM32H563MIY3QTR, STM32H563RGT6, STM32H563RGV6, STM32H563RIT6, STM32H563RIV6, STM32H563VGT6, STM32H563VIT3Q, STM32H563VIT6, STM32H563ZGT6, STM32H563ZIT3Q, STM32H563ZIT6, STM32H573AII3Q, STM32H573AII6, STM32H573I-DK, STM32H573IIK3Q, STM32H573IIK6, STM32H573IIT3Q, STM32H573IIT6, STM32H573MIY3QTR, STM32H573RIT6, STM32H573RIV6, STM32H573VIT3Q, STM32H573VIT6, STM32H573ZIT3Q, STM32H573ZIT6, STM32H7R3A8I6, STM32H7R3I8K6, STM32H7R3I8T6, STM32H7R3L8H6, STM32H7R3L8H6H, STM32H7R3R8V6, STM32H7R3V8H6, STM32H7R3V8T6, STM32H7R3V8Y6TR, STM32H7R3Z8J6, STM32H7R3Z8T6, STM32H7R7A8I6, STM32H7R7I8K6, STM32H7R7I8T6, STM32H7R7L8H6, STM32H7R7L8H6H, STM32H7R7Z8J6, STM32H7S3A8I6, STM32H7S3I8K6, STM32H7S3I8T6, STM32H7S3L8H6, STM32H7S3L8H6H, STM32H7S3R8V6, STM32H7S3V8H6, STM32H7S3V8T6, STM32H7S3V8Y6TR, STM32H7S3Z8J6, STM32H7S3Z8T6, STM32H7S78-DK, STM32H7S7A8I6, STM32H7S7I8K6, STM32H7S7I8T6, STM32H7S7L8H6, STM32H7S7L8H6H, STM32H7S7Z8J6, STM32L4R5QGI6STR, STM32MP131AAE3, STM32MP131AAF3, STM32MP131AAG3, STM32MP131CAE3, STM32MP131CAF3, STM32MP131CAG3, STM32MP131DAE7, STM32MP131DAF7, STM32MP131DAG7, STM32MP131FAE7, STM32MP131FAF7, STM32MP131FAG7, STM32MP133AAE3, STM32MP133AAF3, STM32MP133AAG3, STM32MP133CAE3, STM32MP133CAF3, STM32MP133CAG3, STM32MP133DAE7, STM32MP133DAF7, STM32MP133DAG7, STM32MP133FAE7, STM32MP133FAF7, STM32MP133FAG7, STM32MP135AAE3, STM32MP135AAF3, STM32MP135AAG3, STM32MP135CAE3, STM32MP135CAF3, STM32MP135CAG3, STM32MP135DAE7, STM32MP135DAF7, STM32MP135DAG7, STM32MP135F-DK, STM32MP135FAE7, STM32MP135FAF7, STM32MP135FAF7T, STM32MP135FAF7U, STM32MP135FAG7, STM32MP231AAJ3, STM32MP231AAK3, STM32MP231AAL3, STM32MP231CAJ3, STM32MP231CAK3, STM32MP231CAL3, STM32MP231DAJ3, STM32MP231DAK3, STM32MP231DAL3, STM32MP231FAJ3, STM32MP231FAK3, STM32MP231FAL3, STM32MP233AAJ3, STM32MP233AAK3, STM32MP233AAL3, STM32MP233CAJ3, STM32MP233CAK3, STM32MP233CAL3, STM32MP233DAJ3, STM32MP233DAK3, STM32MP233DAL3, STM32MP233FAJ3, STM32MP233FAK3, STM32MP233FAL3, STM32MP235AAJ3, STM32MP235AAK3, STM32MP235AAL3, STM32MP235CAJ3, STM32MP235CAK3, STM32MP235CAL3, STM32MP235DAJ3, STM32MP235DAK3, STM32MP235DAL3, STM32MP235FAJ3, STM32MP235FAK3, STM32MP235FAL3, STM32MP251AAI3, STM32MP251AAJ3, STM32MP251AAK3, STM32MP251AAL3, STM32MP251CAI3, STM32MP251CAJ3, STM32MP251CAK3, STM32MP251CAL3, STM32MP251DAI3, STM32MP251DAJ3, STM32MP251DAK3, STM32MP251DAL3, STM32MP251FAI3, STM32MP251FAJ3, STM32MP251FAK3, STM32MP251FAL3, STM32MP253AAI3, STM32MP253AAJ3, STM32MP253AAK3, STM32MP253AAL3, STM32MP253CAI3, STM32MP253CAJ3, STM32MP253CAK3, STM32MP253CAL3, STM32MP253DAI3, STM32MP253DAJ3, STM32MP253DAK3, STM32MP253DAL3, STM32MP253FAI3, STM32MP253FAJ3, STM32MP253FAK3, STM32MP253FAL3, STM32MP255AAI3, STM32MP255AAJ3, STM32MP255AAK3, STM32MP255AAL3, STM32MP255CAI3, STM32MP255CAJ3, STM32MP255CAK3, STM32MP255CAL3, STM32MP255DAI3, STM32MP255DAJ3, STM32MP255DAK3, STM32MP255DAL3, STM32MP255FAI3, STM32MP255FAJ3, STM32MP255FAK3, STM32MP255FAL3, STM32MP257AAI3, STM32MP257AAJ3, STM32MP257AAK3, STM32MP257AAL3, STM32MP257CAI3, STM32MP257CAJ3, STM32MP257CAK3, STM32MP257CAL3, STM32MP257DAI3, STM32MP257DAJ3, STM32MP257DAK3, STM32MP257DAL3, STM32MP257F-DK, STM32MP257F-EV1, STM32MP257FAI3, STM32MP257FAJ3, STM32MP257FAK3, STM32MP257FAL3, STM32N645A0H3Q, STM32N645B0H3Q, STM32N645I0H3Q, STM32N645L0H3Q, STM32N645X0H3Q, STM32N645Z0H3Q, STM32N647A0H3Q, STM32N647B0H3Q, STM32N647I0H3Q, STM32N647L0H3Q, STM32N647X0H3Q, STM32N647Z0H3Q, STM32N655A0H3Q, STM32N655B0H3Q, STM32N655I0H3Q, STM32N655L0H3Q, STM32N655X0H3Q, STM32N655Z0H3Q, STM32N6570-DK, STM32N657A0H3Q, STM32N657B0H3Q, STM32N657I0H3Q, STM32N657L0H3Q, STM32N657X0H3Q, STM32N657Z0H3Q, STM32U031C6T6, STM32U031C6U6, STM32U031C8T6, STM32U031C8U6, STM32U031F4P6, STM32U031F6P6, STM32U031F8P6, STM32U031G6Y6TR, STM32U031G8Y6TR, STM32U031K4U6, STM32U031K6U6, STM32U031K8U6, STM32U031R6I6, STM32U031R6T6, STM32U031R8I6, STM32U031R8T6, STM32U073C8T6, STM32U073C8U6, STM32U073CBT6, STM32U073CBU6, STM32U073CCT6, STM32U073CCU6, STM32U073H8Y6TR, STM32U073HBY6TR, STM32U073HCY6TR, STM32U073K8U6, STM32U073KBU6, STM32U073KCU6, STM32U073M8I6, STM32U073M8T6, STM32U073MBI6, STM32U073MBT6, STM32U073MCI6, STM32U073MCT6, STM32U073R8I6, STM32U073R8T6, STM32U073RBI6, STM32U073RBT6, STM32U073RCI6, STM32U073RCT6, STM32U083C-DK, STM32U083CCT6, STM32U083CCU6, STM32U083HCY6TR, STM32U083KCU6, STM32U083MCI6, STM32U083MCT6, STM32U083RCI6, STM32U083RCT6, STM32U375CET6, STM32U375CET6Q, STM32U375CEU6, STM32U375CEU6Q, STM32U375CEY6QTR, STM32U375CGT6, STM32U375CGT6Q, STM32U375CGU6, STM32U375CGU6Q, STM32U375CGY6QTR, STM32U375KEU6, STM32U375KGU6, STM32U375REI6, STM32U375REI6Q, STM32U375RET6, STM32U375RET6Q, STM32U375REY6GTR, STM32U375REY6QTR, STM32U375RGI6, STM32U375RGI6Q, STM32U375RGT6, STM32U375RGT6Q, STM32U375RGY6GTR, STM32U375RGY6QTR, STM32U375VEI6, STM32U375VEI6Q, STM32U375VET6, STM32U375VET6Q, STM32U375VGI6, STM32U375VGI6Q, STM32U375VGT6, STM32U375VGT6Q, STM32U385CGT6, STM32U385CGT6Q, STM32U385CGU6, STM32U385CGU6Q, STM32U385CGY6QTR, STM32U385KGU6, STM32U385RGI6, STM32U385RGI6Q, STM32U385RGT6, STM32U385RGT6Q, STM32U385RGY6GTR, STM32U385RGY6QTR, STM32U385VGI6, STM32U385VGI6Q, STM32U385VGT6, STM32U385VGT6Q, STM32U535CBT6, STM32U535CBT6Q, STM32U535CBU6, STM32U535CBU6Q, STM32U535CCT6, STM32U535CCT6Q, STM32U535CCU6, STM32U535CCU6Q, STM32U535CET6, STM32U535CET6Q, STM32U535CEU6, STM32U535CEU6Q, STM32U535JEY6QTR, STM32U535NCY6QTR, STM32U535NEY6QTR, STM32U535RBI6, STM32U535RBI6Q, STM32U535RBT6, STM32U535RBT6Q, STM32U535RCI6, STM32U535RCI6Q, STM32U535RCT6, STM32U535RCT6Q, STM32U535REI6, STM32U535REI6Q, STM32U535RET6, STM32U535RET6Q, STM32U535VCI6, STM32U535VCI6Q, STM32U535VCT6, STM32U535VCT6Q, STM32U535VEI6, STM32U535VEI6Q, STM32U535VET6, STM32U535VET6Q, STM32U545CET6, STM32U545CET6Q, STM32U545CEU6, STM32U545CEU6Q, STM32U545JEY6QTR, STM32U545NEY6QTR, STM32U545REI6, STM32U545REI6Q, STM32U545RET6, STM32U545RET6Q, STM32U545VEI6, STM32U545VEI6Q, STM32U545VET6, STM32U545VET6Q, STM32U595AIH6, STM32U595AIH6Q, STM32U595AJH6, STM32U595AJH6Q, STM32U595QII6, STM32U595QII6Q, STM32U595QJI6, STM32U595QJI6Q, STM32U595RIT6, STM32U595RIT6Q, STM32U595RJT6, STM32U595RJT6Q, STM32U595VIT6, STM32U595VIT6Q, STM32U595VJT6, STM32U595VJT6Q, STM32U595ZIT6, STM32U595ZIT6Q, STM32U595ZIY6QTR, STM32U595ZJT6, STM32U595ZJT6Q, STM32U595ZJY6QTR, STM32U599BJY6QTR, STM32U599NIH6Q, STM32U599NJH6Q, STM32U599VIT6Q, STM32U599VJT6, STM32U599VJT6Q, STM32U599ZIT6Q, STM32U599ZIY6QTR, STM32U599ZJT6Q, STM32U599ZJY6QTR, STM32U5A5AJH6, STM32U5A5AJH6Q, STM32U5A5QII3Q , STM32U5A5QJI6, STM32U5A5QJI6Q, STM32U5A5RJT6, STM32U5A5RJT6Q, STM32U5A5VJT6, STM32U5A5VJT6Q, STM32U5A5ZJT6, STM32U5A5ZJT6Q, STM32U5A5ZJY6QTR, STM32U5A9BJY6QTR, STM32U5A9J-DK, STM32U5A9NJH6Q, STM32U5A9VJT6Q, STM32U5A9ZJT6Q, STM32U5A9ZJY6QTR, STM32U5F7VIT6, STM32U5F7VIT6Q, STM32U5F7VJT6, STM32U5F7VJT6Q, STM32U5F9BJY6QTR, STM32U5F9NJH6Q, STM32U5F9VIT6Q, STM32U5F9VJT6Q, STM32U5F9ZIJ6QTR, STM32U5F9ZIT6Q, STM32U5F9ZJJ6QTR, STM32U5F9ZJT6Q, STM32U5G7VJT6, STM32U5G7VJT6Q, STM32U5G9BJY6QTR, STM32U5G9J-DK1, STM32U5G9J-DK2, STM32U5G9NJH6Q, STM32U5G9VJT6Q, STM32U5G9ZJJ6QTR, STM32U5G9ZJT6Q, STM32WB05KZV6TR, STM32WB05KZV7TR, STM32WB05TZF6TR, STM32WB05TZF7TR, STM32WB06CCF6TR, STM32WB06CCF7TR, STM32WB06CCV6TR, STM32WB06CCV7TR, STM32WB06KCV6TR, STM32WB06KCV7TR, STM32WB07CCF6TR, STM32WB07CCF7TR, STM32WB07CCV6TR, STM32WB07CCV7TR, STM32WB07KCV6TR, STM32WB07KCV7TR, STM32WB09KEV6TR, STM32WB09KEV7TR, STM32WB09TEF6TR, STM32WB09TEF7TR, STM32WB1MMCH6, STM32WBA50KGU6, STM32WBA50KGU6TR, STM32WBA52CEU6, STM32WBA52CEU6TR, STM32WBA52CEU7, STM32WBA52CEU7TR, STM32WBA52CGU6, STM32WBA52CGU6TR, STM32WBA52CGU6U, STM32WBA52CGU7, STM32WBA52CGU7TR, STM32WBA52KEU6, STM32WBA52KEU6TR, STM32WBA52KGU6, STM32WBA52KGU6TR, STM32WBA54CEU6, STM32WBA54CEU6TR, STM32WBA54CEU7, STM32WBA54CEU7TR, STM32WBA54CGU6, STM32WBA54CGU6TR, STM32WBA54CGU7, STM32WBA54CGU7TR, STM32WBA54KEU6, STM32WBA54KEU6TR, STM32WBA54KEU7, STM32WBA54KEU7TR, STM32WBA54KGU6, STM32WBA54KGU6TR, STM32WBA54KGU7, STM32WBA54KGU7TR, STM32WBA55CEU6, STM32WBA55CEU6TR, STM32WBA55CEU7, STM32WBA55CEU7TR, STM32WBA55CGU6, STM32WBA55CGU6TR, STM32WBA55CGU6U, STM32WBA55CGU7, STM32WBA55CGU7TR, STM32WBA55G-DK1, STM32WBA55HEF6, STM32WBA55HEF7, STM32WBA55HGF6, STM32WBA55HGF7, STM32WBA55UEI6, STM32WBA55UEI6TR, STM32WBA55UEI7, STM32WBA55UEI7TR, STM32WBA55UGI6, STM32WBA55UGI6TR, STM32WBA55UGI7, STM32WBA55UGI7TR, STM32WBA5MJGH6TR, STM32WBA5MJGH6U, STM32WL33C8V6, STM32WL33C8V6TR, STM32WL33C8V7, STM32WL33C8V7TR, STM32WL33CBV6, STM32WL33CBV6TR, STM32WL33CBV7, STM32WL33CBV7TR, STM32WL33CCV6, STM32WL33CCV6TR, STM32WL33CCV7, STM32WL33CCV7A, STM32WL33CCV7ATR, STM32WL33CCV7TR, STM32WL33K8V6, STM32WL33K8V6TR, STM32WL33K8V7, STM32WL33K8V7TR, STM32WL33KBV6, STM32WL33KBV6TR, STM32WL33KBV7, STM32WL33KBV7TR, STM32WL33KCV6, STM32WL33KCV6TR, STM32WL33KCV7, STM32WL33KCV7TR, STM32WL5MOCH6, STM32WL5MOCH6TR]
2026-09-29 10:19:36,969 [INFO] ApiDb:668 - CubeFinder database Data Model version=2.1
2026-09-29 10:19:36,969 [INFO] ApiDb:669 - CubeFinder database Configuration version=3.0.42
2026-09-29 10:19:36,969 [INFO] ApiDb:670 - CubeFinder database generation date=2026-08-04 (1785840812)
2026-09-29 10:19:36,969 [INFO] ApiDb:671 - CubeFinder database FW Pack versions=[FP-ATR-ASTRA1_V2.0.0, FP-SNS-FLIGHT1_V5.1.0, FP-SNS-MOTENV1_V5.1.0, FP-SNS-MOTENVWB1_V1.5.0, FP-SNS-SMARTAG2_V1.2.0, FP-SNS-STBOX1_V2.1.0, STM32Cube_FW_C0_V1.4.1, STM32Cube_FW_F4_V1.28.3, STM32Cube_FW_F7_V1.17.4, STM32Cube_FW_G0_V1.6.3, STM32Cube_FW_G4_V1.6.2, STM32Cube_FW_H5_V1.7.0, STM32Cube_FW_H7RS_V1.3.0, STM32Cube_FW_H7_V1.13.0, STM32Cube_FW_L0_V1.12.2, STM32Cube_FW_L4_V1.18.2, STM32Cube_FW_L5_V1.6.0, STM32Cube_FW_N6_V1.4.0, STM32Cube_FW_U0_V1.3.0, STM32Cube_FW_U3_V1.4.0, STM32Cube_FW_U5_V1.9.0, STM32Cube_FW_WB0_V1.5.0, STM32Cube_FW_WBA_V1.10.0, STM32Cube_FW_WB_V1.24.0, STM32Cube_FW_WL3_V1.5.0, STM32Cube_FW_WL_V1.6.0, X-CUBE-ALGOBUILD_V1.5.0, X-CUBE-ALS_V1.0.2, X-CUBE-AZRTOS-F4_V1.1.0, X-CUBE-AZRTOS-F7_V1.1.0, X-CUBE-AZRTOS-G0_V1.1.0, X-CUBE-AZRTOS-G4_V2.0.0, X-CUBE-AZRTOS-H7RS_V1.3.0, X-CUBE-AZRTOS-H7_V3.5.0, X-CUBE-AZRTOS-L4_V2.0.0, X-CUBE-AZRTOS-L5_V2.0.0, X-CUBE-AZRTOS-WB_V2.0.0, X-CUBE-AZRTOS-WL_V2.0.0, X-CUBE-BLE1_V7.1.0, X-CUBE-BLE2_V3.3.0, X-CUBE-BLEMGR_V4.2.0, X-CUBE-EEPRMA1_V5.2.0, X-CUBE-FREERTOS_V1.6.0, X-CUBE-GNSS1_V7.1.1, X-CUBE-MEMS1_V13.0.0, X-CUBE-NFC4_V3.0.0, X-CUBE-NFC7_V2.0.0, X-CUBE-SFXS2LP1_V4.0.0, X-CUBE-ST67W61_V1.3.0, X-CUBE-SUBG2_V5.0.0, X-CUBE-TOF1_V3.4.3]
2026-09-29 10:19:38,651 [INFO] ApiDb:240 - Found 858 in-development CPN: [B-G473E-ZEST1S, B-WB1M-WPAN1, B-WBA5M-WPAN, B-WL5M-SUBG1, NUCLEO-C031C6, NUCLEO-C051C8, NUCLEO-C071RB, NUCLEO-C092RC, NUCLEO-H503RB, NUCLEO-H533RE, NUCLEO-H563ZI, NUCLEO-H7S3L8, NUCLEO-N657X0-Q, NUCLEO-U031R8, NUCLEO-U083RC, NUCLEO-U385RG-Q, NUCLEO-U545RE-Q, NUCLEO-U5A5ZJ-Q, NUCLEO-WB05KZ, NUCLEO-WB07CC, NUCLEO-WB09KE, NUCLEO-WBA52CG, NUCLEO-WBA55CG, NUCLEO-WL33CC1, NUCLEO-WL33CC2, STEVAL-PROTEUS1, STEVAL-SMARTAG2, STEVAL-STWINBX1, STM320518-EVAL, STM32C0116-DK, STM32C011D6Y3TR, STM32C011D6Y6TR, STM32C011F4P3, STM32C011F4P6, STM32C011F4U3, STM32C011F4U6TR, STM32C011F6P3, STM32C011F6P6, STM32C011F6U3, STM32C011F6U6TR, STM32C011J4M3, STM32C011J4M6, STM32C011J6M3, STM32C011J6M6, STM32C0316-DK, STM32C031C4T3, STM32C031C4T6, STM32C031C4U3, STM32C031C4U6, STM32C031C6T3, STM32C031C6T6, STM32C031C6U3, STM32C031C6U6, STM32C031F4P3, STM32C031F4P6, STM32C031F6P3, STM32C031F6P6, STM32C031G4U3, STM32C031G4U6, STM32C031G6U3, STM32C031G6U6, STM32C031K4T3, STM32C031K4T6, STM32C031K4U3, STM32C031K4U6, STM32C031K6T3, STM32C031K6T6, STM32C031K6U3, STM32C031K6U6, STM32C051C6T6, STM32C051C6U6, STM32C051C8T6, STM32C051C8U6, STM32C051D8Y6TR, STM32C051F6P6, STM32C051F8P6, STM32C051G6U6, STM32C051G8U6, STM32C051K6T6, STM32C051K6U6, STM32C051K8T6, STM32C071C8T6, STM32C071C8T6N, STM32C071C8U6, STM32C071C8U6N, STM32C071CBT6, STM32C071CBT6N, STM32C071CBU6, STM32C071CBU6N, STM32C071F8P6, STM32C071F8P6N, STM32C071FBP6, STM32C071FBP6N, STM32C071FBY6TR, STM32C071G8U6, STM32C071G8U6N, STM32C071GBU6, STM32C071GBU6N, STM32C071K8T6, STM32C071K8T6N, STM32C071K8U6, STM32C071K8U6N, STM32C071KBT6, STM32C071KBT6N, STM32C071KBU6, STM32C071KBU6N, STM32C071R8T6, STM32C071R8T6N, STM32C071RBI6N, STM32C071RBT6, STM32C071RBT6N, STM32C091CBT6, STM32C091CBU6, STM32C091CCT6, STM32C091CCU6, STM32C091ECY6TR, STM32C091FBP6, STM32C091FCP6, STM32C091GBU6, STM32C091GCU6, STM32C091KBT6, STM32C091KBU6, STM32C091KCT6, STM32C091KCU6, STM32C091RBT6, STM32C091RCI6, STM32C091RCT6, STM32C092CBT6, STM32C092CBU6, STM32C092CCT6, STM32C092CCU6, STM32C092ECY6TR, STM32C092FBP6, STM32C092FCP6, STM32C092GBU6, STM32C092GCU6, STM32C092KBT6, STM32C092KBU6, STM32C092KCT6, STM32C092KCU6, STM32C092RBT6, STM32C092RCI6, STM32C092RCT6, STM32G071K8TXN, STM32G071K8UXN, STM32G081GBU6N, STM32G081KBT6N, STM32G081KBUXN, STM32G0B1CCT6N, STM32G0B1KCT6, STM32G0B1NEY6TR, STM32G0B1RCT6N, STM32G0C1CCT6, STM32G0C1CCT6N, STM32G0C1CCU6N, STM32G0C1CET6N, STM32G0C1CEU6N, STM32G0C1KCT6, STM32G0C1NEY6TR, STM32G0C1RCI6N, STM32G0C1RCT6N, STM32G0C1REI6N, STM32G0C1RET6N, STM32G0C1VCI6, STM32G0C1VEI6, STM32G411C6T3, STM32G411C6T6, STM32G411C6U3, STM32G411C6U6, STM32G411C8T3, STM32G411C8T6, STM32G411C8U3, STM32G411C8U6, STM32G411CBT3, STM32G411CBT6, STM32G411CBU3, STM32G411CBU6, STM32G411CCT3, STM32G411CCT6, STM32G411CCU3, STM32G411CCU6, STM32G411K6T3, STM32G411K6T6, STM32G411K6U3, STM32G411K6U6, STM32G411K8T3, STM32G411K8T6, STM32G411K8U3, STM32G411K8U6, STM32G411KBT3, STM32G411KBT6, STM32G411KBU3, STM32G411KBU6, STM32G411M6T3, STM32G411M6T6, STM32G411M8T3, STM32G411M8T6, STM32G411MBT3, STM32G411MBT6, STM32G411MCT3, STM32G411MCT6, STM32G411R6T3, STM32G411R6T6, STM32G411R8T3, STM32G411R8T6, STM32G411RBT3, STM32G411RBT6, STM32G411RCT3, STM32G411RCT6, STM32G414CBT3, STM32G414CBT6, STM32G414CBU3, STM32G414CBU6, STM32G414CCT3, STM32G414CCT6, STM32G414CCU3, STM32G414CCU6, STM32G414MBT3, STM32G414MBT6, STM32G414MCT3, STM32G414MCT6, STM32G414RBT3, STM32G414RBT6, STM32G414RCT3, STM32G414RCT6, STM32G414VBT3, STM32G414VBT6, STM32G414VCT3, STM32G414VCT6, STM32G431CBT3Z, STM32G431RBT3Z, STM32G471CCT6, STM32G471CCU6, STM32G471CET3, STM32G471CET6, STM32G471CEU3, STM32G471CEU6, STM32G471MCT6, STM32G471MET3, STM32G471MET6, STM32G471MEY6TR, STM32G471QCT6, STM32G471QET3, STM32G471RCT6, STM32G471RET3, STM32G471RET6, STM32G471VCH6, STM32G471VCI6, STM32G471VCT6, STM32G471VEH3, STM32G471VEH6, STM32G471VEI3, STM32G471VEI6, STM32G471VET3, STM32G471VET6, STM32G473QET3Z, STM32G473RET3Z, STM32G474CCT6, STM32G491RET3Z, STM32H503CBT6, STM32H503CBU6, STM32H503EBY6TR, STM32H503KBU6, STM32H503RBT6, STM32H523CCT6, STM32H523CCU6, STM32H523CET6, STM32H523CEU6, STM32H523HEY6TR, STM32H523RCT6, STM32H523RET6, STM32H523VCI6, STM32H523VCT6, STM32H523VEI6, STM32H523VET6, STM32H523ZCJ6, STM32H523ZCT6, STM32H523ZEJ6, STM32H523ZET6, STM32H533CET6, STM32H533CEU6, STM32H533HEY6TR, STM32H533RET6, STM32H533VEI6, STM32H533VET6, STM32H533ZEJ6, STM32H533ZET6, STM32H562AGI6, STM32H562AII6, STM32H562IGK6, STM32H562IGT6, STM32H562IIK6, STM32H562IIT6, STM32H562RGT6, STM32H562RGV6, STM32H562RIT6, STM32H562RIV6, STM32H562VGT6, STM32H562VIT6, STM32H562ZGT6, STM32H562ZIT6, STM32H563AGI6, STM32H563AII3Q, STM32H563AII6, STM32H563IGK6, STM32H563IGT6, STM32H563IIK3Q, STM32H563IIK6, STM32H563IIT3Q, STM32H563IIT6, STM32H563MIY3QTR, STM32H563RGT6, STM32H563RGV6, STM32H563RIT6, STM32H563RIV6, STM32H563VGT6, STM32H563VIT3Q, STM32H563VIT6, STM32H563ZGT6, STM32H563ZIT3Q, STM32H563ZIT6, STM32H573AII3Q, STM32H573AII6, STM32H573I-DK, STM32H573IIK3Q, STM32H573IIK6, STM32H573IIT3Q, STM32H573IIT6, STM32H573MIY3QTR, STM32H573RIT6, STM32H573RIV6, STM32H573VIT3Q, STM32H573VIT6, STM32H573ZIT3Q, STM32H573ZIT6, STM32H7R3A8I6, STM32H7R3I8K6, STM32H7R3I8T6, STM32H7R3L8H6, STM32H7R3L8H6H, STM32H7R3R8V6, STM32H7R3V8H6, STM32H7R3V8T6, STM32H7R3V8Y6TR, STM32H7R3Z8J6, STM32H7R3Z8T6, STM32H7R7A8I6, STM32H7R7I8K6, STM32H7R7I8T6, STM32H7R7L8H6, STM32H7R7L8H6H, STM32H7R7Z8J6, STM32H7S3A8I6, STM32H7S3I8K6, STM32H7S3I8T6, STM32H7S3L8H6, STM32H7S3L8H6H, STM32H7S3R8V6, STM32H7S3V8H6, STM32H7S3V8T6, STM32H7S3V8Y6TR, STM32H7S3Z8J6, STM32H7S3Z8T6, STM32H7S78-DK, STM32H7S7A8I6, STM32H7S7I8K6, STM32H7S7I8T6, STM32H7S7L8H6, STM32H7S7L8H6H, STM32H7S7Z8J6, STM32L4R5QGI6STR, STM32MP131AAE3, STM32MP131AAF3, STM32MP131AAG3, STM32MP131CAE3, STM32MP131CAF3, STM32MP131CAG3, STM32MP131DAE7, STM32MP131DAF7, STM32MP131DAG7, STM32MP131FAE7, STM32MP131FAF7, STM32MP131FAG7, STM32MP133AAE3, STM32MP133AAF3, STM32MP133AAG3, STM32MP133CAE3, STM32MP133CAF3, STM32MP133CAG3, STM32MP133DAE7, STM32MP133DAF7, STM32MP133DAG7, STM32MP133FAE7, STM32MP133FAF7, STM32MP133FAG7, STM32MP135AAE3, STM32MP135AAF3, STM32MP135AAG3, STM32MP135CAE3, STM32MP135CAF3, STM32MP135CAG3, STM32MP135DAE7, STM32MP135DAF7, STM32MP135DAG7, STM32MP135F-DK, STM32MP135FAE7, STM32MP135FAF7, STM32MP135FAF7T, STM32MP135FAF7U, STM32MP135FAG7, STM32MP231AAJ3, STM32MP231AAK3, STM32MP231AAL3, STM32MP231CAJ3, STM32MP231CAK3, STM32MP231CAL3, STM32MP231DAJ3, STM32MP231DAK3, STM32MP231DAL3, STM32MP231FAJ3, STM32MP231FAK3, STM32MP231FAL3, STM32MP233AAJ3, STM32MP233AAK3, STM32MP233AAL3, STM32MP233CAJ3, STM32MP233CAK3, STM32MP233CAL3, STM32MP233DAJ3, STM32MP233DAK3, STM32MP233DAL3, STM32MP233FAJ3, STM32MP233FAK3, STM32MP233FAL3, STM32MP235AAJ3, STM32MP235AAK3, STM32MP235AAL3, STM32MP235CAJ3, STM32MP235CAK3, STM32MP235CAL3, STM32MP235DAJ3, STM32MP235DAK3, STM32MP235DAL3, STM32MP235FAJ3, STM32MP235FAK3, STM32MP235FAL3, STM32MP251AAI3, STM32MP251AAJ3, STM32MP251AAK3, STM32MP251AAL3, STM32MP251CAI3, STM32MP251CAJ3, STM32MP251CAK3, STM32MP251CAL3, STM32MP251DAI3, STM32MP251DAJ3, STM32MP251DAK3, STM32MP251DAL3, STM32MP251FAI3, STM32MP251FAJ3, STM32MP251FAK3, STM32MP251FAL3, STM32MP253AAI3, STM32MP253AAJ3, STM32MP253AAK3, STM32MP253AAL3, STM32MP253CAI3, STM32MP253CAJ3, STM32MP253CAK3, STM32MP253CAL3, STM32MP253DAI3, STM32MP253DAJ3, STM32MP253DAK3, STM32MP253DAL3, STM32MP253FAI3, STM32MP253FAJ3, STM32MP253FAK3, STM32MP253FAL3, STM32MP255AAI3, STM32MP255AAJ3, STM32MP255AAK3, STM32MP255AAL3, STM32MP255CAI3, STM32MP255CAJ3, STM32MP255CAK3, STM32MP255CAL3, STM32MP255DAI3, STM32MP255DAJ3, STM32MP255DAK3, STM32MP255DAL3, STM32MP255FAI3, STM32MP255FAJ3, STM32MP255FAK3, STM32MP255FAL3, STM32MP257AAI3, STM32MP257AAJ3, STM32MP257AAK3, STM32MP257AAL3, STM32MP257CAI3, STM32MP257CAJ3, STM32MP257CAK3, STM32MP257CAL3, STM32MP257DAI3, STM32MP257DAJ3, STM32MP257DAK3, STM32MP257DAL3, STM32MP257F-DK, STM32MP257F-EV1, STM32MP257FAI3, STM32MP257FAJ3, STM32MP257FAK3, STM32MP257FAL3, STM32N645A0H3Q, STM32N645B0H3Q, STM32N645I0H3Q, STM32N645L0H3Q, STM32N645X0H3Q, STM32N645Z0H3Q, STM32N647A0H3Q, STM32N647B0H3Q, STM32N647I0H3Q, STM32N647L0H3Q, STM32N647X0H3Q, STM32N647Z0H3Q, STM32N655A0H3Q, STM32N655B0H3Q, STM32N655I0H3Q, STM32N655L0H3Q, STM32N655X0H3Q, STM32N655Z0H3Q, STM32N6570-DK, STM32N657A0H3Q, STM32N657B0H3Q, STM32N657I0H3Q, STM32N657L0H3Q, STM32N657X0H3Q, STM32N657Z0H3Q, STM32U031C6T6, STM32U031C6U6, STM32U031C8T6, STM32U031C8U6, STM32U031F4P6, STM32U031F6P6, STM32U031F8P6, STM32U031G6Y6TR, STM32U031G8Y6TR, STM32U031K4U6, STM32U031K6U6, STM32U031K8U6, STM32U031R6I6, STM32U031R6T6, STM32U031R8I6, STM32U031R8T6, STM32U073C8T6, STM32U073C8U6, STM32U073CBT6, STM32U073CBU6, STM32U073CCT6, STM32U073CCU6, STM32U073H8Y6TR, STM32U073HBY6TR, STM32U073HCY6TR, STM32U073K8U6, STM32U073KBU6, STM32U073KCU6, STM32U073M8I6, STM32U073M8T6, STM32U073MBI6, STM32U073MBT6, STM32U073MCI6, STM32U073MCT6, STM32U073R8I6, STM32U073R8T6, STM32U073RBI6, STM32U073RBT6, STM32U073RCI6, STM32U073RCT6, STM32U083C-DK, STM32U083CCT6, STM32U083CCU6, STM32U083HCY6TR, STM32U083KCU6, STM32U083MCI6, STM32U083MCT6, STM32U083RCI6, STM32U083RCT6, STM32U375CET6, STM32U375CET6Q, STM32U375CEU6, STM32U375CEU6Q, STM32U375CEY6QTR, STM32U375CGT6, STM32U375CGT6Q, STM32U375CGU6, STM32U375CGU6Q, STM32U375CGY6QTR, STM32U375KEU6, STM32U375KGU6, STM32U375REI6, STM32U375REI6Q, STM32U375RET6, STM32U375RET6Q, STM32U375REY6GTR, STM32U375REY6QTR, STM32U375RGI6, STM32U375RGI6Q, STM32U375RGT6, STM32U375RGT6Q, STM32U375RGY6GTR, STM32U375RGY6QTR, STM32U375VEI6, STM32U375VEI6Q, STM32U375VET6, STM32U375VET6Q, STM32U375VGI6, STM32U375VGI6Q, STM32U375VGT6, STM32U375VGT6Q, STM32U385CGT6, STM32U385CGT6Q, STM32U385CGU6, STM32U385CGU6Q, STM32U385CGY6QTR, STM32U385KGU6, STM32U385RGI6, STM32U385RGI6Q, STM32U385RGT6, STM32U385RGT6Q, STM32U385RGY6GTR, STM32U385RGY6QTR, STM32U385VGI6, STM32U385VGI6Q, STM32U385VGT6, STM32U385VGT6Q, STM32U535CBT6, STM32U535CBT6Q, STM32U535CBU6, STM32U535CBU6Q, STM32U535CCT6, STM32U535CCT6Q, STM32U535CCU6, STM32U535CCU6Q, STM32U535CET6, STM32U535CET6Q, STM32U535CEU6, STM32U535CEU6Q, STM32U535JEY6QTR, STM32U535NCY6QTR, STM32U535NEY6QTR, STM32U535RBI6, STM32U535RBI6Q, STM32U535RBT6, STM32U535RBT6Q, STM32U535RCI6, STM32U535RCI6Q, STM32U535RCT6, STM32U535RCT6Q, STM32U535REI6, STM32U535REI6Q, STM32U535RET6, STM32U535RET6Q, STM32U535VCI6, STM32U535VCI6Q, STM32U535VCT6, STM32U535VCT6Q, STM32U535VEI6, STM32U535VEI6Q, STM32U535VET6, STM32U535VET6Q, STM32U545CET6, STM32U545CET6Q, STM32U545CEU6, STM32U545CEU6Q, STM32U545JEY6QTR, STM32U545NEY6QTR, STM32U545REI6, STM32U545REI6Q, STM32U545RET6, STM32U545RET6Q, STM32U545VEI6, STM32U545VEI6Q, STM32U545VET6, STM32U545VET6Q, STM32U595AIH6, STM32U595AIH6Q, STM32U595AJH6, STM32U595AJH6Q, STM32U595QII6, STM32U595QII6Q, STM32U595QJI6, STM32U595QJI6Q, STM32U595RIT6, STM32U595RIT6Q, STM32U595RJT6, STM32U595RJT6Q, STM32U595VIT6, STM32U595VIT6Q, STM32U595VJT6, STM32U595VJT6Q, STM32U595ZIT6, STM32U595ZIT6Q, STM32U595ZIY6QTR, STM32U595ZJT6, STM32U595ZJT6Q, STM32U595ZJY6QTR, STM32U599BJY6QTR, STM32U599NIH6Q, STM32U599NJH6Q, STM32U599VIT6Q, STM32U599VJT6, STM32U599VJT6Q, STM32U599ZIT6Q, STM32U599ZIY6QTR, STM32U599ZJT6Q, STM32U599ZJY6QTR, STM32U5A5AJH6, STM32U5A5AJH6Q, STM32U5A5QII3Q , STM32U5A5QJI6, STM32U5A5QJI6Q, STM32U5A5RJT6, STM32U5A5RJT6Q, STM32U5A5VJT6, STM32U5A5VJT6Q, STM32U5A5ZJT6, STM32U5A5ZJT6Q, STM32U5A5ZJY6QTR, STM32U5A9BJY6QTR, STM32U5A9J-DK, STM32U5A9NJH6Q, STM32U5A9VJT6Q, STM32U5A9ZJT6Q, STM32U5A9ZJY6QTR, STM32U5F7VIT6, STM32U5F7VIT6Q, STM32U5F7VJT6, STM32U5F7VJT6Q, STM32U5F9BJY6QTR, STM32U5F9NJH6Q, STM32U5F9VIT6Q, STM32U5F9VJT6Q, STM32U5F9ZIJ6QTR, STM32U5F9ZIT6Q, STM32U5F9ZJJ6QTR, STM32U5F9ZJT6Q, STM32U5G7VJT6, STM32U5G7VJT6Q, STM32U5G9BJY6QTR, STM32U5G9J-DK1, STM32U5G9J-DK2, STM32U5G9NJH6Q, STM32U5G9VJT6Q, STM32U5G9ZJJ6QTR, STM32U5G9ZJT6Q, STM32WB05KZV6TR, STM32WB05KZV7TR, STM32WB05TZF6TR, STM32WB05TZF7TR, STM32WB06CCF6TR, STM32WB06CCF7TR, STM32WB06CCV6TR, STM32WB06CCV7TR, STM32WB06KCV6TR, STM32WB06KCV7TR, STM32WB07CCF6TR, STM32WB07CCF7TR, STM32WB07CCV6TR, STM32WB07CCV7TR, STM32WB07KCV6TR, STM32WB07KCV7TR, STM32WB09KEV6TR, STM32WB09KEV7TR, STM32WB09TEF6TR, STM32WB09TEF7TR, STM32WB1MMCH6, STM32WBA50KGU6, STM32WBA50KGU6TR, STM32WBA52CEU6, STM32WBA52CEU6TR, STM32WBA52CEU7, STM32WBA52CEU7TR, STM32WBA52CGU6, STM32WBA52CGU6TR, STM32WBA52CGU6U, STM32WBA52CGU7, STM32WBA52CGU7TR, STM32WBA52KEU6, STM32WBA52KEU6TR, STM32WBA52KGU6, STM32WBA52KGU6TR, STM32WBA54CEU6, STM32WBA54CEU6TR, STM32WBA54CEU7, STM32WBA54CEU7TR, STM32WBA54CGU6, STM32WBA54CGU6TR, STM32WBA54CGU7, STM32WBA54CGU7TR, STM32WBA54KEU6, STM32WBA54KEU6TR, STM32WBA54KEU7, STM32WBA54KEU7TR, STM32WBA54KGU6, STM32WBA54KGU6TR, STM32WBA54KGU7, STM32WBA54KGU7TR, STM32WBA55CEU6, STM32WBA55CEU6TR, STM32WBA55CEU7, STM32WBA55CEU7TR, STM32WBA55CGU6, STM32WBA55CGU6TR, STM32WBA55CGU6U, STM32WBA55CGU7, STM32WBA55CGU7TR, STM32WBA55G-DK1, STM32WBA55HEF6, STM32WBA55HEF7, STM32WBA55HGF6, STM32WBA55HGF7, STM32WBA55UEI6, STM32WBA55UEI6TR, STM32WBA55UEI7, STM32WBA55UEI7TR, STM32WBA55UGI6, STM32WBA55UGI6TR, STM32WBA55UGI7, STM32WBA55UGI7TR, STM32WBA5MJGH6TR, STM32WBA5MJGH6U, STM32WL33C8V6, STM32WL33C8V6TR, STM32WL33C8V7, STM32WL33C8V7TR, STM32WL33CBV6, STM32WL33CBV6TR, STM32WL33CBV7, STM32WL33CBV7TR, STM32WL33CCV6, STM32WL33CCV6TR, STM32WL33CCV7, STM32WL33CCV7A, STM32WL33CCV7ATR, STM32WL33CCV7TR, STM32WL33K8V6, STM32WL33K8V6TR, STM32WL33K8V7, STM32WL33K8V7TR, STM32WL33KBV6, STM32WL33KBV6TR, STM32WL33KBV7, STM32WL33KBV7TR, STM32WL33KCV6, STM32WL33KCV6TR, STM32WL33KCV7, STM32WL33KCV7TR, STM32WL5MOCH6, STM32WL5MOCH6TR]
2026-09-29 10:19:38,660 [INFO] DbMcus:218 - Found 5305 MCUs, 5117 are supported
2026-09-29 10:19:38,661 [INFO] ApiDb:423 - Load user favorites file /Users/salvo/.stm32cubeide/favorites.mcus.txt: 0 item(s)
2026-09-29 10:19:38,662 [INFO] ApiDb:427 - User favorites MCUs=[]
2026-09-29 10:19:38,662 [INFO] DbMcus:224 - Set 0 / 0 favorites MCUs
2026-09-29 10:19:39,229 [INFO] BoardInfo:889 - No configuration file found for board NUCLEO-H553ZG
2026-09-29 10:19:39,229 [INFO] DbBoards:161 - Board is not supported: NUCLEO-H553ZG
2026-09-29 10:19:39,231 [INFO] BoardInfo:889 - No configuration file found for board NUCLEO-H5E5ZJ
2026-09-29 10:19:39,232 [INFO] DbBoards:161 - Board is not supported: NUCLEO-H5E5ZJ
2026-09-29 10:19:39,276 [INFO] BoardInfo:889 - No configuration file found for board NUCLEO-U3C5ZI-Q
2026-09-29 10:19:39,276 [INFO] DbBoards:161 - Board is not supported: NUCLEO-U3C5ZI-Q
2026-09-29 10:19:39,288 [INFO] BoardInfo:889 - No configuration file found for board NUCLEO-WBA25CE1
2026-09-29 10:19:39,288 [INFO] DbBoards:161 - Board is not supported: NUCLEO-WBA25CE1
2026-09-29 10:19:39,293 [INFO] BoardInfo:889 - No configuration file found for board NUCLEO-WBA65RI
2026-09-29 10:19:39,293 [INFO] DbBoards:161 - Board is not supported: NUCLEO-WBA65RI
2026-09-29 10:19:39,298 [INFO] BoardInfo:889 - No configuration file found for board NUCLEO-WL3RKB1
2026-09-29 10:19:39,299 [INFO] DbBoards:161 - Board is not supported: NUCLEO-WL3RKB1
2026-09-29 10:19:39,302 [INFO] BoardInfo:889 - No configuration file found for board NUCLEO-WL3RKB2
2026-09-29 10:19:39,302 [INFO] DbBoards:161 - Board is not supported: NUCLEO-WL3RKB2
2026-09-29 10:19:39,310 [INFO] BoardInfo:889 - No configuration file found for board P-NUCLEO-WB55
2026-09-29 10:19:39,311 [INFO] DbBoards:161 - Kit is not supported: P-NUCLEO-WB55
2026-09-29 10:19:39,318 [INFO] BoardInfo:889 - No configuration file found for board STEVAL-BFA001V1B
2026-09-29 10:19:39,318 [INFO] DbBoards:161 - Kit is not supported: STEVAL-BFA001V1B
2026-09-29 10:19:39,319 [INFO] BoardInfo:889 - No configuration file found for board STEVAL-BFA001V2B
2026-09-29 10:19:39,320 [INFO] DbBoards:161 - Kit is not supported: STEVAL-BFA001V2B
2026-09-29 10:19:39,449 [INFO] BoardInfo:889 - No configuration file found for board STM32H5F5J-DK
2026-09-29 10:19:39,463 [INFO] DbBoards:161 - Board is not supported: STM32H5F5J-DK
2026-09-29 10:19:39,507 [INFO] BoardInfo:889 - No configuration file found for board STM32MP215F-DK
2026-09-29 10:19:39,508 [INFO] DbBoards:161 - Board is not supported: STM32MP215F-DK
2026-09-29 10:19:39,522 [INFO] BoardInfo:889 - No configuration file found for board STM32WBA65I-DK1
2026-09-29 10:19:39,523 [INFO] DbBoards:161 - Board is not supported: STM32WBA65I-DK1
2026-09-29 10:19:39,539 [INFO] DbBoards:168 - Found 219 boards, 206 are supported
2026-09-29 10:19:39,546 [INFO] DbBoards:169 - Found 219 boards, 42 of them is supported for  Bsp
2026-09-29 10:19:39,558 [INFO] ApiDb:423 - Load user favorites file /Users/salvo/.stm32cubeide/favorites.boards.txt: 1 item(s)
2026-09-29 10:19:39,560 [INFO] ApiDb:427 - User favorites Boards=[NUCLEO-F446RE]
2026-09-29 10:19:39,560 [INFO] DbBoards:198 - Set 1 / 1 favorites Boards
2026-09-29 10:19:39,564 [INFO] McuFinderGlobals:76 - Set McuFinderConnectedMode to true
2026-09-29 10:19:39,633 [INFO] MultiScanPanel:200 - Auto-refresh data requested => check proxy status ongoing
2026-09-29 10:19:39,642 [INFO] FinderPluginLoader:95 - Searching for filters in installed packs
2026-09-29 10:19:39,644 [INFO] FinderPluginLoader:108 - Found /Users/salvo/STM32Cube/Repository/Packs/STMicroelectronics/X-CUBE-AI/10.1.0/CubeMX/plugins/ip/ai.10.1.0.jar
2026-09-29 10:19:39,646 [INFO] FinderPluginLoader:118 - Loading ai.10.1.0
2026-09-29 10:19:39,747 [INFO] McuExtendedFiltersManager:95 - Add MCU extended filter: Artificial Intelligence
2026-09-29 10:19:40,500 [WARN] ServerAccessManage:1168 - Warning during Server Connection :  timeout Connect timed out
2026-09-29 10:19:40,546 [ERROR] ServerAccessManage:651 - Problem, Http timeout : crdb.zip.
2026-09-29 10:19:40,666 [INFO] LoadUrlFilesThread:156 - End of LoadUrlFiles Thread
2026-09-29 10:19:42,032 [INFO] Tools:158 - outLine=hw.optional.arm64: 1
2026-09-29 10:19:42,053 [INFO] AInterface:116 - AInterface using toolDir: /Users/salvo/STM32Cube/Repository/Packs/STMicroelectronics/X-CUBE-AI/10.1.0/Utilities/macarm
2026-09-29 10:19:43,885 [INFO] ServerAccessManage:473 - Download File 
2026-09-29 10:19:43,957 [INFO] LoadUrlFilesThread:185 - End of LoadServerUrlFiles without Thread
2026-09-29 10:19:44,028 [INFO] DetailPanel:341 - Set advertising image to /Users/salvo/STM32Cube/Repository//en.banner-sidekick.jpg
2026-09-29 10:22:11,436 [INFO] MainUpdater:2872 - connection check result : 10
2026-09-29 10:22:11,442 [INFO] MainUpdater:2872 - connection check result : 10
2026-09-29 10:22:12,082 [INFO] MicroXplorer:468 - Change Database Path : 
2026-09-29 10:22:12,083 [INFO] MicroXplorer:498 - Change Database Version : DB.6.0.130
2026-09-29 10:22:12,094 [WARN] ThirdParty:871 - waiting for thirdparty lock release [close project]
2026-09-29 10:22:12,094 [INFO] ThirdParty:873 - entering critical section [close project]
2026-09-29 10:22:12,105 [INFO] ThirdParty:883 - exiting critical section [close project]
2026-09-29 10:22:12,116 [INFO] PinOutPanel:1589 - setPackage(No Configuration,No Configuration)
2026-09-29 10:22:12,139 [INFO] UtilMem:75 - Begin LoadConfig() Used Memory: 873506808 Bytes (1073741824)
2026-09-29 10:22:12,144 [INFO] MicroXplorer:468 - Change Database Path : 
2026-09-29 10:22:12,145 [INFO] MicroXplorer:498 - Change Database Version : DB.6.0.130
2026-09-29 10:22:12,145 [INFO] OpenFileManager:332 - Change cursor
2026-09-29 10:22:12,396 [INFO] Mcu:2035 - Initializing MCU STM32F446R(C-E)Tx STM32F446RETx STM32F446RET6
2026-09-29 10:22:15,354 [INFO] Context:748 - Trying to add GPIOservice into a context  which must be forbidden
2026-09-29 10:22:16,436 [INFO] RtosManager:555 - Registered RTOS mode: class=CMSIS, group=RTOS, mode=CMSIS_V1, owner=FREERTOS
2026-09-29 10:22:16,438 [INFO] RtosManager:555 - Registered RTOS mode: class=CMSIS, group=RTOS2, mode=CMSIS_V2, owner=FREERTOS
2026-09-29 10:22:16,438 [INFO] RtosManager:555 - Registered RTOS mode: class=RTOS, group=Core, mode=CMSIS_V1, owner=FREERTOS
2026-09-29 10:22:16,438 [INFO] RtosManager:555 - Registered RTOS mode: class=RTOS, group=Core, mode=CMSIS_V2, owner=FREERTOS
2026-09-29 10:22:16,438 [WARN] ModelIntegratedComponent:184 - Missing modes for component STMicroelectronics:FreeRTOS:0.0.1:STMicroelectronics:RTOS:FreeRTOS:Core:::10.2.0:
2026-09-29 10:22:16,538 [WARN] ModelIntegratedComponent:63 - No mode defined for component null
2026-09-29 10:22:16,539 [WARN] ModelIntegratedComponent:63 - No mode defined for component null
2026-09-29 10:22:16,539 [WARN] ModelIntegratedComponent:63 - No mode defined for component null
2026-09-29 10:22:16,539 [WARN] ModelIntegratedComponent:63 - No mode defined for component null
2026-09-29 10:22:16,539 [WARN] ModelIntegratedComponent:63 - No mode defined for component null
2026-09-29 10:22:16,539 [WARN] ModelIntegratedComponent:63 - No mode defined for component null
2026-09-29 10:22:16,539 [WARN] ModelIntegratedComponent:63 - No mode defined for component null
2026-09-29 10:22:16,539 [WARN] ModelIntegratedComponent:63 - No mode defined for component null
2026-09-29 10:22:16,539 [WARN] ModelIntegratedComponent:63 - No mode defined for component null
2026-09-29 10:22:16,539 [WARN] ModelIntegratedComponent:63 - No mode defined for component null
2026-09-29 10:22:16,539 [WARN] ModelIntegratedComponent:63 - No mode defined for component null
2026-09-29 10:22:16,539 [WARN] ModelIntegratedComponent:63 - No mode defined for component null
2026-09-29 10:22:16,539 [WARN] ModelIntegratedComponent:63 - No mode defined for component null
2026-09-29 10:22:16,539 [WARN] ModelIntegratedComponent:63 - No mode defined for component null
2026-09-29 10:22:16,539 [WARN] ModelIntegratedComponent:63 - No mode defined for component null
2026-09-29 10:22:16,539 [WARN] ModelIntegratedComponent:63 - No mode defined for component null
2026-09-29 10:22:16,539 [WARN] ModelIntegratedComponent:63 - No mode defined for component null
2026-09-29 10:22:16,539 [WARN] ModelIntegratedComponent:63 - No mode defined for component null
2026-09-29 10:22:16,539 [WARN] ModelIntegratedComponent:63 - No mode defined for component null
2026-09-29 10:22:16,539 [WARN] ModelIntegratedComponent:63 - No mode defined for component null
2026-09-29 10:22:16,539 [WARN] ModelIntegratedComponent:63 - No mode defined for component null
2026-09-29 10:22:16,539 [WARN] ModelIntegratedComponent:63 - No mode defined for component null
2026-09-29 10:22:16,539 [WARN] ModelIntegratedComponent:63 - No mode defined for component null
2026-09-29 10:22:16,539 [WARN] ModelIntegratedComponent:63 - No mode defined for component null
2026-09-29 10:22:16,539 [WARN] ModelIntegratedComponent:63 - No mode defined for component null
2026-09-29 10:22:16,539 [WARN] ModelIntegratedComponent:63 - No mode defined for component null
2026-09-29 10:22:16,539 [WARN] ModelIntegratedComponent:63 - No mode defined for component null
2026-09-29 10:22:16,539 [WARN] ModelIntegratedComponent:63 - No mode defined for component null
2026-09-29 10:22:16,539 [WARN] ModelIntegratedComponent:63 - No mode defined for component null
2026-09-29 10:22:16,539 [WARN] ModelIntegratedComponent:63 - No mode defined for component null
2026-09-29 10:22:16,539 [WARN] ModelIntegratedComponent:63 - No mode defined for component null
2026-09-29 10:22:16,539 [WARN] ModelIntegratedComponent:63 - No mode defined for component null
2026-09-29 10:22:16,540 [WARN] ModelIntegratedComponent:63 - No mode defined for component null
2026-09-29 10:22:16,540 [WARN] ModelIntegratedComponent:63 - No mode defined for component null
2026-09-29 10:22:16,540 [WARN] ModelIntegratedComponent:63 - No mode defined for component null
2026-09-29 10:22:16,540 [WARN] ModelPack:524 - Component already loaded: STMicroelectronics:HAL Drivers:0.0.0:STMicroelectronics:Device:STMicro_Driver:XSPI:HAL::0.0.1:HAL_XSPI
2026-09-29 10:22:16,778 [INFO] ThirdPartyModel:298 - Start build external matchings
2026-09-29 10:22:17,619 [INFO] ThirdPartyModel:316 - End build external matchings
2026-09-29 10:22:17,663 [INFO] ImportTextPane:218 - (OptionalMessage_ERROR) IP (RCC) : Invalid parameter (48MHZClocksFreq_Value)
2026-09-29 10:22:17,668 [INFO] ImportTextPane:218 - (OptionalMessage_ERROR) IP (RCC) : Invalid parameter (EthernetFreq_Value)
2026-09-29 10:22:17,679 [INFO] ImportTextPane:218 - (OptionalMessage_ERROR) IP (RCC) : Parameter (FLatency) has Id (AdvancedSettings) currently not set
2026-09-29 10:22:17,682 [INFO] ImportTextPane:218 - (OptionalMessage_ERROR) IP (RCC) : Invalid parameter (FamilyName)
2026-09-29 10:22:17,683 [INFO] ImportTextPane:218 - (OptionalMessage_ERROR) IP (RCC) : Invalid parameter (I2SClocksFreq_Value)
2026-09-29 10:22:17,686 [INFO] ImportTextPane:218 - (OptionalMessage_ERROR) IP (RCC) : Parameter (SDIOFreq_Value) has invalid value (168000000)
2026-09-29 10:22:17,687 [INFO] ImportTextPane:218 - (OptionalMessage_ERROR) IP (RCC) : Parameter (USBFreq_Value) has invalid value (168000000)
2026-09-29 10:22:17,688 [INFO] ImportTextPane:218 - (OptionalMessage_ERROR) IP (RCC) : Invalid parameter (VCOInputMFreq_Value)
2026-09-29 10:22:17,689 [INFO] ImportTextPane:218 - (OptionalMessage_ERROR) IP (RCC) : Invalid parameter (VcooutputI2S)
2026-09-29 10:22:18,600 [INFO] UtilMem:75 - End LoadConfig() Used Memory: 846552928 Bytes (1073741824)
2026-09-29 10:22:18,939 [WARN] ThirdParty:833 - waiting for thirdparty lock release [change project]
2026-09-29 10:22:18,953 [INFO] ThirdParty:835 - entering critical section [change project]
2026-09-29 10:22:18,955 [INFO] ThirdParty:1030 - CMSIS Pack Vendor :STMicroelectronics X-CUBE-AZRTOS-H7 3.5.0
2026-09-29 10:22:18,956 [INFO] ThirdParty:1030 - CMSIS Pack Vendor :STMicroelectronics X-CUBE-PM33A1 1.0.0
2026-09-29 10:22:18,956 [INFO] ThirdParty:1030 - CMSIS Pack Vendor :STMicroelectronics USBPD 4.1
2026-09-29 10:22:18,956 [INFO] ThirdParty:1030 - CMSIS Pack Vendor :STMicroelectronics USB_HOST 2.0.0
2026-09-29 10:22:18,956 [INFO] ThirdParty:1030 - CMSIS Pack Vendor :STMicroelectronics FP-SNS-MOTENVWB1 1.4.0
2026-09-29 10:22:18,956 [INFO] ThirdParty:1030 - CMSIS Pack Vendor :STMicroelectronics FP-ATR-ASTRA1 2.0.3
2026-09-29 10:22:18,956 [INFO] ThirdParty:1030 - CMSIS Pack Vendor :STMicroelectronics X-CUBE-AZRTOS-F4 1.1.0
2026-09-29 10:22:18,956 [INFO] ThirdParty:1030 - CMSIS Pack Vendor :STMicroelectronics LIBJPEG 8.0.0
2026-09-29 10:22:18,956 [INFO] ThirdParty:1030 - CMSIS Pack Vendor :STMicroelectronics FP-ATR-ASTRA1 2.0.2
2026-09-29 10:22:18,956 [INFO] ThirdParty:1030 - CMSIS Pack Vendor :Avnet-IotConnect X-CUBE-IoTC-DA16k-PMOD 1.0.0
2026-09-29 10:22:18,956 [INFO] ThirdParty:1030 - CMSIS Pack Vendor :STMicroelectronics X-CUBE-SMBUS 2.1.0
2026-09-29 10:22:18,956 [INFO] ThirdParty:1030 - CMSIS Pack Vendor :STMicroelectronics X-CUBE-WB05N 1.1.0
2026-09-29 10:22:18,956 [INFO] ThirdParty:1030 - CMSIS Pack Vendor :STMicroelectronics X-CUBE-ISPU 2.1.0
2026-09-29 10:22:18,956 [INFO] ThirdParty:1030 - CMSIS Pack Vendor :STMicroelectronics eDS-WB_DPC_TT-BIDIR 2.1.1
2026-09-29 10:22:18,956 [INFO] ThirdParty:1030 - CMSIS Pack Vendor :STMicroelectronics X-CUBE-NFC12 1.0.0
2026-09-29 10:22:18,956 [INFO] ThirdParty:1030 - CMSIS Pack Vendor :STMicroelectronics X-CUBE-AZRTOS-F7 1.1.0
2026-09-29 10:22:18,956 [INFO] ThirdParty:1030 - CMSIS Pack Vendor :STMicroelectronics X-CUBE-AZRTOS-L5 2.0.0
2026-09-29 10:22:18,956 [INFO] ThirdParty:1030 - CMSIS Pack Vendor :STMicroelectronics USB_DEVICE 2.0.0
2026-09-29 10:22:18,956 [INFO] ThirdParty:1030 - CMSIS Pack Vendor :STMicroelectronics X-CUBE-NFC6 3.1.0
2026-09-29 10:22:18,956 [INFO] ThirdParty:1030 - CMSIS Pack Vendor :STMicroelectronics X-CUBE-ALGOBUILD 1.5.0
2026-09-29 10:22:18,956 [INFO] ThirdParty:1030 - CMSIS Pack Vendor :STMicroelectronics FreeRTOS 0.0.1
2026-09-29 10:22:18,956 [INFO] ThirdParty:1030 - CMSIS Pack Vendor :STMicroelectronics X-CUBE-AZRTOS-H7RS 1.3.0
2026-09-29 10:22:18,956 [INFO] ThirdParty:1030 - CMSIS Pack Vendor :STMicroelectronics X-CUBE-DPower 1.2.0
2026-09-29 10:22:18,956 [INFO] ThirdParty:1030 - CMSIS Pack Vendor :STMicroelectronics eDS-WB_DPC_VIENNA 1.2.0
2026-09-29 10:22:18,956 [INFO] ThirdParty:1030 - CMSIS Pack Vendor :STMicroelectronics X-CUBE-MEMS1 13.0.0
2026-09-29 10:22:18,956 [INFO] ThirdParty:1030 - CMSIS Pack Vendor :STMicroelectronics eDS-WB_DPC_3PH2L-BIDIR 1.1.1
2026-09-29 10:22:18,956 [INFO] ThirdParty:1030 - CMSIS Pack Vendor :Infineon AIROC-Wi-Fi-Bluetooth-STM32 1.7.0
2026-09-29 10:22:18,956 [INFO] ThirdParty:1030 - CMSIS Pack Vendor :STMicroelectronics PDM2PCM 3.3.0
2026-09-29 10:22:18,956 [INFO] ThirdParty:1030 - CMSIS Pack Vendor :STMicroelectronics X-CUBE-DISPLAY 3.0.0
2026-09-29 10:22:18,956 [INFO] ThirdParty:1030 - CMSIS Pack Vendor :STMicroelectronics X-CUBE-GNSS1 7.1.1
2026-09-29 10:22:18,956 [INFO] ThirdParty:1030 - CMSIS Pack Vendor :STMicroelectronics X-CUBE-NFC10 1.0.0
2026-09-29 10:22:18,956 [INFO] ThirdParty:1030 - CMSIS Pack Vendor :STMicroelectronics X-CUBE-BLEMGR 4.0.0
2026-09-29 10:22:18,956 [INFO] ThirdParty:1030 - CMSIS Pack Vendor :STMicroelectronics X-CUBE-FREERTOS 1.3.1
2026-09-29 10:22:18,957 [INFO] ThirdParty:1030 - CMSIS Pack Vendor :STMicroelectronics HAL Drivers 0.0.0
2026-09-29 10:22:18,957 [INFO] ThirdParty:1030 - CMSIS Pack Vendor :STMicroelectronics X-CUBE-ST60 1.1.0
2026-09-29 10:22:18,957 [INFO] ThirdParty:1030 - CMSIS Pack Vendor :emotas I-CUBE-CANOPEN 1.3.0
2026-09-29 10:22:18,957 [INFO] ThirdParty:1030 - CMSIS Pack Vendor :STMicroelectronics X-CUBE-FREERTOS 1.3.0
2026-09-29 10:22:18,957 [INFO] ThirdParty:1030 - CMSIS Pack Vendor :STMicroelectronics X-CUBE-NFC7 1.0.1
2026-09-29 10:22:18,957 [INFO] ThirdParty:1030 - CMSIS Pack Vendor :STMicroelectronics MBEDTLS 2.14.1
2026-09-29 10:22:18,957 [INFO] ThirdParty:1030 - CMSIS Pack Vendor :STMicroelectronics X-CUBE-TOUCHGFX 4.26.1
2026-09-29 10:22:18,957 [INFO] ThirdParty:1030 - CMSIS Pack Vendor :quantropi X-CUBE-qispace-sdk-base 2.0.0
2026-09-29 10:22:18,957 [INFO] ThirdParty:1030 - CMSIS Pack Vendor :STMicroelectronics X-CUBE-AI 10.0.0
2026-09-29 10:22:18,957 [INFO] ThirdParty:1030 - CMSIS Pack Vendor :STMicroelectronics FP-SNS-SMARTAG2 1.2.0
2026-09-29 10:22:18,957 [INFO] ThirdParty:1030 - CMSIS Pack Vendor :STMicroelectronics FP-SNS-FLIGHT1 5.1.0
2026-09-29 10:22:18,957 [INFO] ThirdParty:1030 - CMSIS Pack Vendor :STMicroelectronics X-CUBE-MEMS1 11.1.0
2026-09-29 10:22:18,958 [INFO] ThirdParty:1030 - CMSIS Pack Vendor :STMicroelectronics X-CUBE-AZRTOS-WL 2.0.0
2026-09-29 10:22:18,958 [INFO] ThirdParty:1030 - CMSIS Pack Vendor :STMicroelectronics X-CUBE-DPower 1.3.0
2026-09-29 10:22:18,958 [INFO] ThirdParty:1030 - CMSIS Pack Vendor :STMicroelectronics FP-SNS-MOTENV1 5.0.0
2026-09-29 10:22:18,958 [INFO] ThirdParty:1030 - CMSIS Pack Vendor :STMicroelectronics USB_DEVICE 1.0.0
2026-09-29 10:22:18,958 [INFO] ThirdParty:1030 - CMSIS Pack Vendor :STMicroelectronics X-CUBE-AZRTOS-L4 2.0.0
2026-09-29 10:22:18,958 [INFO] ThirdParty:1030 - CMSIS Pack Vendor :STMicroelectronics ThreadX 0.0.2
2026-09-29 10:22:18,958 [INFO] ThirdParty:1030 - CMSIS Pack Vendor :WES I-CUBE-Cesium 1.3.0
2026-09-29 10:22:18,958 [INFO] ThirdParty:1030 - CMSIS Pack Vendor :STMicroelectronics lwIP 2.1.2
2026-09-29 10:22:18,958 [INFO] ThirdParty:1030 - CMSIS Pack Vendor :STMicroelectronics X-CUBE-SFXS2LP1 4.0.0
2026-09-29 10:22:18,959 [INFO] ThirdParty:1030 - CMSIS Pack Vendor :STMicroelectronics X-CUBE-BLE2 3.3.0
2026-09-29 10:22:18,959 [INFO] ThirdParty:1030 - CMSIS Pack Vendor :Avnet-IOTCONNECT X-CUBE-iotc-st67-sdk 1.0.0
2026-09-29 10:22:18,959 [INFO] ThirdParty:1030 - CMSIS Pack Vendor :STMicroelectronics PDM2PCM 3.2.0
2026-09-29 10:22:18,959 [INFO] ThirdParty:1030 - CMSIS Pack Vendor :STMicroelectronics X-CUBE-WB05N 2.1.0
2026-09-29 10:22:18,959 [INFO] ThirdParty:1030 - CMSIS Pack Vendor :STMicroelectronics X-CUBE-AZRTOS-H7 3.3.0
2026-09-29 10:22:18,959 [INFO] ThirdParty:1030 - CMSIS Pack Vendor :STMicroelectronics X-CUBE-NFC9 1.0.0
2026-09-29 10:22:18,959 [INFO] ThirdParty:1030 - CMSIS Pack Vendor :STMicroelectronics X-CUBE-BLE1 7.1.0
2026-09-29 10:22:18,959 [INFO] ThirdParty:1030 - CMSIS Pack Vendor :wolfSSL I-CUBE-wolfMQTT 1.19.2
2026-09-29 10:22:18,959 [INFO] ThirdParty:1030 - CMSIS Pack Vendor :STMicroelectronics USB_DEVICE 3.0.0
2026-09-29 10:22:18,959 [INFO] ThirdParty:1030 - CMSIS Pack Vendor :STMicroelectronics X-CUBE-EEPRMA1 5.2.0
2026-09-29 10:22:18,959 [INFO] ThirdParty:1030 - CMSIS Pack Vendor :STMicroelectronics X-CUBE-AZRTOS-WB 2.0.0
2026-09-29 10:22:18,959 [INFO] ThirdParty:1030 - CMSIS Pack Vendor :STMicroelectronics X-CUBE-GNSS1 7.0.1
2026-09-29 10:22:18,959 [INFO] ThirdParty:1030 - CMSIS Pack Vendor :STMicroelectronics X-CUBE-TOUCHGFX 4.25.0
2026-09-29 10:22:18,959 [INFO] ThirdParty:1030 - CMSIS Pack Vendor :STMicroelectronics X-CUBE-AI 10.1.0
2026-09-29 10:22:18,960 [INFO] ThirdParty:1030 - CMSIS Pack Vendor :STMicroelectronics FP-SNS-STBOX1 2.0.0
2026-09-29 10:22:18,960 [INFO] ThirdParty:1030 - CMSIS Pack Vendor :STMicroelectronics X-CUBE-STSE01 2.0.0
2026-09-29 10:22:18,960 [INFO] ThirdParty:1030 - CMSIS Pack Vendor :STMicroelectronics X-CUBE-MEMS1 11.2.0
2026-09-29 10:22:18,960 [INFO] ThirdParty:1030 - CMSIS Pack Vendor :STMicroelectronics X-CUBE-AZRTOS-G0 1.1.0
2026-09-29 10:22:18,960 [INFO] ThirdParty:1030 - CMSIS Pack Vendor :STMicroelectronics X-CUBE-SAFEA1 1.2.2
2026-09-29 10:22:18,960 [INFO] ThirdParty:1030 - CMSIS Pack Vendor :STMicroelectronics X-CUBE-NFC4 3.0.0
2026-09-29 10:22:18,960 [INFO] ThirdParty:1030 - CMSIS Pack Vendor :STMicroelectronics X-CUBE-SUBG2 5.0.0
2026-09-29 10:22:18,960 [INFO] ThirdParty:1030 - CMSIS Pack Vendor :STMicroelectronics X-CUBE-AZRTOS-H7RS 1.1.0
2026-09-29 10:22:18,960 [INFO] ThirdParty:1030 - CMSIS Pack Vendor :STMicroelectronics STM32_WPAN 1.0.0
2026-09-29 10:22:18,960 [INFO] ThirdParty:1030 - CMSIS Pack Vendor :EmbeddedOffice I-CUBE-FS-RTOS 1.0.1
2026-09-29 10:22:18,960 [INFO] ThirdParty:1030 - CMSIS Pack Vendor :STMicroelectronics lwIP 2.0.3
2026-09-29 10:22:18,960 [INFO] ThirdParty:1030 - CMSIS Pack Vendor :Cesanta I-CUBE-Mongoose 7.13.0
2026-09-29 10:22:18,960 [INFO] ThirdParty:1030 - CMSIS Pack Vendor :STMicroelectronics USB_HOST 1.0.0
2026-09-29 10:22:18,960 [INFO] ThirdParty:1030 - CMSIS Pack Vendor :STMicroelectronics X-CUBE-AZRTOS-G4 2.0.0
2026-09-29 10:22:18,960 [INFO] ThirdParty:1030 - CMSIS Pack Vendor :STMicroelectronics X-CUBE-WB05N 2.0.0
2026-09-29 10:22:18,960 [INFO] ThirdParty:1030 - CMSIS Pack Vendor :STMicroelectronics PDM2PCM 3.1.0
2026-09-29 10:22:18,960 [INFO] ThirdParty:1030 - CMSIS Pack Vendor :wolfSSL I-CUBE-wolfTPM 3.8.0
2026-09-29 10:22:18,960 [INFO] ThirdParty:1030 - CMSIS Pack Vendor :wolfSSL I-CUBE-wolfSSH 1.4.20
2026-09-29 10:22:18,960 [INFO] ThirdParty:1030 - CMSIS Pack Vendor :STMicroelectronics X-CUBE-NFC7 2.0.0
2026-09-29 10:22:18,960 [INFO] ThirdParty:1030 - CMSIS Pack Vendor :STMicroelectronics X-CUBE-TCPP 4.2.0
2026-09-29 10:22:18,961 [INFO] ThirdParty:1030 - CMSIS Pack Vendor :RealThread X-CUBE-RT-Thread_Nano 4.1.1
2026-09-29 10:22:18,962 [INFO] ThirdParty:1030 - CMSIS Pack Vendor :STMicroelectronics FP-ATR-SIGFOX1 3.2.0
2026-09-29 10:22:18,963 [INFO] ThirdParty:1030 - CMSIS Pack Vendor :STMicroelectronics X-CUBE-EEPRMA1 5.1.0
2026-09-29 10:22:18,965 [INFO] ThirdParty:1030 - CMSIS Pack Vendor :STMicroelectronics MBEDTLS 2.16.2
2026-09-29 10:22:18,966 [INFO] ThirdParty:1030 - CMSIS Pack Vendor :STMicroelectronics X-CUBE-IPS 3.1.0
2026-09-29 10:22:18,966 [INFO] ThirdParty:1030 - CMSIS Pack Vendor :STMicroelectronics X-CUBE-ALS 1.0.2
2026-09-29 10:22:18,966 [INFO] ThirdParty:1030 - CMSIS Pack Vendor :wolfSSL I-CUBE-wolfSSL 5.7.6
2026-09-29 10:22:18,966 [INFO] ThirdParty:1030 - CMSIS Pack Vendor :ITTIA_DB I-CUBE-ITTIADB 8.9.0
2026-09-29 10:22:18,966 [INFO] ThirdParty:1030 - CMSIS Pack Vendor :portGmbH I-Cube-SoM-uGOAL 1.1.0
2026-09-29 10:22:18,966 [INFO] ThirdParty:1030 - CMSIS Pack Vendor :STMicroelectronics X-CUBE-NFC6 3.2.0
2026-09-29 10:22:18,966 [INFO] ThirdParty:1030 - CMSIS Pack Vendor :STMicroelectronics X-CUBE-AI 10.2.1
2026-09-29 10:22:18,966 [INFO] ThirdParty:1030 - CMSIS Pack Vendor :STMicroelectronics ThreadX 1.0.0
2026-09-29 10:22:18,966 [INFO] ThirdParty:1030 - CMSIS Pack Vendor :SEGGER I-CUBE-embOS 1.3.1
2026-09-29 10:22:18,966 [INFO] ThirdParty:1030 - CMSIS Pack Vendor :STMicroelectronics X-CUBE-ALGOBUILD 1.4.0
2026-09-29 10:22:18,966 [INFO] ThirdParty:1030 - CMSIS Pack Vendor :STMicroelectronics X-CUBE-TOF1 3.4.2
2026-09-29 10:22:18,966 [INFO] ThirdParty:1030 - CMSIS Pack Vendor :STMicroelectronics X-CUBE-TOF1 3.4.3
2026-09-29 10:22:18,966 [INFO] ThirdParty:1030 - CMSIS Pack Vendor :STMicroelectronics X-CUBE-NFC13 1.0.0
2026-09-29 10:22:18,973 [INFO] ThirdParty:841 - exiting critical section [change project]
2026-09-29 10:22:20,231 [INFO] PinOutPanel:1589 - setPackage(No Configuration,No Configuration)
2026-09-29 10:22:20,238 [INFO] PinOutPanel:1589 - setPackage(STM32F446RETx,LQFP64)
2026-09-29 10:22:21,725 [INFO] UtilMem:75 - Before build in PCC Used Memory: 867567048 Bytes (1073741824)
2026-09-29 10:22:24,216 [INFO] UtilMem:75 - After build in PCC Used Memory: 892527360 Bytes (1073741824)
2026-09-29 10:22:24,341 [INFO] IPUIPlugin:80 - create IPUIPlugin
2026-09-29 10:22:24,343 [INFO] IPUIPlugin:80 - create IPUIPlugin
2026-09-29 10:22:24,343 [INFO] IPUIPlugin:80 - create IPUIPlugin
2026-09-29 10:22:24,344 [INFO] IPUIPlugin:80 - create IPUIPlugin
2026-09-29 10:22:24,345 [INFO] IPUIPlugin:80 - create IPUIPlugin
2026-09-29 10:22:24,346 [INFO] IPUIPlugin:80 - create IPUIPlugin
2026-09-29 10:22:24,346 [INFO] IPUIPlugin:80 - create IPUIPlugin
2026-09-29 10:22:24,346 [INFO] IPUIPlugin:80 - create IPUIPlugin
2026-09-29 10:22:24,346 [INFO] IPUIPlugin:80 - create IPUIPlugin
2026-09-29 10:22:24,347 [INFO] IPUIPlugin:80 - create IPUIPlugin
2026-09-29 10:22:24,348 [INFO] IPUIPlugin:80 - create IPUIPlugin
2026-09-29 10:22:24,354 [INFO] IPUIPlugin:80 - create IPUIPlugin
2026-09-29 10:22:24,355 [INFO] IPUIPlugin:80 - create IPUIPlugin
2026-09-29 10:22:24,355 [INFO] IPUIPlugin:80 - create IPUIPlugin
2026-09-29 10:22:24,355 [INFO] IPUIPlugin:80 - create IPUIPlugin
2026-09-29 10:22:24,355 [INFO] IPUIPlugin:80 - create IPUIPlugin
2026-09-29 10:22:24,355 [INFO] IPUIPlugin:80 - create IPUIPlugin
2026-09-29 10:22:24,355 [INFO] IPUIPlugin:80 - create IPUIPlugin
2026-09-29 10:22:24,356 [INFO] IPUIPlugin:80 - create IPUIPlugin
2026-09-29 10:22:24,356 [INFO] IPUIPlugin:80 - create IPUIPlugin
2026-09-29 10:22:24,356 [INFO] IPUIPlugin:80 - create IPUIPlugin
2026-09-29 10:22:24,356 [INFO] IPUIPlugin:80 - create IPUIPlugin
2026-09-29 10:22:24,356 [INFO] IPUIPlugin:80 - create IPUIPlugin
2026-09-29 10:22:24,356 [INFO] IPUIPlugin:80 - create IPUIPlugin
2026-09-29 10:22:24,356 [INFO] IPUIPlugin:80 - create IPUIPlugin
2026-09-29 10:22:24,356 [INFO] IPUIPlugin:80 - create IPUIPlugin
2026-09-29 10:22:24,357 [INFO] IPUIPlugin:80 - create IPUIPlugin
2026-09-29 10:22:24,357 [INFO] IPUIPlugin:80 - create IPUIPlugin
2026-09-29 10:22:24,357 [INFO] IPUIPlugin:80 - create IPUIPlugin
2026-09-29 10:22:24,357 [INFO] IPUIPlugin:80 - create IPUIPlugin
2026-09-29 10:22:24,357 [INFO] IPUIPlugin:80 - create IPUIPlugin
2026-09-29 10:22:24,358 [INFO] IPUIPlugin:80 - create IPUIPlugin
2026-09-29 10:22:24,358 [INFO] IPUIPlugin:80 - create IPUIPlugin
2026-09-29 10:22:24,358 [INFO] IPUIPlugin:80 - create IPUIPlugin
2026-09-29 10:22:24,358 [INFO] IPUIPlugin:80 - create IPUIPlugin
2026-09-29 10:22:24,358 [INFO] IPUIPlugin:80 - create IPUIPlugin
2026-09-29 10:22:24,358 [INFO] IPUIPlugin:80 - create IPUIPlugin
2026-09-29 10:22:24,358 [INFO] IPUIPlugin:80 - create IPUIPlugin
2026-09-29 10:22:24,358 [INFO] IPUIPlugin:80 - create IPUIPlugin
2026-09-29 10:22:24,358 [INFO] IPUIPlugin:80 - create IPUIPlugin
2026-09-29 10:22:24,358 [INFO] IPUIPlugin:80 - create IPUIPlugin
2026-09-29 10:22:24,358 [INFO] IPUIPlugin:80 - create IPUIPlugin
2026-09-29 10:22:24,358 [INFO] IPUIPlugin:80 - create IPUIPlugin
2026-09-29 10:22:24,358 [INFO] IPUIPlugin:80 - create IPUIPlugin
2026-09-29 10:22:24,359 [INFO] IPUIPlugin:80 - create IPUIPlugin
2026-09-29 10:22:24,359 [INFO] IPUIPlugin:80 - create IPUIPlugin
2026-09-29 10:22:24,359 [INFO] IPUIPlugin:80 - create IPUIPlugin
2026-09-29 10:22:24,359 [INFO] IPUIPlugin:80 - create IPUIPlugin
2026-09-29 10:22:24,359 [INFO] IPUIPlugin:80 - create IPUIPlugin
2026-09-29 10:22:24,359 [INFO] IPUIPlugin:80 - create IPUIPlugin
2026-09-29 10:22:24,359 [INFO] IPUIPlugin:80 - create IPUIPlugin
2026-09-29 10:22:24,360 [INFO] IPUIPlugin:80 - create IPUIPlugin
2026-09-29 10:22:24,360 [INFO] IPUIPlugin:80 - create IPUIPlugin
2026-09-29 10:22:24,360 [INFO] IPUIPlugin:80 - create IPUIPlugin
2026-09-29 10:22:24,360 [INFO] IPUIPlugin:80 - create IPUIPlugin
2026-09-29 10:22:24,360 [INFO] IPUIPlugin:80 - create IPUIPlugin
2026-09-29 10:22:24,361 [INFO] IPUIPlugin:80 - create IPUIPlugin
2026-09-29 10:22:24,361 [INFO] IPUIPlugin:80 - create IPUIPlugin
2026-09-29 10:22:24,361 [INFO] IPUIPlugin:80 - create IPUIPlugin
2026-09-29 10:22:24,361 [INFO] IPUIPlugin:80 - create IPUIPlugin
2026-09-29 10:22:24,425 [INFO] ApiDbMcu:508 - Load IP Config File for PDM2PCM
2026-09-29 10:22:24,924 [INFO] CADModel:165 - CPN selected for project levelSTM32F446RET6
2026-09-29 10:22:24,925 [INFO] CADModel:114 - Register for checkConnection events
2026-09-29 10:22:24,975 [INFO] OpenFileManager:363 - Restore cursor
2026-09-29 10:22:59,569 [ERROR] LogOutputStream:75 - [STDERR_REDIRECT] java.lang.IllegalArgumentException: column must be valid, was-1
2026-09-29 10:22:59,575 [ERROR] LogOutputStream:75 - [STDERR_REDIRECT] 	at org.jdesktop.swingx.JXTreeTable.isHierarchical(JXTreeTable.java:2022)
2026-09-29 10:22:59,578 [ERROR] LogOutputStream:75 - [STDERR_REDIRECT] 	at org.jdesktop.swingx.JXTreeTable.getEditingRow(JXTreeTable.java:1162)
2026-09-29 10:22:59,579 [ERROR] LogOutputStream:75 - [STDERR_REDIRECT] 	at java.desktop/javax.swing.JTable$AccessibleJTable.getAccessibleAt(JTable.java:7184)
2026-09-29 10:22:59,579 [ERROR] LogOutputStream:75 - [STDERR_REDIRECT] 	at java.desktop/sun.lwawt.macosx.CAccessibility$23.call(CAccessibility.java:503)
2026-09-29 10:22:59,579 [ERROR] LogOutputStream:75 - [STDERR_REDIRECT] 	at java.desktop/sun.lwawt.macosx.CAccessibility$23.call(CAccessibility.java:473)
2026-09-29 10:22:59,579 [ERROR] LogOutputStream:75 - [STDERR_REDIRECT] 	at java.desktop/sun.lwawt.macosx.LWCToolkit$CallableWrapper.run(LWCToolkit.java:701)
2026-09-29 10:22:59,579 [ERROR] LogOutputStream:75 - [STDERR_REDIRECT] 	at java.desktop/java.awt.event.InvocationEvent.dispatch(InvocationEvent.java:308)
2026-09-29 10:22:59,580 [ERROR] LogOutputStream:75 - [STDERR_REDIRECT] 	at java.desktop/java.awt.EventQueue.dispatchEventImpl(EventQueue.java:773)
2026-09-29 10:22:59,580 [ERROR] LogOutputStream:75 - [STDERR_REDIRECT] 	at java.desktop/java.awt.EventQueue$4.run(EventQueue.java:720)
2026-09-29 10:22:59,580 [ERROR] LogOutputStream:75 - [STDERR_REDIRECT] 	at java.desktop/java.awt.EventQueue$4.run(EventQueue.java:714)
2026-09-29 10:22:59,580 [ERROR] LogOutputStream:75 - [STDERR_REDIRECT] 	at java.base/java.security.AccessController.doPrivileged(AccessController.java:400)
2026-09-29 10:22:59,581 [ERROR] LogOutputStream:75 - [STDERR_REDIRECT] 	at java.base/java.security.ProtectionDomain$JavaSecurityAccessImpl.doIntersectionPrivilege(ProtectionDomain.java:87)
2026-09-29 10:22:59,581 [ERROR] LogOutputStream:75 - [STDERR_REDIRECT] 	at java.base/java.security.ProtectionDomain$JavaSecurityAccessImpl.doIntersectionPrivilege(ProtectionDomain.java:98)
2026-09-29 10:22:59,581 [ERROR] LogOutputStream:75 - [STDERR_REDIRECT] 	at java.desktop/java.awt.EventQueue$5.run(EventQueue.java:747)
2026-09-29 10:22:59,581 [ERROR] LogOutputStream:75 - [STDERR_REDIRECT] 	at java.desktop/java.awt.EventQueue$5.run(EventQueue.java:745)
2026-09-29 10:22:59,581 [ERROR] LogOutputStream:75 - [STDERR_REDIRECT] 	at java.base/java.security.AccessController.doPrivileged(AccessController.java:400)
2026-09-29 10:22:59,581 [ERROR] LogOutputStream:75 - [STDERR_REDIRECT] 	at java.base/java.security.ProtectionDomain$JavaSecurityAccessImpl.doIntersectionPrivilege(ProtectionDomain.java:87)
2026-09-29 10:22:59,581 [ERROR] LogOutputStream:75 - [STDERR_REDIRECT] 	at java.desktop/java.awt.EventQueue.dispatchEvent(EventQueue.java:744)
2026-09-29 10:22:59,581 [ERROR] LogOutputStream:75 - [STDERR_REDIRECT] 	at java.desktop/java.awt.EventDispatchThread.pumpOneEventForFilters(EventDispatchThread.java:203)
2026-09-29 10:22:59,581 [ERROR] LogOutputStream:75 - [STDERR_REDIRECT] 	at java.desktop/java.awt.EventDispatchThread.pumpEventsForFilter(EventDispatchThread.java:124)
2026-09-29 10:22:59,581 [ERROR] LogOutputStream:75 - [STDERR_REDIRECT] 	at java.desktop/java.awt.EventDispatchThread.pumpEventsForFilter(EventDispatchThread.java:117)
2026-09-29 10:22:59,582 [ERROR] LogOutputStream:75 - [STDERR_REDIRECT] 	at java.desktop/java.awt.WaitDispatchSupport$2.run(WaitDispatchSupport.java:191)
2026-09-29 10:22:59,582 [ERROR] LogOutputStream:75 - [STDERR_REDIRECT] 	at java.desktop/java.awt.WaitDispatchSupport$4.run(WaitDispatchSupport.java:236)
2026-09-29 10:22:59,582 [ERROR] LogOutputStream:75 - [STDERR_REDIRECT] 	at java.desktop/java.awt.WaitDispatchSupport$4.run(WaitDispatchSupport.java:234)
2026-09-29 10:22:59,582 [ERROR] LogOutputStream:75 - [STDERR_REDIRECT] 	at java.base/java.security.AccessController.doPrivileged(AccessController.java:319)
2026-09-29 10:22:59,582 [ERROR] LogOutputStream:75 - [STDERR_REDIRECT] 	at java.desktop/java.awt.WaitDispatchSupport.enter(WaitDispatchSupport.java:234)
2026-09-29 10:22:59,583 [ERROR] LogOutputStream:75 - [STDERR_REDIRECT] 	at java.desktop/java.awt.Dialog.show(Dialog.java:1079)
2026-09-29 10:22:59,586 [ERROR] LogOutputStream:75 - [STDERR_REDIRECT] 	at java.desktop/java.awt.Component.show(Component.java:1728)
2026-09-29 10:22:59,587 [ERROR] LogOutputStream:75 - [STDERR_REDIRECT] 	at java.desktop/java.awt.Component.setVisible(Component.java:1675)
2026-09-29 10:22:59,587 [ERROR] LogOutputStream:75 - [STDERR_REDIRECT] 	at java.desktop/java.awt.Window.setVisible(Window.java:1036)
2026-09-29 10:22:59,588 [ERROR] LogOutputStream:75 - [STDERR_REDIRECT] 	at java.desktop/java.awt.Dialog.setVisible(Dialog.java:1015)
2026-09-29 10:22:59,588 [ERROR] LogOutputStream:75 - [STDERR_REDIRECT] 	at com.st.microxplorer.plugins.thirdparty.gui.view.ThirdPartyWindow.show(ThirdPartyWindow.java:138)
2026-09-29 10:22:59,588 [ERROR] LogOutputStream:75 - [STDERR_REDIRECT] 	at com.st.microxplorer.plugins.thirdparty.ThirdParty.showDialog(ThirdParty.java:959)
2026-09-29 10:22:59,588 [ERROR] LogOutputStream:75 - [STDERR_REDIRECT] 	at com.st.microxplorer.plugins.thirdparty.ThirdParty.openThirdParty(ThirdParty.java:1060)
2026-09-29 10:22:59,590 [ERROR] LogOutputStream:75 - [STDERR_REDIRECT] 	at com.st.microxplorer.plugins.thirdparty.ThirdParty.getSpecificTask(ThirdParty.java:572)
2026-09-29 10:22:59,591 [ERROR] LogOutputStream:75 - [STDERR_REDIRECT] 	at com.st.microxplorer.plugins.pinoutconfig.guiV5.PeripheralsListListener.mouseClicked(PeripheralsListListener.java:100)
2026-09-29 10:22:59,591 [ERROR] LogOutputStream:75 - [STDERR_REDIRECT] 	at java.desktop/java.awt.AWTEventMulticaster.mouseClicked(AWTEventMulticaster.java:278)
2026-09-29 10:22:59,591 [ERROR] LogOutputStream:75 - [STDERR_REDIRECT] 	at java.desktop/java.awt.Component.processMouseEvent(Component.java:6624)
2026-09-29 10:22:59,591 [ERROR] LogOutputStream:75 - [STDERR_REDIRECT] 	at java.desktop/javax.swing.JComponent.processMouseEvent(JComponent.java:3398)
2026-09-29 10:22:59,591 [ERROR] LogOutputStream:75 - [STDERR_REDIRECT] 	at java.desktop/java.awt.Component.processEvent(Component.java:6386)
2026-09-29 10:22:59,591 [ERROR] LogOutputStream:75 - [STDERR_REDIRECT] 	at java.desktop/java.awt.Container.processEvent(Container.java:2266)
2026-09-29 10:22:59,591 [ERROR] LogOutputStream:75 - [STDERR_REDIRECT] 	at java.desktop/java.awt.Component.dispatchEventImpl(Component.java:4996)
2026-09-29 10:22:59,592 [ERROR] LogOutputStream:75 - [STDERR_REDIRECT] 	at java.desktop/java.awt.Container.dispatchEventImpl(Container.java:2324)
2026-09-29 10:22:59,592 [ERROR] LogOutputStream:75 - [STDERR_REDIRECT] 	at java.desktop/java.awt.Component.dispatchEvent(Component.java:4828)
2026-09-29 10:22:59,592 [ERROR] LogOutputStream:75 - [STDERR_REDIRECT] 	at java.desktop/java.awt.LightweightDispatcher.retargetMouseEvent(Container.java:4948)
2026-09-29 10:22:59,592 [ERROR] LogOutputStream:75 - [STDERR_REDIRECT] 	at java.desktop/java.awt.LightweightDispatcher.processMouseEvent(Container.java:4584)
2026-09-29 10:22:59,592 [ERROR] LogOutputStream:75 - [STDERR_REDIRECT] 	at java.desktop/java.awt.LightweightDispatcher.dispatchEvent(Container.java:4516)
2026-09-29 10:22:59,592 [ERROR] LogOutputStream:75 - [STDERR_REDIRECT] 	at java.desktop/java.awt.Container.dispatchEventImpl(Container.java:2310)
2026-09-29 10:22:59,592 [ERROR] LogOutputStream:75 - [STDERR_REDIRECT] 	at java.desktop/java.awt.Component.dispatchEvent(Component.java:4828)
2026-09-29 10:22:59,592 [ERROR] LogOutputStream:75 - [STDERR_REDIRECT] 	at java.desktop/java.awt.EventQueue.dispatchEventImpl(EventQueue.java:775)
2026-09-29 10:22:59,592 [ERROR] LogOutputStream:75 - [STDERR_REDIRECT] 	at java.desktop/java.awt.EventQueue$4.run(EventQueue.java:720)
2026-09-29 10:22:59,592 [ERROR] LogOutputStream:75 - [STDERR_REDIRECT] 	at java.desktop/java.awt.EventQueue$4.run(EventQueue.java:714)
2026-09-29 10:22:59,592 [ERROR] LogOutputStream:75 - [STDERR_REDIRECT] 	at java.base/java.security.AccessController.doPrivileged(AccessController.java:400)
2026-09-29 10:22:59,592 [ERROR] LogOutputStream:75 - [STDERR_REDIRECT] 	at java.base/java.security.ProtectionDomain$JavaSecurityAccessImpl.doIntersectionPrivilege(ProtectionDomain.java:87)
2026-09-29 10:22:59,593 [ERROR] LogOutputStream:75 - [STDERR_REDIRECT] 	at java.base/java.security.ProtectionDomain$JavaSecurityAccessImpl.doIntersectionPrivilege(ProtectionDomain.java:98)
2026-09-29 10:22:59,593 [ERROR] LogOutputStream:75 - [STDERR_REDIRECT] 	at java.desktop/java.awt.EventQueue$5.run(EventQueue.java:747)
2026-09-29 10:22:59,593 [ERROR] LogOutputStream:75 - [STDERR_REDIRECT] 	at java.desktop/java.awt.EventQueue$5.run(EventQueue.java:745)
2026-09-29 10:22:59,593 [ERROR] LogOutputStream:75 - [STDERR_REDIRECT] 	at java.base/java.security.AccessController.doPrivileged(AccessController.java:400)
2026-09-29 10:22:59,594 [ERROR] LogOutputStream:75 - [STDERR_REDIRECT] 	at java.base/java.security.ProtectionDomain$JavaSecurityAccessImpl.doIntersectionPrivilege(ProtectionDomain.java:87)
2026-09-29 10:22:59,594 [ERROR] LogOutputStream:75 - [STDERR_REDIRECT] 	at java.desktop/java.awt.EventQueue.dispatchEvent(EventQueue.java:744)
2026-09-29 10:22:59,594 [ERROR] LogOutputStream:75 - [STDERR_REDIRECT] 	at java.desktop/java.awt.EventDispatchThread.pumpOneEventForFilters(EventDispatchThread.java:203)
2026-09-29 10:22:59,595 [ERROR] LogOutputStream:75 - [STDERR_REDIRECT] 	at java.desktop/java.awt.EventDispatchThread.pumpEventsForFilter(EventDispatchThread.java:124)
2026-09-29 10:22:59,595 [ERROR] LogOutputStream:75 - [STDERR_REDIRECT] 	at java.desktop/java.awt.EventDispatchThread.pumpEventsForHierarchy(EventDispatchThread.java:113)
2026-09-29 10:22:59,595 [ERROR] LogOutputStream:75 - [STDERR_REDIRECT] 	at java.desktop/java.awt.EventDispatchThread.pumpEvents(EventDispatchThread.java:109)
2026-09-29 10:22:59,595 [ERROR] LogOutputStream:75 - [STDERR_REDIRECT] 	at java.desktop/java.awt.EventDispatchThread.pumpEvents(EventDispatchThread.java:101)
2026-09-29 10:22:59,595 [ERROR] LogOutputStream:75 - [STDERR_REDIRECT] 	at java.desktop/java.awt.EventDispatchThread.run(EventDispatchThread.java:90)
2026-09-29 10:23:11,330 [INFO] ApiDbMcu:508 - Load IP Config File for STMicroelectronics.X-CUBE-AI.10.1.0
2026-09-29 10:23:11,571 [WARN] SupportedApi:132 - Cannot load RTOS API schema: s4s-elt-must-match.1: The content of 'definitions' must match (annotation?, (simpleType | complexType)?, (unique | key | keyref)*)). A problem was found starting at: attribute.
2026-09-29 10:23:11,724 [INFO] IPUIPlugin:80 - create IPUIPlugin
2026-09-29 10:23:11,873 [INFO] Tools:158 - outLine=hw.optional.arm64: 1
2026-09-29 10:23:11,892 [INFO] PluginManager:220 - loadIPPluginJar : add ai.10.1.0
2026-09-29 10:23:13,244 [INFO] IPUIPlugin:80 - create IPUIPlugin
2026-09-29 10:23:14,338 [INFO] ServerAccessManage:473 - Download File 
2026-09-29 10:23:14,347 [INFO] LoadUrlFilesThread:185 - End of LoadServerUrlFiles without Thread
2026-09-29 10:23:45,093 [ERROR] LogOutputStream:75 - [STDERR_REDIRECT] Exception in thread "AWT-EventQueue-0" java.lang.IllegalArgumentException: column must be valid, was-1
2026-09-29 10:23:45,109 [ERROR] LogOutputStream:75 - [STDERR_REDIRECT] 	at org.jdesktop.swingx.JXTreeTable.isHierarchical(JXTreeTable.java:2022)
2026-09-29 10:23:45,111 [ERROR] LogOutputStream:75 - [STDERR_REDIRECT] 	at org.jdesktop.swingx.JXTreeTable.getEditingRow(JXTreeTable.java:1162)
2026-09-29 10:23:45,111 [ERROR] LogOutputStream:75 - [STDERR_REDIRECT] 	at java.desktop/javax.swing.JTable$AccessibleJTable.getAccessibleChild(JTable.java:7222)
2026-09-29 10:23:45,111 [ERROR] LogOutputStream:75 - [STDERR_REDIRECT] 	at java.desktop/javax.swing.JTable$AccessibleJTable.getAccessibleAt(JTable.java:7612)
2026-09-29 10:23:45,111 [ERROR] LogOutputStream:75 - [STDERR_REDIRECT] 	at java.desktop/javax.swing.JTable$AccessibleJTable.valueChanged(JTable.java:7132)
2026-09-29 10:23:45,111 [ERROR] LogOutputStream:75 - [STDERR_REDIRECT] 	at java.desktop/javax.swing.DefaultListSelectionModel.fireValueChanged(DefaultListSelectionModel.java:231)
2026-09-29 10:23:45,111 [ERROR] LogOutputStream:75 - [STDERR_REDIRECT] 	at java.desktop/javax.swing.DefaultListSelectionModel.fireValueChanged(DefaultListSelectionModel.java:206)
2026-09-29 10:23:45,111 [ERROR] LogOutputStream:75 - [STDERR_REDIRECT] 	at java.desktop/javax.swing.DefaultListSelectionModel.fireValueChanged(DefaultListSelectionModel.java:258)
2026-09-29 10:23:45,111 [ERROR] LogOutputStream:75 - [STDERR_REDIRECT] 	at java.desktop/javax.swing.DefaultListSelectionModel.setLeadSelectionIndex(DefaultListSelectionModel.java:901)
2026-09-29 10:23:45,112 [ERROR] LogOutputStream:75 - [STDERR_REDIRECT] 	at java.desktop/javax.swing.JTable.clearSelectionAndLeadAnchor(JTable.java:2198)
2026-09-29 10:23:45,112 [ERROR] LogOutputStream:75 - [STDERR_REDIRECT] 	at java.desktop/javax.swing.JTable.tableChanged(JTable.java:4438)
2026-09-29 10:23:45,112 [ERROR] LogOutputStream:75 - [STDERR_REDIRECT] 	at org.jdesktop.swingx.JXTable.tableChanged(JXTable.java:1529)
2026-09-29 10:23:45,112 [ERROR] LogOutputStream:75 - [STDERR_REDIRECT] 	at org.jdesktop.swingx.JXTreeTable.tableChanged(JXTreeTable.java:1250)
2026-09-29 10:23:45,112 [ERROR] LogOutputStream:75 - [STDERR_REDIRECT] 	at java.desktop/javax.swing.table.AbstractTableModel.fireTableChanged(AbstractTableModel.java:302)
2026-09-29 10:23:45,112 [ERROR] LogOutputStream:75 - [STDERR_REDIRECT] 	at java.desktop/javax.swing.table.AbstractTableModel.fireTableStructureChanged(AbstractTableModel.java:222)
2026-09-29 10:23:45,113 [ERROR] LogOutputStream:75 - [STDERR_REDIRECT] 	at org.jdesktop.swingx.JXTreeTable$TreeTableModelAdapter$2.propertyChange(JXTreeTable.java:2261)
2026-09-29 10:23:45,113 [ERROR] LogOutputStream:75 - [STDERR_REDIRECT] 	at java.desktop/java.beans.PropertyChangeSupport.fire(PropertyChangeSupport.java:343)
2026-09-29 10:23:45,113 [ERROR] LogOutputStream:75 - [STDERR_REDIRECT] 	at java.desktop/java.beans.PropertyChangeSupport.firePropertyChange(PropertyChangeSupport.java:336)
2026-09-29 10:23:45,113 [ERROR] LogOutputStream:75 - [STDERR_REDIRECT] 	at java.desktop/java.beans.PropertyChangeSupport.firePropertyChange(PropertyChangeSupport.java:268)
2026-09-29 10:23:45,113 [ERROR] LogOutputStream:75 - [STDERR_REDIRECT] 	at java.desktop/java.awt.Component.firePropertyChange(Component.java:8717)
2026-09-29 10:23:45,113 [ERROR] LogOutputStream:75 - [STDERR_REDIRECT] 	at java.desktop/javax.swing.JTree.setModel(JTree.java:946)
2026-09-29 10:23:45,113 [ERROR] LogOutputStream:75 - [STDERR_REDIRECT] 	at org.jdesktop.swingx.JXTree.setModel(JXTree.java:1501)
2026-09-29 10:23:45,113 [ERROR] LogOutputStream:75 - [STDERR_REDIRECT] 	at org.jdesktop.swingx.JXTreeTable.setTreeTableModel(JXTreeTable.java:1184)
2026-09-29 10:23:45,113 [ERROR] LogOutputStream:75 - [STDERR_REDIRECT] 	at com.st.microxplorer.plugins.thirdparty.gui.view.treetable.ComponentTreeTable.updateModel(ComponentTreeTable.java:171)
2026-09-29 10:23:45,113 [ERROR] LogOutputStream:75 - [STDERR_REDIRECT] 	at com.st.microxplorer.plugins.thirdparty.gui.view.ComponentTreePanel.updateModelAndTable(ComponentTreePanel.java:244)
2026-09-29 10:23:45,113 [ERROR] LogOutputStream:75 - [STDERR_REDIRECT] 	at com.st.microxplorer.plugins.thirdparty.gui.view.ComponentTreePanel.update(ComponentTreePanel.java:146)
2026-09-29 10:23:45,113 [ERROR] LogOutputStream:75 - [STDERR_REDIRECT] 	at com.st.microxplorer.plugins.thirdparty.gui.view.ThirdPartyUI.updateAllPanels(ThirdPartyUI.java:425)
2026-09-29 10:23:45,114 [ERROR] LogOutputStream:75 - [STDERR_REDIRECT] 	at com.st.microxplorer.plugins.thirdparty.gui.view.ThirdPartyWindow.show(ThirdPartyWindow.java:130)
2026-09-29 10:23:45,114 [ERROR] LogOutputStream:75 - [STDERR_REDIRECT] 	at com.st.microxplorer.plugins.thirdparty.ThirdParty.showDialog(ThirdParty.java:959)
2026-09-29 10:23:45,114 [ERROR] LogOutputStream:75 - [STDERR_REDIRECT] 	at com.st.microxplorer.plugins.thirdparty.ThirdParty.openThirdParty(ThirdParty.java:1066)
2026-09-29 10:23:45,114 [ERROR] LogOutputStream:75 - [STDERR_REDIRECT] 	at com.st.microxplorer.plugins.thirdparty.ThirdParty.openThirdParty(ThirdParty.java:1075)
2026-09-29 10:23:45,114 [ERROR] LogOutputStream:75 - [STDERR_REDIRECT] 	at com.st.microxplorer.plugins.thirdparty.ThirdParty.getSpecificTask(ThirdParty.java:575)
2026-09-29 10:23:45,116 [ERROR] LogOutputStream:75 - [STDERR_REDIRECT] 	at com.st.microxplorer.plugins.pinoutandconfiguration.PinoutAndConfigurationView$17.actionPerformed(PinoutAndConfigurationView.java:1415)
2026-09-29 10:23:45,117 [ERROR] LogOutputStream:75 - [STDERR_REDIRECT] 	at java.desktop/javax.swing.AbstractButton.fireActionPerformed(AbstractButton.java:1972)
2026-09-29 10:23:45,117 [ERROR] LogOutputStream:75 - [STDERR_REDIRECT] 	at java.desktop/javax.swing.AbstractButton$Handler.actionPerformed(AbstractButton.java:2314)
2026-09-29 10:23:45,117 [ERROR] LogOutputStream:75 - [STDERR_REDIRECT] 	at java.desktop/javax.swing.DefaultButtonModel.fireActionPerformed(DefaultButtonModel.java:407)
2026-09-29 10:23:45,117 [ERROR] LogOutputStream:75 - [STDERR_REDIRECT] 	at java.desktop/javax.swing.DefaultButtonModel.setPressed(DefaultButtonModel.java:262)
2026-09-29 10:23:45,117 [ERROR] LogOutputStream:75 - [STDERR_REDIRECT] 	at java.desktop/javax.swing.AbstractButton.doClick(AbstractButton.java:374)
2026-09-29 10:23:45,117 [ERROR] LogOutputStream:75 - [STDERR_REDIRECT] 	at java.desktop/javax.swing.plaf.basic.BasicMenuItemUI.doClick(BasicMenuItemUI.java:1029)
2026-09-29 10:23:45,117 [ERROR] LogOutputStream:75 - [STDERR_REDIRECT] 	at java.desktop/javax.swing.plaf.basic.BasicMenuItemUI$Handler.mouseReleased(BasicMenuItemUI.java:1073)
2026-09-29 10:23:45,118 [ERROR] LogOutputStream:75 - [STDERR_REDIRECT] 	at java.desktop/java.awt.AWTEventMulticaster.mouseReleased(AWTEventMulticaster.java:297)
2026-09-29 10:23:45,118 [ERROR] LogOutputStream:75 - [STDERR_REDIRECT] 	at java.desktop/java.awt.Component.processMouseEvent(Component.java:6621)
2026-09-29 10:23:45,118 [ERROR] LogOutputStream:75 - [STDERR_REDIRECT] 	at java.desktop/javax.swing.JComponent.processMouseEvent(JComponent.java:3398)
2026-09-29 10:23:45,118 [ERROR] LogOutputStream:75 - [STDERR_REDIRECT] 	at java.desktop/java.awt.Component.processEvent(Component.java:6386)
2026-09-29 10:23:45,118 [ERROR] LogOutputStream:75 - [STDERR_REDIRECT] 	at java.desktop/java.awt.Container.processEvent(Container.java:2266)
2026-09-29 10:23:45,118 [ERROR] LogOutputStream:75 - [STDERR_REDIRECT] 	at java.desktop/java.awt.Component.dispatchEventImpl(Component.java:4996)
2026-09-29 10:23:45,118 [ERROR] LogOutputStream:75 - [STDERR_REDIRECT] 	at java.desktop/java.awt.Container.dispatchEventImpl(Container.java:2324)
2026-09-29 10:23:45,118 [ERROR] LogOutputStream:75 - [STDERR_REDIRECT] 	at java.desktop/java.awt.Component.dispatchEvent(Component.java:4828)
2026-09-29 10:23:45,118 [ERROR] LogOutputStream:75 - [STDERR_REDIRECT] 	at java.desktop/java.awt.LightweightDispatcher.retargetMouseEvent(Container.java:4948)
2026-09-29 10:23:45,118 [ERROR] LogOutputStream:75 - [STDERR_REDIRECT] 	at java.desktop/java.awt.LightweightDispatcher.processMouseEvent(Container.java:4575)
2026-09-29 10:23:45,118 [ERROR] LogOutputStream:75 - [STDERR_REDIRECT] 	at java.desktop/java.awt.LightweightDispatcher.dispatchEvent(Container.java:4516)
2026-09-29 10:23:45,119 [ERROR] LogOutputStream:75 - [STDERR_REDIRECT] 	at java.desktop/java.awt.Container.dispatchEventImpl(Container.java:2310)
2026-09-29 10:23:45,120 [ERROR] LogOutputStream:75 - [STDERR_REDIRECT] 	at java.desktop/java.awt.Window.dispatchEventImpl(Window.java:2780)
2026-09-29 10:23:45,121 [ERROR] LogOutputStream:75 - [STDERR_REDIRECT] 	at java.desktop/java.awt.Component.dispatchEvent(Component.java:4828)
2026-09-29 10:23:45,121 [ERROR] LogOutputStream:75 - [STDERR_REDIRECT] 	at java.desktop/java.awt.EventQueue.dispatchEventImpl(EventQueue.java:775)
2026-09-29 10:23:45,121 [ERROR] LogOutputStream:75 - [STDERR_REDIRECT] 	at java.desktop/java.awt.EventQueue$4.run(EventQueue.java:720)
2026-09-29 10:23:45,121 [ERROR] LogOutputStream:75 - [STDERR_REDIRECT] 	at java.desktop/java.awt.EventQueue$4.run(EventQueue.java:714)
2026-09-29 10:23:45,121 [ERROR] LogOutputStream:75 - [STDERR_REDIRECT] 	at java.base/java.security.AccessController.doPrivileged(AccessController.java:400)
2026-09-29 10:23:45,121 [ERROR] LogOutputStream:75 - [STDERR_REDIRECT] 	at java.base/java.security.ProtectionDomain$JavaSecurityAccessImpl.doIntersectionPrivilege(ProtectionDomain.java:87)
2026-09-29 10:23:45,121 [ERROR] LogOutputStream:75 - [STDERR_REDIRECT] 	at java.base/java.security.ProtectionDomain$JavaSecurityAccessImpl.doIntersectionPrivilege(ProtectionDomain.java:98)
2026-09-29 10:23:45,121 [ERROR] LogOutputStream:75 - [STDERR_REDIRECT] 	at java.desktop/java.awt.EventQueue$5.run(EventQueue.java:747)
2026-09-29 10:23:45,121 [ERROR] LogOutputStream:75 - [STDERR_REDIRECT] 	at java.desktop/java.awt.EventQueue$5.run(EventQueue.java:745)
2026-09-29 10:23:45,122 [ERROR] LogOutputStream:75 - [STDERR_REDIRECT] 	at java.base/java.security.AccessController.doPrivileged(AccessController.java:400)
2026-09-29 10:23:45,122 [ERROR] LogOutputStream:75 - [STDERR_REDIRECT] 	at java.base/java.security.ProtectionDomain$JavaSecurityAccessImpl.doIntersectionPrivilege(ProtectionDomain.java:87)
2026-09-29 10:23:45,122 [ERROR] LogOutputStream:75 - [STDERR_REDIRECT] 	at java.desktop/java.awt.EventQueue.dispatchEvent(EventQueue.java:744)
2026-09-29 10:23:45,122 [ERROR] LogOutputStream:75 - [STDERR_REDIRECT] 	at java.desktop/java.awt.EventDispatchThread.pumpOneEventForFilters(EventDispatchThread.java:203)
2026-09-29 10:23:45,122 [ERROR] LogOutputStream:75 - [STDERR_REDIRECT] 	at java.desktop/java.awt.EventDispatchThread.pumpEventsForFilter(EventDispatchThread.java:124)
2026-09-29 10:23:45,122 [ERROR] LogOutputStream:75 - [STDERR_REDIRECT] 	at java.desktop/java.awt.EventDispatchThread.pumpEventsForHierarchy(EventDispatchThread.java:113)
2026-09-29 10:23:45,122 [ERROR] LogOutputStream:75 - [STDERR_REDIRECT] 	at java.desktop/java.awt.EventDispatchThread.pumpEvents(EventDispatchThread.java:109)
2026-09-29 10:23:45,122 [ERROR] LogOutputStream:75 - [STDERR_REDIRECT] 	at java.desktop/java.awt.EventDispatchThread.pumpEvents(EventDispatchThread.java:101)
2026-09-29 10:23:45,122 [ERROR] LogOutputStream:75 - [STDERR_REDIRECT] 	at java.desktop/java.awt.EventDispatchThread.run(EventDispatchThread.java:90)
2026-09-29 10:23:55,807 [INFO] AIMainUI:1270 - Restoring parameters from IP...
2026-09-29 10:23:55,813 [INFO] AIMainUI:1393 - No old model detected
2026-09-29 10:23:55,841 [INFO] AI:955 - getUI adding AI com.st.microxplorer.plugins.ip.ai.AI@7f38ac52 on STMicroelectronics.X-CUBE-AI.10.1.0
2026-09-29 10:23:55,959 [INFO] BoardParameter:100 - Parameter not set IP=RCC name=HCLKFreq_Value id=null desired value=180000000 actual value84000000
2026-09-29 10:24:01,782 [INFO] BoardParameter:100 - Parameter not set IP=RCC name=APB1CLKDivider id=null desired value=RCC_HCLK_DIV4 actual valueRCC_HCLK_DIV2
2026-09-29 10:24:07,878 [INFO] AInterface:116 - AInterface using toolDir: /Users/salvo/STM32Cube/Repository/Packs/STMicroelectronics/X-CUBE-AI/10.1.0/Utilities/macarm
2026-09-29 10:24:07,942 [INFO] AIModelDetailledView:2380 - Analysis status: -
2026-09-29 10:24:07,948 [INFO] AIModelDetailledView:929 - Selected model: Keras
2026-09-29 10:24:14,096 [INFO] AIModelDetailledView:929 - Selected model: ONNX
2026-09-29 10:26:00,505 [INFO] AInterface:259 - ModelName:network; files:[/Users/salvo/Desktop/Prog Embedded/cart-inverted-pendulum/cart_pendolo_velocita_rl/export_stm32/pendolo_actor.onnx]; type:ONNX; compression:None
2026-09-29 10:26:00,530 [INFO] AInterface:526 - workspaceTempDir: /var/folders/jp/64g7ncr5711g4k4v1d874fcm0000gn/T/mxAI_workspace1483950504811258159937027015594059
2026-09-29 10:26:00,534 [INFO] AInterface:1176 - Setting Env: /Users/salvo/STM32Cube/Repository/Packs/STMicroelectronics/X-CUBE-AI/10.1.0/Utilities/macarm
2026-09-29 10:26:00,577 [INFO] STM32CubeIDEBuilder:265 - Looking for gnu-tools-for-stm32 tools/bin/arm-none-eabi-gcc in /Applications/STM32CubeIDE.app/Contents/MacOS
2026-09-29 10:26:00,584 [INFO] STM32CubeIDEBuilder:294 - checking /Applications/STM32CubeIDE.app/Contents/Eclipse/plugins/com.st.stm32cube.ide.mcu.externaltools.gnu-tools-for-stm32.12.3.rel1.macos64_1.1.0.202410301201/tools/bin/arm-none-eabi-gcc
2026-09-29 10:26:00,584 [INFO] STM32CubeIDEBuilder:297 - ret=/Applications/STM32CubeIDE.app/Contents/Eclipse/plugins/com.st.stm32cube.ide.mcu.externaltools.gnu-tools-for-stm32.12.3.rel1.macos64_1.1.0.202410301201/tools/bin/arm-none-eabi-gcc
2026-09-29 10:26:00,584 [INFO] STM32CubeIDEBuilder:311 - returning /Applications/STM32CubeIDE.app/Contents/Eclipse/plugins/com.st.stm32cube.ide.mcu.externaltools.gnu-tools-for-stm32.12.3.rel1.macos64_1.1.0.202410301201/tools/bin/arm-none-eabi-gcc
2026-09-29 10:26:00,584 [INFO] AInterface:1233 - Custom PATH variable: /Users/salvo/STM32Cube/Repository/Packs/STMicroelectronics/X-CUBE-AI/10.1.0/Utilities/macarm:/bin:/usr/bin:/usr/sbin:/sbin:/Users/salvo/STM32Cube/Repository/Packs/STMicroelectronics/X-CUBE-AI/10.1.0/Utilities/macarm/node/bin:/Applications/STM32CubeIDE.app/Contents/Eclipse/plugins/com.st.stm32cube.ide.mcu.externaltools.gnu-tools-for-stm32.12.3.rel1.macos64_1.1.0.202410301201/tools/bin
2026-09-29 10:26:35,021 [INFO] CmdLine:115 - Command: arch -arm64 /Users/salvo/STM32Cube/Repository/Packs/STMicroelectronics/X-CUBE-AI/10.1.0/Utilities/macarm/stedgeai analyze --target stm32f4 --name network -m /Users/salvo/Desktop/Prog Embedded/cart-inverted-pendulum/cart_pendolo_velocita_rl/export_stm32/pendolo_actor.onnx --compression none --verbosity 1 --workspace /var/folders/jp/64g7ncr5711g4k4v1d874fcm0000gn/T/mxAI_workspace1483950504811258159937027015594059 --output /Users/salvo/.stm32cubemx/network_output
2026-09-29 10:26:35,039 [INFO] AIModelDetailledView:2380 - Analysis status: pending
2026-09-29 10:26:37,965 [INFO] CmdLine:76 - ST Edge AI Core v2.1.0-20194 329b0e98d
2026-09-29 10:26:58,203 [INFO] CmdLine:76 -                                                        
2026-09-29 10:26:58,207 [INFO] CmdLine:76 - Creating c (debug) info json file /Users/salvo/.stm32cubemx/network_output/network_c_info.json
2026-09-29 10:26:58,217 [INFO] CmdLine:76 -  
2026-09-29 10:26:58,218 [INFO] CmdLine:76 -  Exec/report summary (analyze)
2026-09-29 10:26:58,219 [INFO] CmdLine:76 -  --------------------------------------------------------------------------------------------------------------------------------------------
2026-09-29 10:26:58,220 [INFO] CmdLine:76 -  model file         :   /Users/salvo/Desktop/Prog Embedded/cart-inverted-pendulum/cart_pendolo_velocita_rl/export_stm32/pendolo_actor.onnx   
2026-09-29 10:26:58,221 [INFO] CmdLine:76 -  type               :   onnx                                                                                                                 
2026-09-29 10:26:58,221 [INFO] CmdLine:76 -  c_name             :   network                                                                                                              
2026-09-29 10:26:58,222 [INFO] CmdLine:76 -  compression        :   none                                                                                                                 
2026-09-29 10:26:58,224 [INFO] CmdLine:76 -  options            :   allocate-inputs, allocate-outputs                                                                                    
2026-09-29 10:26:58,226 [INFO] CmdLine:76 -  optimization       :   balanced                                                                                                             
2026-09-29 10:26:58,227 [INFO] CmdLine:76 -  target/series      :   stm32f4                                                                                                              
2026-09-29 10:26:58,227 [INFO] CmdLine:76 -  workspace dir      :   /var/folders/jp/64g7ncr5711g4k4v1d874fcm0000gn/T/mxAI_workspace1483950504811258159937027015594059                    
2026-09-29 10:26:58,227 [INFO] CmdLine:76 -  output dir         :   /Users/salvo/.stm32cubemx/network_output                                                                             
2026-09-29 10:26:58,227 [INFO] CmdLine:76 -  model_fmt          :   float                                                                                                                
2026-09-29 10:26:58,228 [INFO] CmdLine:76 -  model_name         :   pendolo_actor                                                                                                        
2026-09-29 10:26:58,228 [INFO] CmdLine:76 -  model_hash         :   0x15106c1020f0dc6b070d6d5f2e391740                                                                                   
2026-09-29 10:26:58,235 [INFO] CmdLine:76 -  params #           :   17,537 items (68.50 KiB)                                                                                             
2026-09-29 10:26:58,245 [INFO] CmdLine:76 -  --------------------------------------------------------------------------------------------------------------------------------------------
2026-09-29 10:26:58,246 [INFO] CmdLine:76 -  input 1/1          :   'observation', f32(1x6), 24 Bytes, activations                                                                       
2026-09-29 10:26:58,246 [INFO] CmdLine:76 -  output 1/1         :   'action', f32(1x1), 4 Bytes, activations                                                                             
2026-09-29 10:26:58,247 [INFO] CmdLine:76 -  macc               :   17,803                                                                                                               
2026-09-29 10:26:58,247 [INFO] CmdLine:76 -  weights (ro)       :   70,148 B (68.50 KiB) (1 segment)                                                                                     
2026-09-29 10:26:58,248 [INFO] CmdLine:76 -  activations (rw)   :   1,024 B (1024 B) (1 segment) *                                                                                       
2026-09-29 10:26:58,249 [INFO] CmdLine:76 -  ram (total)        :   1,024 B (1024 B) = 1,024 + 0 + 0                                                                                     
2026-09-29 10:26:58,249 [INFO] CmdLine:76 -  --------------------------------------------------------------------------------------------------------------------------------------------
2026-09-29 10:26:58,250 [INFO] CmdLine:76 -  (*) 'input'/'output' buffers can be used from the activations buffer
2026-09-29 10:26:58,251 [INFO] CmdLine:76 -                                                        
2026-09-29 10:26:58,252 [INFO] CmdLine:76 - Computing AI RT data/code size (target=stm32f4)..
2026-09-29 10:26:59,395 [INFO] CmdLine:76 -                                                        
2026-09-29 10:26:59,398 [INFO] CmdLine:76 -  Model name - pendolo_actor
2026-09-29 10:26:59,398 [INFO] CmdLine:76 -  ------ ------------------ --------------- --------------- -------- --------------
2026-09-29 10:26:59,400 [INFO] CmdLine:76 -  m_id   layer (original)   oshape          param/size          macc   connected to
2026-09-29 10:26:59,401 [INFO] CmdLine:76 -  ------ ------------------ --------------- --------------- -------- --------------
2026-09-29 10:26:59,401 [INFO] CmdLine:76 -  0      weight_0 (Gemm)    [b:128,c:6]     768/3,072
2026-09-29 10:26:59,402 [INFO] CmdLine:76 -         bias_0 (Gemm)      [b:128]         128/512
2026-09-29 10:26:59,402 [INFO] CmdLine:76 -  ------ ------------------ --------------- --------------- -------- --------------
2026-09-29 10:26:59,403 [INFO] CmdLine:76 -  1      weight_1 (Gemm)    [b:128,c:128]   16,384/65,536
2026-09-29 10:26:59,404 [INFO] CmdLine:76 -         bias_1 (Gemm)      [b:128]         128/512
2026-09-29 10:26:59,405 [INFO] CmdLine:76 -  ------ ------------------ --------------- --------------- -------- --------------
2026-09-29 10:26:59,405 [INFO] CmdLine:76 -  2      weight_2 (Gemm)    [b:1,c:128]     128/512
2026-09-29 10:26:59,405 [INFO] CmdLine:76 -         bias_2 (Gemm)      [b:1]           1/4
2026-09-29 10:26:59,406 [INFO] CmdLine:76 -  ------ ------------------ --------------- --------------- -------- --------------
2026-09-29 10:26:59,407 [INFO] CmdLine:76 -  0      observation ()     [b:1,c:6]
2026-09-29 10:26:59,408 [INFO] CmdLine:76 -  ------ ------------------ --------------- --------------- -------- --------------
2026-09-29 10:26:59,408 [INFO] CmdLine:76 -  1      affine_0 (Gemm)    [b:1,c:128]                          896    observation
2026-09-29 10:26:59,408 [INFO] CmdLine:76 -                                                                           weight_0
2026-09-29 10:26:59,409 [INFO] CmdLine:76 -                                                                             bias_0
2026-09-29 10:26:59,415 [INFO] CmdLine:76 -  ------ ------------------ --------------- --------------- -------- --------------
2026-09-29 10:26:59,416 [INFO] CmdLine:76 -  2      hidden_0 (Relu)    [b:1,c:128]                          128       affine_0
2026-09-29 10:26:59,416 [INFO] CmdLine:76 -  ------ ------------------ --------------- --------------- -------- --------------
2026-09-29 10:26:59,417 [INFO] CmdLine:76 -  3      affine_1 (Gemm)    [b:1,c:128]                       16,512       hidden_0
2026-09-29 10:26:59,417 [INFO] CmdLine:76 -                                                                           weight_1
2026-09-29 10:26:59,417 [INFO] CmdLine:76 -                                                                             bias_1
2026-09-29 10:26:59,418 [INFO] CmdLine:76 -  ------ ------------------ --------------- --------------- -------- --------------
2026-09-29 10:26:59,420 [INFO] CmdLine:76 -  4      hidden_1 (Relu)    [b:1,c:128]                          128       affine_1
2026-09-29 10:26:59,421 [INFO] CmdLine:76 -  ------ ------------------ --------------- --------------- -------- --------------
2026-09-29 10:26:59,422 [INFO] CmdLine:76 -  5      affine_2 (Gemm)    [b:1,c:1]                            129       hidden_1
2026-09-29 10:26:59,422 [INFO] CmdLine:76 -                                                                           weight_2
2026-09-29 10:26:59,423 [INFO] CmdLine:76 -                                                                             bias_2
2026-09-29 10:26:59,424 [INFO] CmdLine:76 -  ------ ------------------ --------------- --------------- -------- --------------
2026-09-29 10:26:59,426 [INFO] CmdLine:76 -  6      action (Tanh)      [b:1,c:1]                             10       affine_2
2026-09-29 10:26:59,427 [INFO] CmdLine:76 -  ------ ------------------ --------------- --------------- -------- --------------
2026-09-29 10:26:59,427 [INFO] CmdLine:76 -  model: macc=17,803 weights=70,148 activations=-- io=--
2026-09-29 10:26:59,427 [INFO] CmdLine:76 -                                                        
2026-09-29 10:26:59,429 [INFO] CmdLine:76 -  Number of operations per c-layer
2026-09-29 10:26:59,431 [INFO] CmdLine:76 -  ------- ------ ------------------------- -------- --------------
2026-09-29 10:26:59,431 [INFO] CmdLine:76 -  c_id    m_id   name (type)                    #op           type
2026-09-29 10:26:59,432 [INFO] CmdLine:76 -  ------- ------ ------------------------- -------- --------------
2026-09-29 10:26:59,434 [INFO] CmdLine:76 -  0       1      affine_0 (Dense)               896   smul_f32_f32
2026-09-29 10:26:59,435 [INFO] CmdLine:76 -  1       2      hidden_0 (Nonlinearity)        128     op_f32_f32
2026-09-29 10:26:59,436 [INFO] CmdLine:76 -  2       3      affine_1 (Dense)            16,512   smul_f32_f32
2026-09-29 10:26:59,436 [INFO] CmdLine:76 -  3       4      hidden_1 (Nonlinearity)        128     op_f32_f32
2026-09-29 10:26:59,437 [INFO] CmdLine:76 -  4       5      affine_2 (Dense)               129   smul_f32_f32
2026-09-29 10:26:59,437 [INFO] CmdLine:76 -  5       6      action (Nonlinearity)           10     op_f32_f32
2026-09-29 10:26:59,438 [INFO] CmdLine:76 -  ------- ------ ------------------------- -------- --------------
2026-09-29 10:26:59,438 [INFO] CmdLine:76 -  total                                      17,803
2026-09-29 10:26:59,438 [INFO] CmdLine:76 -                                                        
2026-09-29 10:26:59,439 [INFO] CmdLine:76 -  Number of operation types
2026-09-29 10:26:59,440 [INFO] CmdLine:76 -  ---------------- -------- -----------
2026-09-29 10:26:59,441 [INFO] CmdLine:76 -  operation type          #           %
2026-09-29 10:26:59,441 [INFO] CmdLine:76 -  ---------------- -------- -----------
2026-09-29 10:26:59,441 [INFO] CmdLine:76 -  smul_f32_f32       17,537       98.5%
2026-09-29 10:26:59,441 [INFO] CmdLine:76 -  op_f32_f32            266        1.5%
2026-09-29 10:26:59,442 [INFO] CmdLine:76 -                                                        
2026-09-29 10:26:59,442 [INFO] CmdLine:76 -  Complexity report (model)
2026-09-29 10:26:59,444 [INFO] CmdLine:76 -  ------ ---------- ------------------------- ------------------------- ------
2026-09-29 10:26:59,445 [INFO] CmdLine:76 -  m_id   name       c_macc                    c_rom                     c_id
2026-09-29 10:26:59,445 [INFO] CmdLine:76 -  ------ ---------- ------------------------- ------------------------- ------
2026-09-29 10:26:59,446 [INFO] CmdLine:76 -  1      weight_1   |                  5.0%   |                  5.1%   [0]
2026-09-29 10:26:59,453 [INFO] CmdLine:76 -  2      weight_2   |                  0.7%   |                  0.0%   [1]
2026-09-29 10:26:59,453 [INFO] CmdLine:76 -  3      affine_1   ||||||||||||||||  92.7%   ||||||||||||||||  94.2%   [2]
2026-09-29 10:26:59,455 [INFO] CmdLine:76 -  4      hidden_1   |                  0.7%   |                  0.0%   [3]
2026-09-29 10:26:59,458 [INFO] CmdLine:76 -  5      affine_2   |                  0.7%   |                  0.7%   [4]
2026-09-29 10:26:59,460 [INFO] CmdLine:76 -  6      action     |                  0.1%   |                  0.0%   [5]
2026-09-29 10:26:59,463 [INFO] CmdLine:76 -  ------ ---------- ------------------------- ------------------------- ------
2026-09-29 10:26:59,465 [INFO] CmdLine:76 -  macc=17,803 weights=70,148 act=1,024 ram_io=0
2026-09-29 10:26:59,467 [INFO] CmdLine:76 -                                                        
2026-09-29 10:26:59,468 [INFO] CmdLine:76 -  Requested memory size by section - "stm32f4" target
2026-09-29 10:26:59,469 [INFO] CmdLine:76 -  ------------------------------ ------- -------- ------- -------
2026-09-29 10:26:59,469 [INFO] CmdLine:76 -  module                            text   rodata    data     bss
2026-09-29 10:26:59,469 [INFO] CmdLine:76 -  ------------------------------ ------- -------- ------- -------
2026-09-29 10:26:59,470 [INFO] CmdLine:76 -  NetworkRuntime1010_CM4_GCC.a     6,576        0       0       0
2026-09-29 10:26:59,470 [INFO] CmdLine:76 -  network.o                          538       48   1,748     148
2026-09-29 10:26:59,470 [INFO] CmdLine:76 -  network_data.o                      48       16      88       0
2026-09-29 10:26:59,470 [INFO] CmdLine:76 -  lib (toolchain)*                   880        0      12       0
2026-09-29 10:26:59,471 [INFO] CmdLine:76 -  ------------------------------ ------- -------- ------- -------
2026-09-29 10:26:59,479 [INFO] CmdLine:76 -  RT total**                       8,042       64   1,848     148
2026-09-29 10:26:59,483 [INFO] CmdLine:76 -  ------------------------------ ------- -------- ------- -------
2026-09-29 10:26:59,484 [INFO] CmdLine:76 -  weights                              0   70,152       0       0
2026-09-29 10:26:59,486 [INFO] CmdLine:76 -  activations                          0        0       0   1,024
2026-09-29 10:26:59,486 [INFO] CmdLine:76 -  io                                   0        0       0       0
2026-09-29 10:26:59,486 [INFO] CmdLine:76 -  ------------------------------ ------- -------- ------- -------
2026-09-29 10:26:59,489 [INFO] CmdLine:76 -  TOTAL                            8,042   70,216   1,848   1,172
2026-09-29 10:26:59,490 [INFO] CmdLine:76 -  ------------------------------ ------- -------- ------- -------
2026-09-29 10:26:59,491 [INFO] CmdLine:76 -  *  toolchain objects (libm/libgcc*)
2026-09-29 10:26:59,491 [INFO] CmdLine:76 -  ** RT AI runtime objects (kernels+infrastructure)
2026-09-29 10:26:59,492 [INFO] CmdLine:76 -                                                        
2026-09-29 10:26:59,493 [INFO] CmdLine:76 -   Summary - "stm32f4" target
2026-09-29 10:26:59,495 [INFO] CmdLine:76 -   ---------------------------------------------------
2026-09-29 10:26:59,496 [INFO] CmdLine:76 -                FLASH (ro)      %*   RAM (rw)       %
2026-09-29 10:26:59,496 [INFO] CmdLine:76 -   ---------------------------------------------------
2026-09-29 10:26:59,496 [INFO] CmdLine:76 -   RT total          9,954   12.4%      1,996   66.1%
2026-09-29 10:26:59,497 [INFO] CmdLine:76 -   ---------------------------------------------------
2026-09-29 10:26:59,497 [INFO] CmdLine:76 -   TOTAL            80,106              3,020
2026-09-29 10:26:59,497 [INFO] CmdLine:76 -   ---------------------------------------------------
2026-09-29 10:26:59,498 [INFO] CmdLine:76 -   *  rt/total
2026-09-29 10:26:59,498 [INFO] CmdLine:76 -                                                        
2026-09-29 10:26:59,499 [INFO] CmdLine:76 - Creating txt report file /Users/salvo/.stm32cubemx/network_output/network_analyze_report.txt
2026-09-29 10:27:04,493 [INFO] CmdLine:76 - elapsed time (analyze): 26.526s
2026-09-29 10:27:04,934 [INFO] CmdLine:148 - stedgeai exit with status: 0
2026-09-29 10:27:04,958 [INFO] AIModelDetailledView:1184 - Model file:      pendolo_actor.onnx
2026-09-29 10:27:04,961 [INFO] AIModelDetailledView:1184 - Total Flash:     80102 B (78.22 KiB)
2026-09-29 10:27:04,962 [INFO] AIModelDetailledView:1184 -     Weights:     70148 B (68.50 KiB)
2026-09-29 10:27:04,962 [INFO] AIModelDetailledView:1184 -     Library:     9954 B (9.72 KiB)
2026-09-29 10:27:04,963 [INFO] AIModelDetailledView:1184 - Total Ram:       3032 B (2.96 KiB)
2026-09-29 10:27:04,963 [INFO] AIModelDetailledView:1184 -     Activations: 1036 B (1.01 KiB)
2026-09-29 10:27:04,969 [INFO] AIModelDetailledView:1184 -     Library:     1996 B (1.95 KiB)
2026-09-29 10:27:04,972 [INFO] AIModelDetailledView:1184 -     Input:       24 B (included in Activations)
2026-09-29 10:27:04,972 [INFO] AIModelDetailledView:1184 -     Output:      4 B (included in Activations)
2026-09-29 10:27:04,972 [INFO] AIModelDetailledView:1184 - Done
2026-09-29 10:27:04,973 [INFO] AIModelDetailledView:2715 - Analyze complete on AI model
2026-09-29 10:27:05,883 [INFO] AIModelDetailledView:2380 - Analysis status: done
2026-09-29 10:28:18,788 [INFO] AIModelDetailledView:2380 - Analysis status: -
2026-09-29 10:28:18,934 [INFO] AInterface:259 - ModelName:network; files:[/Users/salvo/Desktop/Prog Embedded/cart-inverted-pendulum/cart_pendolo_velocita_rl/export_stm32/pendolo_actor.onnx]; type:ONNX; compression:None
2026-09-29 10:28:18,960 [INFO] AInterface:526 - workspaceTempDir: /var/folders/jp/64g7ncr5711g4k4v1d874fcm0000gn/T/mxAI_workspace14853351292583414160409026031877656
2026-09-29 10:28:18,961 [INFO] AInterface:1176 - Setting Env: /Users/salvo/STM32Cube/Repository/Packs/STMicroelectronics/X-CUBE-AI/10.1.0/Utilities/macarm
2026-09-29 10:28:18,956 [ERROR] LogOutputStream:75 - [STDERR_REDIRECT] Exception in thread "AWT-EventQueue-0" java.lang.ClassCastException: class javax.swing.SwingUtilities$SharedOwnerFrame cannot be cast to class com.st.microxplorer.maingui.MainFrame (javax.swing.SwingUtilities$SharedOwnerFrame is in module java.desktop of loader 'bootstrap'; com.st.microxplorer.maingui.MainFrame is in unnamed module of loader org.eclipse.osgi.internal.loader.EquinoxClassLoader @3991fe6d)
2026-09-29 10:28:18,964 [ERROR] LogOutputStream:75 - [STDERR_REDIRECT] 	at com.st.microxplorer.plugins.ip.ai.model.AIAdvancedSettingsData.saveSettings(AIAdvancedSettingsData.java:655)
2026-09-29 10:28:18,965 [ERROR] LogOutputStream:75 - [STDERR_REDIRECT] 	at com.st.microxplorer.plugins.ip.ai.gui.AIAdvancedSettingsUI.okButtonActionPerformed(AIAdvancedSettingsUI.java:1888)
2026-09-29 10:28:18,965 [ERROR] LogOutputStream:75 - [STDERR_REDIRECT] 	at com.st.microxplorer.plugins.ip.ai.gui.AIAdvancedSettingsUI.access$3500(AIAdvancedSettingsUI.java:80)
2026-09-29 10:28:18,965 [ERROR] LogOutputStream:75 - [STDERR_REDIRECT] 	at com.st.microxplorer.plugins.ip.ai.gui.AIAdvancedSettingsUI$34.actionPerformed(AIAdvancedSettingsUI.java:1693)
2026-09-29 10:28:18,965 [ERROR] LogOutputStream:75 - [STDERR_REDIRECT] 	at java.desktop/javax.swing.AbstractButton.fireActionPerformed(AbstractButton.java:1972)
2026-09-29 10:28:18,965 [ERROR] LogOutputStream:75 - [STDERR_REDIRECT] 	at java.desktop/javax.swing.AbstractButton$Handler.actionPerformed(AbstractButton.java:2314)
2026-09-29 10:28:18,966 [ERROR] LogOutputStream:75 - [STDERR_REDIRECT] 	at java.desktop/javax.swing.DefaultButtonModel.fireActionPerformed(DefaultButtonModel.java:407)
2026-09-29 10:28:18,966 [ERROR] LogOutputStream:75 - [STDERR_REDIRECT] 	at java.desktop/javax.swing.DefaultButtonModel.setPressed(DefaultButtonModel.java:262)
2026-09-29 10:28:18,966 [ERROR] LogOutputStream:75 - [STDERR_REDIRECT] 	at java.desktop/javax.swing.plaf.basic.BasicButtonListener.mouseReleased(BasicButtonListener.java:279)
2026-09-29 10:28:18,966 [ERROR] LogOutputStream:75 - [STDERR_REDIRECT] 	at java.desktop/java.awt.Component.processMouseEvent(Component.java:6621)
2026-09-29 10:28:18,966 [ERROR] LogOutputStream:75 - [STDERR_REDIRECT] 	at java.desktop/javax.swing.JComponent.processMouseEvent(JComponent.java:3398)
2026-09-29 10:28:18,966 [INFO] STM32CubeIDEBuilder:265 - Looking for gnu-tools-for-stm32 tools/bin/arm-none-eabi-gcc in /Applications/STM32CubeIDE.app/Contents/MacOS
2026-09-29 10:28:18,966 [ERROR] LogOutputStream:75 - [STDERR_REDIRECT] 	at java.desktop/java.awt.Component.processEvent(Component.java:6386)
2026-09-29 10:28:18,967 [ERROR] LogOutputStream:75 - [STDERR_REDIRECT] 	at java.desktop/java.awt.Container.processEvent(Container.java:2266)
2026-09-29 10:28:18,967 [ERROR] LogOutputStream:75 - [STDERR_REDIRECT] 	at java.desktop/java.awt.Component.dispatchEventImpl(Component.java:4996)
2026-09-29 10:28:18,967 [ERROR] LogOutputStream:75 - [STDERR_REDIRECT] 	at java.desktop/java.awt.Container.dispatchEventImpl(Container.java:2324)
2026-09-29 10:28:18,967 [ERROR] LogOutputStream:75 - [STDERR_REDIRECT] 	at java.desktop/java.awt.Component.dispatchEvent(Component.java:4828)
2026-09-29 10:28:18,967 [ERROR] LogOutputStream:75 - [STDERR_REDIRECT] 	at java.desktop/java.awt.LightweightDispatcher.retargetMouseEvent(Container.java:4948)
2026-09-29 10:28:18,967 [ERROR] LogOutputStream:75 - [STDERR_REDIRECT] 	at java.desktop/java.awt.LightweightDispatcher.processMouseEvent(Container.java:4575)
2026-09-29 10:28:18,967 [ERROR] LogOutputStream:75 - [STDERR_REDIRECT] 	at java.desktop/java.awt.LightweightDispatcher.dispatchEvent(Container.java:4516)
2026-09-29 10:28:18,967 [ERROR] LogOutputStream:75 - [STDERR_REDIRECT] 	at java.desktop/java.awt.Container.dispatchEventImpl(Container.java:2310)
2026-09-29 10:28:18,968 [ERROR] LogOutputStream:75 - [STDERR_REDIRECT] 	at java.desktop/java.awt.Window.dispatchEventImpl(Window.java:2780)
2026-09-29 10:28:18,968 [ERROR] LogOutputStream:75 - [STDERR_REDIRECT] 	at java.desktop/java.awt.Component.dispatchEvent(Component.java:4828)
2026-09-29 10:28:18,968 [ERROR] LogOutputStream:75 - [STDERR_REDIRECT] 	at java.desktop/java.awt.EventQueue.dispatchEventImpl(EventQueue.java:775)
2026-09-29 10:28:18,968 [ERROR] LogOutputStream:75 - [STDERR_REDIRECT] 	at java.desktop/java.awt.EventQueue$4.run(EventQueue.java:720)
2026-09-29 10:28:18,969 [ERROR] LogOutputStream:75 - [STDERR_REDIRECT] 	at java.desktop/java.awt.EventQueue$4.run(EventQueue.java:714)
2026-09-29 10:28:18,969 [ERROR] LogOutputStream:75 - [STDERR_REDIRECT] 	at java.base/java.security.AccessController.doPrivileged(AccessController.java:400)
2026-09-29 10:28:18,969 [ERROR] LogOutputStream:75 - [STDERR_REDIRECT] 	at java.base/java.security.ProtectionDomain$JavaSecurityAccessImpl.doIntersectionPrivilege(ProtectionDomain.java:87)
2026-09-29 10:28:18,969 [ERROR] LogOutputStream:75 - [STDERR_REDIRECT] 	at java.base/java.security.ProtectionDomain$JavaSecurityAccessImpl.doIntersectionPrivilege(ProtectionDomain.java:98)
2026-09-29 10:28:18,969 [ERROR] LogOutputStream:75 - [STDERR_REDIRECT] 	at java.desktop/java.awt.EventQueue$5.run(EventQueue.java:747)
2026-09-29 10:28:18,969 [ERROR] LogOutputStream:75 - [STDERR_REDIRECT] 	at java.desktop/java.awt.EventQueue$5.run(EventQueue.java:745)
2026-09-29 10:28:18,969 [ERROR] LogOutputStream:75 - [STDERR_REDIRECT] 	at java.base/java.security.AccessController.doPrivileged(AccessController.java:400)
2026-09-29 10:28:18,970 [ERROR] LogOutputStream:75 - [STDERR_REDIRECT] 	at java.base/java.security.ProtectionDomain$JavaSecurityAccessImpl.doIntersectionPrivilege(ProtectionDomain.java:87)
2026-09-29 10:28:18,970 [ERROR] LogOutputStream:75 - [STDERR_REDIRECT] 	at java.desktop/java.awt.EventQueue.dispatchEvent(EventQueue.java:744)
2026-09-29 10:28:18,970 [ERROR] LogOutputStream:75 - [STDERR_REDIRECT] 	at java.desktop/java.awt.EventDispatchThread.pumpOneEventForFilters(EventDispatchThread.java:203)
2026-09-29 10:28:18,970 [ERROR] LogOutputStream:75 - [STDERR_REDIRECT] 	at java.desktop/java.awt.EventDispatchThread.pumpEventsForFilter(EventDispatchThread.java:124)
2026-09-29 10:28:18,970 [ERROR] LogOutputStream:75 - [STDERR_REDIRECT] 	at java.desktop/java.awt.EventDispatchThread.pumpEventsForFilter(EventDispatchThread.java:117)
2026-09-29 10:28:18,970 [ERROR] LogOutputStream:75 - [STDERR_REDIRECT] 	at java.desktop/java.awt.WaitDispatchSupport$2.run(WaitDispatchSupport.java:191)
2026-09-29 10:28:18,971 [INFO] STM32CubeIDEBuilder:294 - checking /Applications/STM32CubeIDE.app/Contents/Eclipse/plugins/com.st.stm32cube.ide.mcu.externaltools.gnu-tools-for-stm32.12.3.rel1.macos64_1.1.0.202410301201/tools/bin/arm-none-eabi-gcc
2026-09-29 10:28:18,971 [ERROR] LogOutputStream:75 - [STDERR_REDIRECT] 	at java.desktop/java.awt.WaitDispatchSupport$4.run(WaitDispatchSupport.java:236)
2026-09-29 10:28:18,971 [ERROR] LogOutputStream:75 - [STDERR_REDIRECT] 	at java.desktop/java.awt.WaitDispatchSupport$4.run(WaitDispatchSupport.java:234)
2026-09-29 10:28:18,971 [ERROR] LogOutputStream:75 - [STDERR_REDIRECT] 	at java.base/java.security.AccessController.doPrivileged(AccessController.java:319)
2026-09-29 10:28:18,971 [INFO] STM32CubeIDEBuilder:297 - ret=/Applications/STM32CubeIDE.app/Contents/Eclipse/plugins/com.st.stm32cube.ide.mcu.externaltools.gnu-tools-for-stm32.12.3.rel1.macos64_1.1.0.202410301201/tools/bin/arm-none-eabi-gcc
2026-09-29 10:28:18,971 [INFO] STM32CubeIDEBuilder:311 - returning /Applications/STM32CubeIDE.app/Contents/Eclipse/plugins/com.st.stm32cube.ide.mcu.externaltools.gnu-tools-for-stm32.12.3.rel1.macos64_1.1.0.202410301201/tools/bin/arm-none-eabi-gcc
2026-09-29 10:28:18,971 [ERROR] LogOutputStream:75 - [STDERR_REDIRECT] 	at java.desktop/java.awt.WaitDispatchSupport.enter(WaitDispatchSupport.java:234)
2026-09-29 10:28:18,971 [ERROR] LogOutputStream:75 - [STDERR_REDIRECT] 	at java.desktop/java.awt.Dialog.show(Dialog.java:1079)
2026-09-29 10:28:18,972 [ERROR] LogOutputStream:75 - [STDERR_REDIRECT] 	at java.desktop/java.awt.Component.show(Component.java:1728)
2026-09-29 10:28:18,972 [INFO] AInterface:1233 - Custom PATH variable: /Users/salvo/STM32Cube/Repository/Packs/STMicroelectronics/X-CUBE-AI/10.1.0/Utilities/macarm:/bin:/usr/bin:/usr/sbin:/sbin:/Users/salvo/STM32Cube/Repository/Packs/STMicroelectronics/X-CUBE-AI/10.1.0/Utilities/macarm/node/bin:/Applications/STM32CubeIDE.app/Contents/Eclipse/plugins/com.st.stm32cube.ide.mcu.externaltools.gnu-tools-for-stm32.12.3.rel1.macos64_1.1.0.202410301201/tools/bin
2026-09-29 10:28:18,972 [ERROR] LogOutputStream:75 - [STDERR_REDIRECT] 	at java.desktop/java.awt.Component.setVisible(Component.java:1675)
2026-09-29 10:28:18,972 [ERROR] LogOutputStream:75 - [STDERR_REDIRECT] 	at java.desktop/java.awt.Window.setVisible(Window.java:1036)
2026-09-29 10:28:18,972 [ERROR] LogOutputStream:75 - [STDERR_REDIRECT] 	at java.desktop/java.awt.Dialog.setVisible(Dialog.java:1015)
2026-09-29 10:28:18,972 [ERROR] LogOutputStream:75 - [STDERR_REDIRECT] 	at com.st.microxplorer.plugins.ip.ai.gui.AIModelDetailledView.showAdvancedSettingsWindow(AIModelDetailledView.java:2915)
2026-09-29 10:28:18,972 [ERROR] LogOutputStream:75 - [STDERR_REDIRECT] 	at com.st.microxplorer.plugins.ip.ai.gui.AIModelDetailledView.actionPerformed(AIModelDetailledView.java:1895)
2026-09-29 10:28:18,972 [ERROR] LogOutputStream:75 - [STDERR_REDIRECT] 	at java.desktop/javax.swing.AbstractButton.fireActionPerformed(AbstractButton.java:1972)
2026-09-29 10:28:18,973 [ERROR] LogOutputStream:75 - [STDERR_REDIRECT] 	at java.desktop/javax.swing.AbstractButton$Handler.actionPerformed(AbstractButton.java:2314)
2026-09-29 10:28:18,973 [ERROR] LogOutputStream:75 - [STDERR_REDIRECT] 	at java.desktop/javax.swing.DefaultButtonModel.fireActionPerformed(DefaultButtonModel.java:407)
2026-09-29 10:28:18,973 [ERROR] LogOutputStream:75 - [STDERR_REDIRECT] 	at java.desktop/javax.swing.DefaultButtonModel.setPressed(DefaultButtonModel.java:262)
2026-09-29 10:28:18,973 [ERROR] LogOutputStream:75 - [STDERR_REDIRECT] 	at java.desktop/javax.swing.plaf.basic.BasicButtonListener.mouseReleased(BasicButtonListener.java:279)
2026-09-29 10:28:18,973 [ERROR] LogOutputStream:75 - [STDERR_REDIRECT] 	at java.desktop/java.awt.Component.processMouseEvent(Component.java:6621)
2026-09-29 10:28:18,973 [ERROR] LogOutputStream:75 - [STDERR_REDIRECT] 	at java.desktop/javax.swing.JComponent.processMouseEvent(JComponent.java:3398)
2026-09-29 10:28:18,973 [ERROR] LogOutputStream:75 - [STDERR_REDIRECT] 	at java.desktop/java.awt.Component.processEvent(Component.java:6386)
2026-09-29 10:28:18,974 [ERROR] LogOutputStream:75 - [STDERR_REDIRECT] 	at java.desktop/java.awt.Container.processEvent(Container.java:2266)
2026-09-29 10:28:18,974 [ERROR] LogOutputStream:75 - [STDERR_REDIRECT] 	at java.desktop/java.awt.Component.dispatchEventImpl(Component.java:4996)
2026-09-29 10:28:18,974 [ERROR] LogOutputStream:75 - [STDERR_REDIRECT] 	at java.desktop/java.awt.Container.dispatchEventImpl(Container.java:2324)
2026-09-29 10:28:18,974 [ERROR] LogOutputStream:75 - [STDERR_REDIRECT] 	at java.desktop/java.awt.Component.dispatchEvent(Component.java:4828)
2026-09-29 10:28:18,974 [ERROR] LogOutputStream:75 - [STDERR_REDIRECT] 	at java.desktop/java.awt.LightweightDispatcher.retargetMouseEvent(Container.java:4948)
2026-09-29 10:28:18,974 [ERROR] LogOutputStream:75 - [STDERR_REDIRECT] 	at java.desktop/java.awt.LightweightDispatcher.processMouseEvent(Container.java:4575)
2026-09-29 10:28:18,974 [ERROR] LogOutputStream:75 - [STDERR_REDIRECT] 	at java.desktop/java.awt.LightweightDispatcher.dispatchEvent(Container.java:4516)
2026-09-29 10:28:18,974 [ERROR] LogOutputStream:75 - [STDERR_REDIRECT] 	at java.desktop/java.awt.Container.dispatchEventImpl(Container.java:2310)
2026-09-29 10:28:18,974 [ERROR] LogOutputStream:75 - [STDERR_REDIRECT] 	at java.desktop/java.awt.Component.dispatchEvent(Component.java:4828)
2026-09-29 10:28:18,974 [ERROR] LogOutputStream:75 - [STDERR_REDIRECT] 	at java.desktop/java.awt.EventQueue.dispatchEventImpl(EventQueue.java:775)
2026-09-29 10:28:18,974 [ERROR] LogOutputStream:75 - [STDERR_REDIRECT] 	at java.desktop/java.awt.EventQueue$4.run(EventQueue.java:720)
2026-09-29 10:28:18,974 [ERROR] LogOutputStream:75 - [STDERR_REDIRECT] 	at java.desktop/java.awt.EventQueue$4.run(EventQueue.java:714)
2026-09-29 10:28:18,974 [ERROR] LogOutputStream:75 - [STDERR_REDIRECT] 	at java.base/java.security.AccessController.doPrivileged(AccessController.java:400)
2026-09-29 10:28:18,975 [ERROR] LogOutputStream:75 - [STDERR_REDIRECT] 	at java.base/java.security.ProtectionDomain$JavaSecurityAccessImpl.doIntersectionPrivilege(ProtectionDomain.java:87)
2026-09-29 10:28:18,975 [ERROR] LogOutputStream:75 - [STDERR_REDIRECT] 	at java.base/java.security.ProtectionDomain$JavaSecurityAccessImpl.doIntersectionPrivilege(ProtectionDomain.java:98)
2026-09-29 10:28:18,975 [ERROR] LogOutputStream:75 - [STDERR_REDIRECT] 	at java.desktop/java.awt.EventQueue$5.run(EventQueue.java:747)
2026-09-29 10:28:18,975 [ERROR] LogOutputStream:75 - [STDERR_REDIRECT] 	at java.desktop/java.awt.EventQueue$5.run(EventQueue.java:745)
2026-09-29 10:28:18,975 [ERROR] LogOutputStream:75 - [STDERR_REDIRECT] 	at java.base/java.security.AccessController.doPrivileged(AccessController.java:400)
2026-09-29 10:28:18,975 [ERROR] LogOutputStream:75 - [STDERR_REDIRECT] 	at java.base/java.security.ProtectionDomain$JavaSecurityAccessImpl.doIntersectionPrivilege(ProtectionDomain.java:87)
2026-09-29 10:28:18,975 [ERROR] LogOutputStream:75 - [STDERR_REDIRECT] 	at java.desktop/java.awt.EventQueue.dispatchEvent(EventQueue.java:744)
2026-09-29 10:28:18,975 [ERROR] LogOutputStream:75 - [STDERR_REDIRECT] 	at java.desktop/java.awt.EventDispatchThread.pumpOneEventForFilters(EventDispatchThread.java:203)
2026-09-29 10:28:18,975 [ERROR] LogOutputStream:75 - [STDERR_REDIRECT] 	at java.desktop/java.awt.EventDispatchThread.pumpEventsForFilter(EventDispatchThread.java:124)
2026-09-29 10:28:18,975 [ERROR] LogOutputStream:75 - [STDERR_REDIRECT] 	at java.desktop/java.awt.EventDispatchThread.pumpEventsForHierarchy(EventDispatchThread.java:113)
2026-09-29 10:28:18,975 [ERROR] LogOutputStream:75 - [STDERR_REDIRECT] 	at java.desktop/java.awt.EventDispatchThread.pumpEvents(EventDispatchThread.java:109)
2026-09-29 10:28:18,975 [ERROR] LogOutputStream:75 - [STDERR_REDIRECT] 	at java.desktop/java.awt.EventDispatchThread.pumpEvents(EventDispatchThread.java:101)
2026-09-29 10:28:18,976 [ERROR] LogOutputStream:75 - [STDERR_REDIRECT] 	at java.desktop/java.awt.EventDispatchThread.run(EventDispatchThread.java:90)
2026-09-29 10:28:19,205 [INFO] CmdLine:115 - Command: arch -arm64 /Users/salvo/STM32Cube/Repository/Packs/STMicroelectronics/X-CUBE-AI/10.1.0/Utilities/macarm/stedgeai analyze --target stm32f4 --name network -m /Users/salvo/Desktop/Prog Embedded/cart-inverted-pendulum/cart_pendolo_velocita_rl/export_stm32/pendolo_actor.onnx --compression none --verbosity 1 --workspace /var/folders/jp/64g7ncr5711g4k4v1d874fcm0000gn/T/mxAI_workspace14853351292583414160409026031877656 --output /Users/salvo/.stm32cubemx/network_output
2026-09-29 10:28:19,209 [INFO] AIModelDetailledView:2380 - Analysis status: pending
2026-09-29 10:28:19,913 [INFO] CmdLine:76 - ST Edge AI Core v2.1.0-20194 329b0e98d
2026-09-29 10:28:30,499 [INFO] CmdLine:76 -                                                        
2026-09-29 10:28:30,500 [INFO] AInterface:738 - Canceling stedgeai execution
2026-09-29 10:28:30,510 [INFO] CmdLine:76 - Creating c (debug) info json file /Users/salvo/.stm32cubemx/network_output/network_c_info.json
2026-09-29 10:28:30,526 [INFO] CmdLine:148 - stedgeai exit with status: 137
2026-09-29 10:28:30,527 [ERROR] CmdLine:151 - stedgeai return with an error
2026-09-29 10:28:30,844 [ERROR] AIModelDetailledView:2761 - Analyze fail on the AI model
2026-09-29 10:28:30,870 [INFO] AIModelDetailledView:2380 - Analysis status: error
2026-09-29 10:28:36,595 [INFO] AIModelDetailledView:2380 - Analysis status: -
2026-09-29 10:28:36,671 [INFO] AInterface:259 - ModelName:network; files:[/Users/salvo/Desktop/Prog Embedded/cart-inverted-pendulum/cart_pendolo_velocita_rl/export_stm32/pendolo_actor.onnx]; type:ONNX; compression:None
2026-09-29 10:28:36,676 [INFO] AInterface:526 - workspaceTempDir: /var/folders/jp/64g7ncr5711g4k4v1d874fcm0000gn/T/mxAI_workspace14855123362770916339988080098626305
2026-09-29 10:28:36,677 [INFO] AInterface:1176 - Setting Env: /Users/salvo/STM32Cube/Repository/Packs/STMicroelectronics/X-CUBE-AI/10.1.0/Utilities/macarm
2026-09-29 10:28:36,678 [INFO] STM32CubeIDEBuilder:265 - Looking for gnu-tools-for-stm32 tools/bin/arm-none-eabi-gcc in /Applications/STM32CubeIDE.app/Contents/MacOS
2026-09-29 10:28:36,680 [INFO] STM32CubeIDEBuilder:294 - checking /Applications/STM32CubeIDE.app/Contents/Eclipse/plugins/com.st.stm32cube.ide.mcu.externaltools.gnu-tools-for-stm32.12.3.rel1.macos64_1.1.0.202410301201/tools/bin/arm-none-eabi-gcc
2026-09-29 10:28:36,680 [INFO] STM32CubeIDEBuilder:297 - ret=/Applications/STM32CubeIDE.app/Contents/Eclipse/plugins/com.st.stm32cube.ide.mcu.externaltools.gnu-tools-for-stm32.12.3.rel1.macos64_1.1.0.202410301201/tools/bin/arm-none-eabi-gcc
2026-09-29 10:28:36,680 [INFO] STM32CubeIDEBuilder:311 - returning /Applications/STM32CubeIDE.app/Contents/Eclipse/plugins/com.st.stm32cube.ide.mcu.externaltools.gnu-tools-for-stm32.12.3.rel1.macos64_1.1.0.202410301201/tools/bin/arm-none-eabi-gcc
2026-09-29 10:28:36,680 [INFO] AInterface:1233 - Custom PATH variable: /Users/salvo/STM32Cube/Repository/Packs/STMicroelectronics/X-CUBE-AI/10.1.0/Utilities/macarm:/bin:/usr/bin:/usr/sbin:/sbin:/Users/salvo/STM32Cube/Repository/Packs/STMicroelectronics/X-CUBE-AI/10.1.0/Utilities/macarm/node/bin:/Applications/STM32CubeIDE.app/Contents/Eclipse/plugins/com.st.stm32cube.ide.mcu.externaltools.gnu-tools-for-stm32.12.3.rel1.macos64_1.1.0.202410301201/tools/bin
2026-09-29 10:28:36,915 [INFO] CmdLine:115 - Command: arch -arm64 /Users/salvo/STM32Cube/Repository/Packs/STMicroelectronics/X-CUBE-AI/10.1.0/Utilities/macarm/stedgeai analyze --target stm32f4 --name network -m /Users/salvo/Desktop/Prog Embedded/cart-inverted-pendulum/cart_pendolo_velocita_rl/export_stm32/pendolo_actor.onnx --compression none --verbosity 1 --workspace /var/folders/jp/64g7ncr5711g4k4v1d874fcm0000gn/T/mxAI_workspace14855123362770916339988080098626305 --output /Users/salvo/.stm32cubemx/network_output
2026-09-29 10:28:36,917 [INFO] AIModelDetailledView:2380 - Analysis status: pending
2026-09-29 10:28:37,605 [INFO] CmdLine:76 - ST Edge AI Core v2.1.0-20194 329b0e98d
2026-09-29 10:28:47,175 [INFO] CmdLine:76 -                                                        
2026-09-29 10:28:47,176 [INFO] CmdLine:76 - Creating c (debug) info json file /Users/salvo/.stm32cubemx/network_output/network_c_info.json
2026-09-29 10:28:47,188 [INFO] CmdLine:76 -  
2026-09-29 10:28:47,189 [INFO] CmdLine:76 -  Exec/report summary (analyze)
2026-09-29 10:28:47,189 [INFO] CmdLine:76 -  --------------------------------------------------------------------------------------------------------------------------------------------
2026-09-29 10:28:47,189 [INFO] CmdLine:76 -  model file         :   /Users/salvo/Desktop/Prog Embedded/cart-inverted-pendulum/cart_pendolo_velocita_rl/export_stm32/pendolo_actor.onnx   
2026-09-29 10:28:47,190 [INFO] CmdLine:76 -  type               :   onnx                                                                                                                 
2026-09-29 10:28:47,190 [INFO] CmdLine:76 -  c_name             :   network                                                                                                              
2026-09-29 10:28:47,190 [INFO] CmdLine:76 -  compression        :   none                                                                                                                 
2026-09-29 10:28:47,190 [INFO] CmdLine:76 -  options            :   allocate-inputs, allocate-outputs                                                                                    
2026-09-29 10:28:47,190 [INFO] CmdLine:76 -  optimization       :   balanced                                                                                                             
2026-09-29 10:28:47,193 [INFO] CmdLine:76 -  target/series      :   stm32f4                                                                                                              
2026-09-29 10:28:47,194 [INFO] CmdLine:76 -  workspace dir      :   /var/folders/jp/64g7ncr5711g4k4v1d874fcm0000gn/T/mxAI_workspace14855123362770916339988080098626305                   
2026-09-29 10:28:47,194 [INFO] CmdLine:76 -  output dir         :   /Users/salvo/.stm32cubemx/network_output                                                                             
2026-09-29 10:28:47,194 [INFO] CmdLine:76 -  model_fmt          :   float                                                                                                                
2026-09-29 10:28:47,194 [INFO] CmdLine:76 -  model_name         :   pendolo_actor                                                                                                        
2026-09-29 10:28:47,194 [INFO] CmdLine:76 -  model_hash         :   0x15106c1020f0dc6b070d6d5f2e391740                                                                                   
2026-09-29 10:28:47,195 [INFO] CmdLine:76 -  params #           :   17,537 items (68.50 KiB)                                                                                             
2026-09-29 10:28:47,195 [INFO] CmdLine:76 -  --------------------------------------------------------------------------------------------------------------------------------------------
2026-09-29 10:28:47,195 [INFO] CmdLine:76 -  input 1/1          :   'observation', f32(1x6), 24 Bytes, activations                                                                       
2026-09-29 10:28:47,195 [INFO] CmdLine:76 -  output 1/1         :   'action', f32(1x1), 4 Bytes, activations                                                                             
2026-09-29 10:28:47,199 [INFO] CmdLine:76 -  macc               :   17,803                                                                                                               
2026-09-29 10:28:47,199 [INFO] CmdLine:76 -  weights (ro)       :   70,148 B (68.50 KiB) (1 segment)                                                                                     
2026-09-29 10:28:47,199 [INFO] CmdLine:76 -  activations (rw)   :   1,024 B (1024 B) (1 segment) *                                                                                       
2026-09-29 10:28:47,200 [INFO] CmdLine:76 -  ram (total)        :   1,024 B (1024 B) = 1,024 + 0 + 0                                                                                     
2026-09-29 10:28:47,200 [INFO] CmdLine:76 -  --------------------------------------------------------------------------------------------------------------------------------------------
2026-09-29 10:28:47,200 [INFO] CmdLine:76 -  (*) 'input'/'output' buffers can be used from the activations buffer
2026-09-29 10:28:47,200 [INFO] CmdLine:76 -                                                        
2026-09-29 10:28:47,201 [INFO] CmdLine:76 - Computing AI RT data/code size (target=stm32f4)..
2026-09-29 10:28:48,266 [INFO] CmdLine:76 -                                                        
2026-09-29 10:28:48,267 [INFO] CmdLine:76 -  Model name - pendolo_actor
2026-09-29 10:28:48,268 [INFO] CmdLine:76 -  ------ ------------------ --------------- --------------- -------- --------------
2026-09-29 10:28:48,268 [INFO] CmdLine:76 -  m_id   layer (original)   oshape          param/size          macc   connected to
2026-09-29 10:28:48,268 [INFO] CmdLine:76 -  ------ ------------------ --------------- --------------- -------- --------------
2026-09-29 10:28:48,269 [INFO] CmdLine:76 -  0      weight_0 (Gemm)    [b:128,c:6]     768/3,072
2026-09-29 10:28:48,271 [INFO] CmdLine:76 -         bias_0 (Gemm)      [b:128]         128/512
2026-09-29 10:28:48,271 [INFO] CmdLine:76 -  ------ ------------------ --------------- --------------- -------- --------------
2026-09-29 10:28:48,272 [INFO] CmdLine:76 -  1      weight_1 (Gemm)    [b:128,c:128]   16,384/65,536
2026-09-29 10:28:48,272 [INFO] CmdLine:76 -         bias_1 (Gemm)      [b:128]         128/512
2026-09-29 10:28:48,272 [INFO] CmdLine:76 -  ------ ------------------ --------------- --------------- -------- --------------
2026-09-29 10:28:48,273 [INFO] CmdLine:76 -  2      weight_2 (Gemm)    [b:1,c:128]     128/512
2026-09-29 10:28:48,273 [INFO] CmdLine:76 -         bias_2 (Gemm)      [b:1]           1/4
2026-09-29 10:28:48,274 [INFO] CmdLine:76 -  ------ ------------------ --------------- --------------- -------- --------------
2026-09-29 10:28:48,274 [INFO] CmdLine:76 -  0      observation ()     [b:1,c:6]
2026-09-29 10:28:48,274 [INFO] CmdLine:76 -  ------ ------------------ --------------- --------------- -------- --------------
2026-09-29 10:28:48,274 [INFO] CmdLine:76 -  1      affine_0 (Gemm)    [b:1,c:128]                          896    observation
2026-09-29 10:28:48,275 [INFO] CmdLine:76 -                                                                           weight_0
2026-09-29 10:28:48,276 [INFO] CmdLine:76 -                                                                             bias_0
2026-09-29 10:28:48,279 [INFO] CmdLine:76 -  ------ ------------------ --------------- --------------- -------- --------------
2026-09-29 10:28:48,284 [INFO] CmdLine:76 -  2      hidden_0 (Relu)    [b:1,c:128]                          128       affine_0
2026-09-29 10:28:48,286 [INFO] CmdLine:76 -  ------ ------------------ --------------- --------------- -------- --------------
2026-09-29 10:28:48,286 [INFO] CmdLine:76 -  3      affine_1 (Gemm)    [b:1,c:128]                       16,512       hidden_0
2026-09-29 10:28:48,286 [INFO] CmdLine:76 -                                                                           weight_1
2026-09-29 10:28:48,287 [INFO] CmdLine:76 -                                                                             bias_1
2026-09-29 10:28:48,287 [INFO] CmdLine:76 -  ------ ------------------ --------------- --------------- -------- --------------
2026-09-29 10:28:48,287 [INFO] CmdLine:76 -  4      hidden_1 (Relu)    [b:1,c:128]                          128       affine_1
2026-09-29 10:28:48,287 [INFO] CmdLine:76 -  ------ ------------------ --------------- --------------- -------- --------------
2026-09-29 10:28:48,288 [INFO] CmdLine:76 -  5      affine_2 (Gemm)    [b:1,c:1]                            129       hidden_1
2026-09-29 10:28:48,288 [INFO] CmdLine:76 -                                                                           weight_2
2026-09-29 10:28:48,288 [INFO] CmdLine:76 -                                                                             bias_2
2026-09-29 10:28:48,288 [INFO] CmdLine:76 -  ------ ------------------ --------------- --------------- -------- --------------
2026-09-29 10:28:48,288 [INFO] CmdLine:76 -  6      action (Tanh)      [b:1,c:1]                             10       affine_2
2026-09-29 10:28:48,291 [INFO] CmdLine:76 -  ------ ------------------ --------------- --------------- -------- --------------
2026-09-29 10:28:48,294 [INFO] CmdLine:76 -  model: macc=17,803 weights=70,148 activations=-- io=--
2026-09-29 10:28:48,295 [INFO] CmdLine:76 -                                                        
2026-09-29 10:28:48,295 [INFO] CmdLine:76 -  Number of operations per c-layer
2026-09-29 10:28:48,295 [INFO] CmdLine:76 -  ------- ------ ------------------------- -------- --------------
2026-09-29 10:28:48,295 [INFO] CmdLine:76 -  c_id    m_id   name (type)                    #op           type
2026-09-29 10:28:48,296 [INFO] CmdLine:76 -  ------- ------ ------------------------- -------- --------------
2026-09-29 10:28:48,296 [INFO] CmdLine:76 -  0       1      affine_0 (Dense)               896   smul_f32_f32
2026-09-29 10:28:48,296 [INFO] CmdLine:76 -  1       2      hidden_0 (Nonlinearity)        128     op_f32_f32
2026-09-29 10:28:48,296 [INFO] CmdLine:76 -  2       3      affine_1 (Dense)            16,512   smul_f32_f32
2026-09-29 10:28:48,297 [INFO] CmdLine:76 -  3       4      hidden_1 (Nonlinearity)        128     op_f32_f32
2026-09-29 10:28:48,297 [INFO] CmdLine:76 -  4       5      affine_2 (Dense)               129   smul_f32_f32
2026-09-29 10:28:48,297 [INFO] CmdLine:76 -  5       6      action (Nonlinearity)           10     op_f32_f32
2026-09-29 10:28:48,297 [INFO] CmdLine:76 -  ------- ------ ------------------------- -------- --------------
2026-09-29 10:28:48,298 [INFO] CmdLine:76 -  total                                      17,803
2026-09-29 10:28:48,298 [INFO] CmdLine:76 -                                                        
2026-09-29 10:28:48,300 [INFO] CmdLine:76 -  Number of operation types
2026-09-29 10:28:48,300 [INFO] CmdLine:76 -  ---------------- -------- -----------
2026-09-29 10:28:48,301 [INFO] CmdLine:76 -  operation type          #           %
2026-09-29 10:28:48,301 [INFO] CmdLine:76 -  ---------------- -------- -----------
2026-09-29 10:28:48,301 [INFO] CmdLine:76 -  smul_f32_f32       17,537       98.5%
2026-09-29 10:28:48,302 [INFO] CmdLine:76 -  op_f32_f32            266        1.5%
2026-09-29 10:28:48,304 [INFO] CmdLine:76 -                                                        
2026-09-29 10:28:48,305 [INFO] CmdLine:76 -  Complexity report (model)
2026-09-29 10:28:48,306 [INFO] CmdLine:76 -  ------ ---------- ------------------------- ------------------------- ------
2026-09-29 10:28:48,306 [INFO] CmdLine:76 -  m_id   name       c_macc                    c_rom                     c_id
2026-09-29 10:28:48,306 [INFO] CmdLine:76 -  ------ ---------- ------------------------- ------------------------- ------
2026-09-29 10:28:48,307 [INFO] CmdLine:76 -  1      weight_1   |                  5.0%   |                  5.1%   [0]
2026-09-29 10:28:48,307 [INFO] CmdLine:76 -  2      weight_2   |                  0.7%   |                  0.0%   [1]
2026-09-29 10:28:48,307 [INFO] CmdLine:76 -  3      affine_1   ||||||||||||||||  92.7%   ||||||||||||||||  94.2%   [2]
2026-09-29 10:28:48,307 [INFO] CmdLine:76 -  4      hidden_1   |                  0.7%   |                  0.0%   [3]
2026-09-29 10:28:48,308 [INFO] CmdLine:76 -  5      affine_2   |                  0.7%   |                  0.7%   [4]
2026-09-29 10:28:48,309 [INFO] CmdLine:76 -  6      action     |                  0.1%   |                  0.0%   [5]
2026-09-29 10:28:48,310 [INFO] CmdLine:76 -  ------ ---------- ------------------------- ------------------------- ------
2026-09-29 10:28:48,311 [INFO] CmdLine:76 -  macc=17,803 weights=70,148 act=1,024 ram_io=0
2026-09-29 10:28:48,311 [INFO] CmdLine:76 -                                                        
2026-09-29 10:28:48,311 [INFO] CmdLine:76 -  Requested memory size by section - "stm32f4" target
2026-09-29 10:28:48,312 [INFO] CmdLine:76 -  ------------------------------ ------- -------- ------- -------
2026-09-29 10:28:48,312 [INFO] CmdLine:76 -  module                            text   rodata    data     bss
2026-09-29 10:28:48,312 [INFO] CmdLine:76 -  ------------------------------ ------- -------- ------- -------
2026-09-29 10:28:48,312 [INFO] CmdLine:76 -  NetworkRuntime1010_CM4_GCC.a     6,576        0       0       0
2026-09-29 10:28:48,313 [INFO] CmdLine:76 -  network.o                          538       48   1,748     148
2026-09-29 10:28:48,313 [INFO] CmdLine:76 -  network_data.o                      48       16      88       0
2026-09-29 10:28:48,313 [INFO] CmdLine:76 -  lib (toolchain)*                   880        0      12       0
2026-09-29 10:28:48,317 [INFO] CmdLine:76 -  ------------------------------ ------- -------- ------- -------
2026-09-29 10:28:48,321 [INFO] CmdLine:76 -  RT total**                       8,042       64   1,848     148
2026-09-29 10:28:48,323 [INFO] CmdLine:76 -  ------------------------------ ------- -------- ------- -------
2026-09-29 10:28:48,323 [INFO] CmdLine:76 -  weights                              0   70,152       0       0
2026-09-29 10:28:48,324 [INFO] CmdLine:76 -  activations                          0        0       0   1,024
2026-09-29 10:28:48,324 [INFO] CmdLine:76 -  io                                   0        0       0       0
2026-09-29 10:28:48,324 [INFO] CmdLine:76 -  ------------------------------ ------- -------- ------- -------
2026-09-29 10:28:48,324 [INFO] CmdLine:76 -  TOTAL                            8,042   70,216   1,848   1,172
2026-09-29 10:28:48,324 [INFO] CmdLine:76 -  ------------------------------ ------- -------- ------- -------
2026-09-29 10:28:48,325 [INFO] CmdLine:76 -  *  toolchain objects (libm/libgcc*)
2026-09-29 10:28:48,325 [INFO] CmdLine:76 -  ** RT AI runtime objects (kernels+infrastructure)
2026-09-29 10:28:48,325 [INFO] CmdLine:76 -                                                        
2026-09-29 10:28:48,326 [INFO] CmdLine:76 -   Summary - "stm32f4" target
2026-09-29 10:28:48,327 [INFO] CmdLine:76 -   ---------------------------------------------------
2026-09-29 10:28:48,327 [INFO] CmdLine:76 -                FLASH (ro)      %*   RAM (rw)       %
2026-09-29 10:28:48,328 [INFO] CmdLine:76 -   ---------------------------------------------------
2026-09-29 10:28:48,329 [INFO] CmdLine:76 -   RT total          9,954   12.4%      1,996   66.1%
2026-09-29 10:28:48,330 [INFO] CmdLine:76 -   ---------------------------------------------------
2026-09-29 10:28:48,330 [INFO] CmdLine:76 -   TOTAL            80,106              3,020
2026-09-29 10:28:48,331 [INFO] CmdLine:76 -   ---------------------------------------------------
2026-09-29 10:28:48,331 [INFO] CmdLine:76 -   *  rt/total
2026-09-29 10:28:48,331 [INFO] CmdLine:76 -                                                        
2026-09-29 10:28:48,331 [INFO] CmdLine:76 - Creating txt report file /Users/salvo/.stm32cubemx/network_output/network_analyze_report.txt
2026-09-29 10:28:52,224 [INFO] CmdLine:76 - elapsed time (analyze): 14.618s
2026-09-29 10:28:52,674 [INFO] CmdLine:148 - stedgeai exit with status: 0
2026-09-29 10:28:52,690 [INFO] AIModelDetailledView:1184 - Model file:      pendolo_actor.onnx
2026-09-29 10:28:52,691 [INFO] AIModelDetailledView:1184 - Total Flash:     80102 B (78.22 KiB)
2026-09-29 10:28:52,691 [INFO] AIModelDetailledView:1184 -     Weights:     70148 B (68.50 KiB)
2026-09-29 10:28:52,692 [INFO] AIModelDetailledView:1184 -     Library:     9954 B (9.72 KiB)
2026-09-29 10:28:52,692 [INFO] AIModelDetailledView:1184 - Total Ram:       3032 B (2.96 KiB)
2026-09-29 10:28:52,692 [INFO] AIModelDetailledView:1184 -     Activations: 1036 B (1.01 KiB)
2026-09-29 10:28:52,693 [INFO] AIModelDetailledView:1184 -     Library:     1996 B (1.95 KiB)
2026-09-29 10:28:52,693 [INFO] AIModelDetailledView:1184 -     Input:       24 B (included in Activations)
2026-09-29 10:28:52,693 [INFO] AIModelDetailledView:1184 -     Output:      4 B (included in Activations)
2026-09-29 10:28:52,694 [INFO] AIModelDetailledView:1184 - Done
2026-09-29 10:28:52,695 [INFO] AIModelDetailledView:2715 - Analyze complete on AI model
2026-09-29 10:28:52,712 [INFO] AIModelDetailledView:2380 - Analysis status: done
2026-09-29 10:29:17,581 [INFO] UtilMem:75 - End SaveConfig() Used Memory: 981355728 Bytes (1073741824)
2026-09-29 10:29:19,913 [INFO] UtilMem:75 - End SaveConfig() Used Memory: 906732872 Bytes (1073741824)
2026-09-29 10:29:22,447 [INFO] UtilMem:75 - End SaveConfig() Used Memory: 998246400 Bytes (1073741824)
2026-09-29 10:29:25,118 [INFO] BlockDiagram:2766 - set Specific Code input for plugin: TIM1_8
2026-09-29 10:29:25,129 [INFO] BlockDiagram:2766 - set Specific Code input for plugin: TIM1_8
2026-09-29 10:29:25,132 [INFO] BlockDiagram:2766 - set Specific Code input for plugin: STMicroelectronics.X-CUBE-AI.10.1.0
2026-09-29 10:29:25,132 [INFO] BlockDiagram:2766 - set Specific Code input for plugin: SYS
2026-09-29 10:29:25,132 [INFO] BlockDiagram:2766 - set Specific Code input for plugin: RCC
2026-09-29 10:29:25,132 [INFO] BlockDiagram:2766 - set Specific Code input for plugin: NVIC
2026-09-29 10:29:25,132 [INFO] BlockDiagram:2766 - set Specific Code input for plugin: USART
2026-09-29 10:29:25,133 [INFO] BlockDiagram:2766 - set Specific Code input for plugin: GPIO
2026-09-29 10:29:25,167 [INFO] CodeGenerator:896 - code generatio: config db path: /Applications/STM32CubeIDE.app/Contents/Eclipse/plugins/com.st.stm32cube.common.mx_6.13.0.202411220809//db/
2026-09-29 10:29:25,404 [INFO] IP:3348 - RTE Config file name : RTE_Component
2026-09-29 10:29:25,404 [INFO] IP:3366 - RTE template : RTE_Components.ftl
2026-09-29 10:29:25,483 [INFO] CodeEngine:255 - oldGeneratedFile, /Users/salvo/Desktop/Prog Embedded/cart-inverted-pendulum/Prova_controllo/MXTmpFiles/license.tmp_save
2026-09-29 10:29:26,131 [INFO] CodeEngine:279 - Generated code: /Users/salvo/Desktop/Prog Embedded/cart-inverted-pendulum/Prova_controllo/MXTmpFiles/license.tmp
2026-09-29 10:29:26,314 [INFO] CodeEngine:255 - oldGeneratedFile, /Users/salvo/Desktop/Prog Embedded/cart-inverted-pendulum/Prova_controllo/MXTmpFiles/gpio.tmp_save
2026-09-29 10:29:26,598 [INFO] CodeEngine:279 - Generated code: /Users/salvo/Desktop/Prog Embedded/cart-inverted-pendulum/Prova_controllo/MXTmpFiles/gpio.tmp
2026-09-29 10:29:27,131 [INFO] Middleware:1450 - No code input for Bsp Dependency
2026-09-29 10:29:27,131 [INFO] Middleware:1450 - No code input for Bsp Dependency
2026-09-29 10:29:27,141 [INFO] CodeEngine:255 - oldGeneratedFile, /Users/salvo/Desktop/Prog Embedded/cart-inverted-pendulum/Prova_controllo/Core/Src/stm32f4xx_it.c_save
2026-09-29 10:29:27,364 [INFO] CodeEngine:279 - Generated code: /Users/salvo/Desktop/Prog Embedded/cart-inverted-pendulum/Prova_controllo/Core/Src/stm32f4xx_it.c
2026-09-29 10:29:27,368 [INFO] CodeEngine:255 - oldGeneratedFile, /Users/salvo/Desktop/Prog Embedded/cart-inverted-pendulum/Prova_controllo/Core/Inc/stm32f4xx_it.h_save
2026-09-29 10:29:27,481 [INFO] CodeEngine:279 - Generated code: /Users/salvo/Desktop/Prog Embedded/cart-inverted-pendulum/Prova_controllo/Core/Inc/stm32f4xx_it.h
2026-09-29 10:29:27,506 [INFO] CodeEngine:255 - oldGeneratedFile, /Users/salvo/Desktop/Prog Embedded/cart-inverted-pendulum/Prova_controllo/Core/Src/stm32f4xx_hal_msp.c_save
2026-09-29 10:29:27,699 [INFO] CodeEngine:279 - Generated code: /Users/salvo/Desktop/Prog Embedded/cart-inverted-pendulum/Prova_controllo/Core/Src/stm32f4xx_hal_msp.c
2026-09-29 10:29:27,701 [INFO] CodeEngine:255 - oldGeneratedFile, /Users/salvo/Desktop/Prog Embedded/cart-inverted-pendulum/Prova_controllo/MXTmpFiles/system.tmp_save
2026-09-29 10:29:27,790 [INFO] CodeEngine:279 - Generated code: /Users/salvo/Desktop/Prog Embedded/cart-inverted-pendulum/Prova_controllo/MXTmpFiles/system.tmp
2026-09-29 10:29:27,796 [INFO] CodeEngine:311 - oldGeneratedFile, /Users/salvo/Desktop/Prog Embedded/cart-inverted-pendulum/Prova_controllo/Core/Inc/stm32f4xx_hal_conf.h_save
2026-09-29 10:29:27,892 [INFO] CodeEngine:335 - Generated code: /Users/salvo/Desktop/Prog Embedded/cart-inverted-pendulum/Prova_controllo/Core/Inc/stm32f4xx_hal_conf.h
2026-09-29 10:29:27,978 [WARN] IPConfigManager:3034 - Warning: the RefConfig PLL2P_FOR_MCO is not available in your config.xml file
2026-09-29 10:29:28,189 [INFO] ApiDbMcu:508 - Load IP Config File for TIM2
2026-09-29 10:29:28,385 [INFO] ApiDbMcu:508 - Load IP Config File for TIM3
2026-09-29 10:29:28,408 [INFO] ApiDbMcu:508 - Load IP Config File for USART2
2026-09-29 10:29:28,428 [INFO] ApiDbMcu:508 - Load IP Config File for RCC
2026-09-29 10:29:28,439 [WARN] IPConfigManager:3618 - IP not found : TIM
2026-09-29 10:29:28,440 [WARN] CodeGenerator:4152 - IP not found : null
2026-09-29 10:29:28,445 [INFO] CodeEngine:255 - oldGeneratedFile, /Users/salvo/Desktop/Prog Embedded/cart-inverted-pendulum/Prova_controllo/Core/Inc/main.h_save
2026-09-29 10:29:28,580 [INFO] CodeEngine:279 - Generated code: /Users/salvo/Desktop/Prog Embedded/cart-inverted-pendulum/Prova_controllo/Core/Inc/main.h
2026-09-29 10:29:28,583 [INFO] CodeEngine:255 - oldGeneratedFile, /Users/salvo/Desktop/Prog Embedded/cart-inverted-pendulum/Prova_controllo/Core/Src/main.c_save
2026-09-29 10:29:28,899 [INFO] CodeEngine:279 - Generated code: /Users/salvo/Desktop/Prog Embedded/cart-inverted-pendulum/Prova_controllo/Core/Src/main.c
2026-09-29 10:29:29,513 [INFO] AInterface:322 - ModelName:network; files:[/Users/salvo/Desktop/Prog Embedded/cart-inverted-pendulum/cart_pendolo_velocita_rl/export_stm32/pendolo_actor.onnx]; type:ONNX; compression:None
2026-09-29 10:29:29,536 [INFO] AInterface:526 - workspaceTempDir: /var/folders/jp/64g7ncr5711g4k4v1d874fcm0000gn/T/mxAI_workspace14860408960887512497217944428308136
2026-09-29 10:29:29,541 [INFO] AInterface:1176 - Setting Env: /Users/salvo/STM32Cube/Repository/Packs/STMicroelectronics/X-CUBE-AI/10.1.0/Utilities/macarm
2026-09-29 10:29:29,547 [INFO] STM32CubeIDEBuilder:265 - Looking for gnu-tools-for-stm32 tools/bin/arm-none-eabi-gcc in /Applications/STM32CubeIDE.app/Contents/MacOS
2026-09-29 10:29:29,550 [INFO] STM32CubeIDEBuilder:294 - checking /Applications/STM32CubeIDE.app/Contents/Eclipse/plugins/com.st.stm32cube.ide.mcu.externaltools.gnu-tools-for-stm32.12.3.rel1.macos64_1.1.0.202410301201/tools/bin/arm-none-eabi-gcc
2026-09-29 10:29:29,550 [INFO] STM32CubeIDEBuilder:297 - ret=/Applications/STM32CubeIDE.app/Contents/Eclipse/plugins/com.st.stm32cube.ide.mcu.externaltools.gnu-tools-for-stm32.12.3.rel1.macos64_1.1.0.202410301201/tools/bin/arm-none-eabi-gcc
2026-09-29 10:29:29,550 [INFO] STM32CubeIDEBuilder:311 - returning /Applications/STM32CubeIDE.app/Contents/Eclipse/plugins/com.st.stm32cube.ide.mcu.externaltools.gnu-tools-for-stm32.12.3.rel1.macos64_1.1.0.202410301201/tools/bin/arm-none-eabi-gcc
2026-09-29 10:29:29,551 [INFO] AInterface:1233 - Custom PATH variable: /Users/salvo/STM32Cube/Repository/Packs/STMicroelectronics/X-CUBE-AI/10.1.0/Utilities/macarm:/bin:/usr/bin:/usr/sbin:/sbin:/Users/salvo/STM32Cube/Repository/Packs/STMicroelectronics/X-CUBE-AI/10.1.0/Utilities/macarm/node/bin:/Applications/STM32CubeIDE.app/Contents/Eclipse/plugins/com.st.stm32cube.ide.mcu.externaltools.gnu-tools-for-stm32.12.3.rel1.macos64_1.1.0.202410301201/tools/bin
2026-09-29 10:29:29,784 [INFO] CmdLine:115 - Command: arch -arm64 /Users/salvo/STM32Cube/Repository/Packs/STMicroelectronics/X-CUBE-AI/10.1.0/Utilities/macarm/stedgeai generate --target stm32f4 --name network -m /Users/salvo/Desktop/Prog Embedded/cart-inverted-pendulum/cart_pendolo_velocita_rl/export_stm32/pendolo_actor.onnx --compression none --verbosity 1 --workspace /var/folders/jp/64g7ncr5711g4k4v1d874fcm0000gn/T/mxAI_workspace14860408960887512497217944428308136 --output /Users/salvo/.stm32cubemx/network_output
2026-09-29 10:29:29,794 [INFO] AIModelDetailledView:2380 - Analysis status: pending
2026-09-29 10:29:30,480 [INFO] CmdLine:76 - ST Edge AI Core v2.1.0-20194 329b0e98d
2026-09-29 10:29:40,998 [INFO] CmdLine:76 -                                                        
2026-09-29 10:29:41,004 [INFO] CmdLine:76 - Creating c (debug) info json file /Users/salvo/.stm32cubemx/network_output/network_c_info.json
2026-09-29 10:29:41,012 [INFO] CmdLine:76 -  
2026-09-29 10:29:41,012 [INFO] CmdLine:76 -  Exec/report summary (generate)
2026-09-29 10:29:41,013 [INFO] CmdLine:76 -  --------------------------------------------------------------------------------------------------------------------------------------------
2026-09-29 10:29:41,013 [INFO] CmdLine:76 -  model file         :   /Users/salvo/Desktop/Prog Embedded/cart-inverted-pendulum/cart_pendolo_velocita_rl/export_stm32/pendolo_actor.onnx   
2026-09-29 10:29:41,013 [INFO] CmdLine:76 -  type               :   onnx                                                                                                                 
2026-09-29 10:29:41,013 [INFO] CmdLine:76 -  c_name             :   network                                                                                                              
2026-09-29 10:29:41,013 [INFO] CmdLine:76 -  compression        :   none                                                                                                                 
2026-09-29 10:29:41,013 [INFO] CmdLine:76 -  options            :   allocate-inputs, allocate-outputs                                                                                    
2026-09-29 10:29:41,013 [INFO] CmdLine:76 -  optimization       :   balanced                                                                                                             
2026-09-29 10:29:41,013 [INFO] CmdLine:76 -  target/series      :   stm32f4                                                                                                              
2026-09-29 10:29:41,013 [INFO] CmdLine:76 -  workspace dir      :   /var/folders/jp/64g7ncr5711g4k4v1d874fcm0000gn/T/mxAI_workspace14860408960887512497217944428308136                   
2026-09-29 10:29:41,014 [INFO] CmdLine:76 -  output dir         :   /Users/salvo/.stm32cubemx/network_output                                                                             
2026-09-29 10:29:41,014 [INFO] CmdLine:76 -  model_fmt          :   float                                                                                                                
2026-09-29 10:29:41,014 [INFO] CmdLine:76 -  model_name         :   pendolo_actor                                                                                                        
2026-09-29 10:29:41,014 [INFO] CmdLine:76 -  model_hash         :   0x15106c1020f0dc6b070d6d5f2e391740                                                                                   
2026-09-29 10:29:41,014 [INFO] CmdLine:76 -  params #           :   17,537 items (68.50 KiB)                                                                                             
2026-09-29 10:29:41,014 [INFO] CmdLine:76 -  --------------------------------------------------------------------------------------------------------------------------------------------
2026-09-29 10:29:41,014 [INFO] CmdLine:76 -  input 1/1          :   'observation', f32(1x6), 24 Bytes, activations                                                                       
2026-09-29 10:29:41,014 [INFO] CmdLine:76 -  output 1/1         :   'action', f32(1x1), 4 Bytes, activations                                                                             
2026-09-29 10:29:41,015 [INFO] CmdLine:76 -  macc               :   17,803                                                                                                               
2026-09-29 10:29:41,015 [INFO] CmdLine:76 -  weights (ro)       :   70,148 B (68.50 KiB) (1 segment)                                                                                     
2026-09-29 10:29:41,015 [INFO] CmdLine:76 -  activations (rw)   :   1,024 B (1024 B) (1 segment) *                                                                                       
2026-09-29 10:29:41,015 [INFO] CmdLine:76 -  ram (total)        :   1,024 B (1024 B) = 1,024 + 0 + 0                                                                                     
2026-09-29 10:29:41,016 [INFO] CmdLine:76 -  --------------------------------------------------------------------------------------------------------------------------------------------
2026-09-29 10:29:41,020 [INFO] CmdLine:76 -  (*) 'input'/'output' buffers can be used from the activations buffer
2026-09-29 10:29:41,020 [INFO] CmdLine:76 -                                                        
2026-09-29 10:29:41,020 [INFO] CmdLine:76 - Computing AI RT data/code size (target=stm32f4)..
2026-09-29 10:29:42,141 [INFO] CmdLine:76 -                                                        
2026-09-29 10:29:42,142 [INFO] CmdLine:76 -  Requested memory size by section - "stm32f4" target
2026-09-29 10:29:42,143 [INFO] CmdLine:76 -  ------------------------------ ------- -------- ------- -------
2026-09-29 10:29:42,143 [INFO] CmdLine:76 -  module                            text   rodata    data     bss
2026-09-29 10:29:42,143 [INFO] CmdLine:76 -  ------------------------------ ------- -------- ------- -------
2026-09-29 10:29:42,144 [INFO] CmdLine:76 -  NetworkRuntime1010_CM4_GCC.a     6,576        0       0       0
2026-09-29 10:29:42,144 [INFO] CmdLine:76 -  network.o                          538       48   1,748     148
2026-09-29 10:29:42,144 [INFO] CmdLine:76 -  network_data.o                      48       16      88       0
2026-09-29 10:29:42,145 [INFO] CmdLine:76 -  lib (toolchain)*                   880        0      12       0
2026-09-29 10:29:42,145 [INFO] CmdLine:76 -  ------------------------------ ------- -------- ------- -------
2026-09-29 10:29:42,145 [INFO] CmdLine:76 -  RT total**                       8,042       64   1,848     148
2026-09-29 10:29:42,145 [INFO] CmdLine:76 -  ------------------------------ ------- -------- ------- -------
2026-09-29 10:29:42,145 [INFO] CmdLine:76 -  weights                              0   70,152       0       0
2026-09-29 10:29:42,146 [INFO] CmdLine:76 -  activations                          0        0       0   1,024
2026-09-29 10:29:42,146 [INFO] CmdLine:76 -  io                                   0        0       0       0
2026-09-29 10:29:42,147 [INFO] CmdLine:76 -  ------------------------------ ------- -------- ------- -------
2026-09-29 10:29:42,149 [INFO] CmdLine:76 -  TOTAL                            8,042   70,216   1,848   1,172
2026-09-29 10:29:42,149 [INFO] CmdLine:76 -  ------------------------------ ------- -------- ------- -------
2026-09-29 10:29:42,149 [INFO] CmdLine:76 -  *  toolchain objects (libm/libgcc*)
2026-09-29 10:29:42,150 [INFO] CmdLine:76 -  ** RT AI runtime objects (kernels+infrastructure)
2026-09-29 10:29:42,150 [INFO] CmdLine:76 -                                                        
2026-09-29 10:29:42,150 [INFO] CmdLine:76 -   Summary - "stm32f4" target
2026-09-29 10:29:42,150 [INFO] CmdLine:76 -   ---------------------------------------------------
2026-09-29 10:29:42,150 [INFO] CmdLine:76 -                FLASH (ro)      %*   RAM (rw)       %
2026-09-29 10:29:42,150 [INFO] CmdLine:76 -   ---------------------------------------------------
2026-09-29 10:29:42,150 [INFO] CmdLine:76 -   RT total          9,954   12.4%      1,996   66.1%
2026-09-29 10:29:42,150 [INFO] CmdLine:76 -   ---------------------------------------------------
2026-09-29 10:29:42,150 [INFO] CmdLine:76 -   TOTAL            80,106              3,020
2026-09-29 10:29:42,150 [INFO] CmdLine:76 -   ---------------------------------------------------
2026-09-29 10:29:42,151 [INFO] CmdLine:76 -   *  rt/total
2026-09-29 10:29:42,151 [INFO] CmdLine:76 -                                                        
2026-09-29 10:29:42,151 [INFO] CmdLine:76 -  Generated files (7)
2026-09-29 10:29:42,151 [INFO] CmdLine:76 -  ----------------------------------------------------------------
2026-09-29 10:29:42,151 [INFO] CmdLine:76 -  /Users/salvo/.stm32cubemx/network_output/network_data_params.h
2026-09-29 10:29:42,151 [INFO] CmdLine:76 -  /Users/salvo/.stm32cubemx/network_output/network_data_params.c
2026-09-29 10:29:42,151 [INFO] CmdLine:76 -  /Users/salvo/.stm32cubemx/network_output/network_data.h
2026-09-29 10:29:42,151 [INFO] CmdLine:76 -  /Users/salvo/.stm32cubemx/network_output/network_data.c
2026-09-29 10:29:42,151 [INFO] CmdLine:76 -  /Users/salvo/.stm32cubemx/network_output/network_config.h
2026-09-29 10:29:42,151 [INFO] CmdLine:76 -  /Users/salvo/.stm32cubemx/network_output/network.h
2026-09-29 10:29:42,151 [INFO] CmdLine:76 -  /Users/salvo/.stm32cubemx/network_output/network.c
2026-09-29 10:29:42,152 [INFO] CmdLine:76 -                                                        
2026-09-29 10:29:42,152 [INFO] CmdLine:76 - Creating txt report file /Users/salvo/.stm32cubemx/network_output/network_generate_report.txt
2026-09-29 10:29:46,102 [INFO] CmdLine:76 - elapsed time (generate): 15.622s
2026-09-29 10:29:46,539 [INFO] CmdLine:148 - stedgeai exit with status: 0
2026-09-29 10:29:46,607 [INFO] AIModelDetailledView:2380 - Analysis status: done
2026-09-29 10:29:47,210 [INFO] ProjectBuilder:3289 - Time for Copy HAL[1] : 92mS.
2026-09-29 10:29:47,221 [ERROR] Middleware:2969 - Invalid RefComponent list
2026-09-29 10:29:47,221 [ERROR] Middleware:2969 - Invalid RefComponent list
2026-09-29 10:29:47,221 [ERROR] Middleware:2969 - Invalid RefComponent list
2026-09-29 10:29:47,222 [ERROR] Middleware:2969 - Invalid RefComponent list
2026-09-29 10:29:47,222 [ERROR] Middleware:2969 - Invalid RefComponent list
2026-09-29 10:29:47,222 [ERROR] Middleware:2969 - Invalid RefComponent list
2026-09-29 10:29:47,222 [ERROR] Middleware:2969 - Invalid RefComponent list
2026-09-29 10:29:47,222 [ERROR] Middleware:2969 - Invalid RefComponent list
2026-09-29 10:29:47,222 [ERROR] Middleware:2969 - Invalid RefComponent list
2026-09-29 10:29:47,222 [ERROR] Middleware:2969 - Invalid RefComponent list
2026-09-29 10:29:47,222 [ERROR] Middleware:2969 - Invalid RefComponent list
2026-09-29 10:29:47,222 [ERROR] Middleware:2969 - Invalid RefComponent list
2026-09-29 10:29:47,222 [ERROR] Middleware:2969 - Invalid RefComponent list
2026-09-29 10:29:47,222 [ERROR] Middleware:2969 - Invalid RefComponent list
2026-09-29 10:29:47,222 [ERROR] Middleware:2969 - Invalid RefComponent list
2026-09-29 10:29:47,222 [ERROR] Middleware:2969 - Invalid RefComponent list
2026-09-29 10:29:47,222 [ERROR] Middleware:2969 - Invalid RefComponent list
2026-09-29 10:29:47,222 [ERROR] Middleware:2969 - Invalid RefComponent list
2026-09-29 10:29:47,222 [ERROR] Middleware:2969 - Invalid RefComponent list
2026-09-29 10:29:47,222 [ERROR] Middleware:2969 - Invalid RefComponent list
2026-09-29 10:29:47,222 [ERROR] Middleware:2969 - Invalid RefComponent list
2026-09-29 10:29:47,222 [ERROR] Middleware:2969 - Invalid RefComponent list
2026-09-29 10:29:47,222 [ERROR] Middleware:2969 - Invalid RefComponent list
2026-09-29 10:29:47,223 [ERROR] Middleware:2969 - Invalid RefComponent list
2026-09-29 10:29:47,223 [ERROR] Middleware:2969 - Invalid RefComponent list
2026-09-29 10:29:47,225 [ERROR] Middleware:2969 - Invalid RefComponent list
2026-09-29 10:29:47,225 [ERROR] Middleware:2969 - Invalid RefComponent list
2026-09-29 10:29:47,225 [ERROR] Middleware:2969 - Invalid RefComponent list
2026-09-29 10:29:47,225 [ERROR] Middleware:2969 - Invalid RefComponent list
2026-09-29 10:29:47,225 [ERROR] Middleware:2969 - Invalid RefComponent list
2026-09-29 10:29:47,225 [ERROR] Middleware:2969 - Invalid RefComponent list
2026-09-29 10:29:47,225 [ERROR] Middleware:2969 - Invalid RefComponent list
2026-09-29 10:29:47,225 [ERROR] Middleware:2969 - Invalid RefComponent list
2026-09-29 10:29:47,225 [ERROR] Middleware:2969 - Invalid RefComponent list
2026-09-29 10:29:47,225 [ERROR] Middleware:2969 - Invalid RefComponent list
2026-09-29 10:29:47,225 [ERROR] Middleware:2969 - Invalid RefComponent list
2026-09-29 10:29:47,225 [ERROR] Middleware:2969 - Invalid RefComponent list
2026-09-29 10:29:47,225 [ERROR] Middleware:2969 - Invalid RefComponent list
2026-09-29 10:29:47,226 [ERROR] Middleware:2969 - Invalid RefComponent list
2026-09-29 10:29:47,226 [ERROR] Middleware:2969 - Invalid RefComponent list
2026-09-29 10:29:47,226 [ERROR] Middleware:2969 - Invalid RefComponent list
2026-09-29 10:29:47,226 [ERROR] Middleware:2969 - Invalid RefComponent list
2026-09-29 10:29:47,226 [ERROR] Middleware:2969 - Invalid RefComponent list
2026-09-29 10:29:47,226 [ERROR] Middleware:2969 - Invalid RefComponent list
2026-09-29 10:29:47,226 [ERROR] Middleware:2969 - Invalid RefComponent list
2026-09-29 10:29:47,226 [ERROR] Middleware:2969 - Invalid RefComponent list
2026-09-29 10:29:47,226 [ERROR] Middleware:2969 - Invalid RefComponent list
2026-09-29 10:29:47,226 [ERROR] Middleware:2969 - Invalid RefComponent list
2026-09-29 10:29:47,226 [ERROR] Middleware:2969 - Invalid RefComponent list
2026-09-29 10:29:47,226 [ERROR] Middleware:2969 - Invalid RefComponent list
2026-09-29 10:29:47,246 [INFO] ProjectBuilder:4876 - Project Generator version: 4.5.0-RC5
2026-09-29 10:29:47,415 [INFO] ConfigFileManager:1579 - The Die is : DIE421
2026-09-29 10:29:47,456 [INFO] ApiDbMcu:508 - Load IP Config File for FATFS
2026-09-29 10:29:47,539 [INFO] ApiDbMcu:508 - Load IP Config File for FREERTOS
2026-09-29 10:29:47,552 [INFO] ApiDbMcu:508 - Load IP Config File for LIBJPEG
2026-09-29 10:29:47,685 [INFO] ApiDbMcu:508 - Load IP Config File for MBEDTLS
2026-09-29 10:29:47,798 [INFO] ApiDbMcu:508 - Load IP Config File for USB_DEVICE
2026-09-29 10:29:47,825 [INFO] ApiDbMcu:508 - Load IP Config File for USB_HOST
2026-09-29 10:29:48,661 [INFO] LogOutputStream:77 - [STDOUT_REDIRECT] 
2026-09-29 10:29:54,445 [INFO] ProjectBuilder:5154 - Time for Generating toolchain IDE Files: 7157mS.
2026-09-29 10:29:54,484 [INFO] ProjectBuilder:3146 - Time for Copy CMSIS : 13mS.
2026-09-29 10:29:54,498 [INFO] ProjectBuilder:3146 - Time for Copy CMSIS : 0mS.
2026-09-29 11:13:40,197 [INFO] Gpio:277 - dependency for GPIO [RCC, SYS, TIM2, TIM3, USART2]
2026-09-29 11:14:05,724 [INFO] UtilMem:75 - End SaveConfig() Used Memory: 911831104 Bytes (1073741824)
2026-09-29 11:14:08,264 [INFO] UtilMem:75 - End SaveConfig() Used Memory: 963285640 Bytes (1073741824)
2026-09-29 11:14:13,612 [INFO] UtilMem:75 - End SaveConfig() Used Memory: 963036840 Bytes (1073741824)
2026-09-29 11:14:14,334 [INFO] BlockDiagram:2766 - set Specific Code input for plugin: TIM1_8
2026-09-29 11:14:14,337 [INFO] BlockDiagram:2766 - set Specific Code input for plugin: TIM1_8
2026-09-29 11:14:14,340 [INFO] BlockDiagram:2766 - set Specific Code input for plugin: STMicroelectronics.X-CUBE-AI.10.1.0
2026-09-29 11:14:14,340 [INFO] BlockDiagram:2766 - set Specific Code input for plugin: SYS
2026-09-29 11:14:14,341 [INFO] BlockDiagram:2766 - set Specific Code input for plugin: RCC
2026-09-29 11:14:14,341 [INFO] BlockDiagram:2766 - set Specific Code input for plugin: NVIC
2026-09-29 11:14:14,341 [INFO] BlockDiagram:2766 - set Specific Code input for plugin: USART
2026-09-29 11:14:14,342 [INFO] BlockDiagram:2766 - set Specific Code input for plugin: GPIO
2026-09-29 11:14:14,352 [INFO] CodeGenerator:896 - code generatio: config db path: /Applications/STM32CubeIDE.app/Contents/Eclipse/plugins/com.st.stm32cube.common.mx_6.13.0.202411220809//db/
2026-09-29 11:14:14,875 [INFO] IP:3348 - RTE Config file name : RTE_Component
2026-09-29 11:14:14,900 [INFO] IP:3366 - RTE template : RTE_Components.ftl
2026-09-29 11:14:15,021 [INFO] CodeEngine:255 - oldGeneratedFile, /Users/salvo/Desktop/Prog Embedded/cart-inverted-pendulum/Prova_controllo/MXTmpFiles/license.tmp_save
2026-09-29 11:14:16,103 [INFO] CodeEngine:279 - Generated code: /Users/salvo/Desktop/Prog Embedded/cart-inverted-pendulum/Prova_controllo/MXTmpFiles/license.tmp
2026-09-29 11:14:16,342 [INFO] CodeEngine:255 - oldGeneratedFile, /Users/salvo/Desktop/Prog Embedded/cart-inverted-pendulum/Prova_controllo/MXTmpFiles/gpio.tmp_save
2026-09-29 11:14:16,569 [INFO] CodeEngine:279 - Generated code: /Users/salvo/Desktop/Prog Embedded/cart-inverted-pendulum/Prova_controllo/MXTmpFiles/gpio.tmp
2026-09-29 11:14:17,236 [INFO] Middleware:1450 - No code input for Bsp Dependency
2026-09-29 11:14:17,237 [INFO] Middleware:1450 - No code input for Bsp Dependency
2026-09-29 11:14:17,250 [INFO] CodeEngine:255 - oldGeneratedFile, /Users/salvo/Desktop/Prog Embedded/cart-inverted-pendulum/Prova_controllo/Core/Src/stm32f4xx_it.c_save
2026-09-29 11:14:17,618 [INFO] CodeEngine:279 - Generated code: /Users/salvo/Desktop/Prog Embedded/cart-inverted-pendulum/Prova_controllo/Core/Src/stm32f4xx_it.c
2026-09-29 11:14:17,622 [INFO] CodeEngine:255 - oldGeneratedFile, /Users/salvo/Desktop/Prog Embedded/cart-inverted-pendulum/Prova_controllo/Core/Inc/stm32f4xx_it.h_save
2026-09-29 11:14:17,810 [INFO] CodeEngine:279 - Generated code: /Users/salvo/Desktop/Prog Embedded/cart-inverted-pendulum/Prova_controllo/Core/Inc/stm32f4xx_it.h
2026-09-29 11:14:17,828 [INFO] CodeEngine:255 - oldGeneratedFile, /Users/salvo/Desktop/Prog Embedded/cart-inverted-pendulum/Prova_controllo/Core/Src/stm32f4xx_hal_msp.c_save
2026-09-29 11:14:18,067 [INFO] CodeEngine:279 - Generated code: /Users/salvo/Desktop/Prog Embedded/cart-inverted-pendulum/Prova_controllo/Core/Src/stm32f4xx_hal_msp.c
2026-09-29 11:14:18,070 [INFO] CodeEngine:255 - oldGeneratedFile, /Users/salvo/Desktop/Prog Embedded/cart-inverted-pendulum/Prova_controllo/MXTmpFiles/system.tmp_save
2026-09-29 11:14:18,156 [INFO] CodeEngine:279 - Generated code: /Users/salvo/Desktop/Prog Embedded/cart-inverted-pendulum/Prova_controllo/MXTmpFiles/system.tmp
2026-09-29 11:14:18,168 [INFO] CodeEngine:311 - oldGeneratedFile, /Users/salvo/Desktop/Prog Embedded/cart-inverted-pendulum/Prova_controllo/Core/Inc/stm32f4xx_hal_conf.h_save
2026-09-29 11:14:18,279 [INFO] CodeEngine:335 - Generated code: /Users/salvo/Desktop/Prog Embedded/cart-inverted-pendulum/Prova_controllo/Core/Inc/stm32f4xx_hal_conf.h
2026-09-29 11:14:18,411 [WARN] IPConfigManager:3034 - Warning: the RefConfig PLL2P_FOR_MCO is not available in your config.xml file
2026-09-29 11:14:18,433 [WARN] IPConfigManager:3618 - IP not found : TIM
2026-09-29 11:14:18,435 [WARN] CodeGenerator:4152 - IP not found : null
2026-09-29 11:14:18,444 [INFO] CodeEngine:255 - oldGeneratedFile, /Users/salvo/Desktop/Prog Embedded/cart-inverted-pendulum/Prova_controllo/Core/Inc/main.h_save
2026-09-29 11:14:18,571 [INFO] CodeEngine:279 - Generated code: /Users/salvo/Desktop/Prog Embedded/cart-inverted-pendulum/Prova_controllo/Core/Inc/main.h
2026-09-29 11:14:18,576 [INFO] CodeEngine:255 - oldGeneratedFile, /Users/salvo/Desktop/Prog Embedded/cart-inverted-pendulum/Prova_controllo/Core/Src/main.c_save
2026-09-29 11:14:18,796 [INFO] CodeEngine:279 - Generated code: /Users/salvo/Desktop/Prog Embedded/cart-inverted-pendulum/Prova_controllo/Core/Src/main.c
2026-09-29 11:14:19,263 [INFO] AInterface:322 - ModelName:network; files:[/Users/salvo/Desktop/Prog Embedded/cart-inverted-pendulum/cart_pendolo_velocita_rl/export_stm32/pendolo_actor.onnx]; type:ONNX; compression:None
2026-09-29 11:14:19,280 [INFO] AInterface:526 - workspaceTempDir: /var/folders/jp/64g7ncr5711g4k4v1d874fcm0000gn/T/mxAI_workspace15126237149579114164092673352622889
2026-09-29 11:14:19,284 [INFO] AInterface:1176 - Setting Env: /Users/salvo/STM32Cube/Repository/Packs/STMicroelectronics/X-CUBE-AI/10.1.0/Utilities/macarm
2026-09-29 11:14:19,295 [INFO] STM32CubeIDEBuilder:265 - Looking for gnu-tools-for-stm32 tools/bin/arm-none-eabi-gcc in /Applications/STM32CubeIDE.app/Contents/MacOS
2026-09-29 11:14:19,300 [INFO] STM32CubeIDEBuilder:294 - checking /Applications/STM32CubeIDE.app/Contents/Eclipse/plugins/com.st.stm32cube.ide.mcu.externaltools.gnu-tools-for-stm32.12.3.rel1.macos64_1.1.0.202410301201/tools/bin/arm-none-eabi-gcc
2026-09-29 11:14:19,300 [INFO] STM32CubeIDEBuilder:297 - ret=/Applications/STM32CubeIDE.app/Contents/Eclipse/plugins/com.st.stm32cube.ide.mcu.externaltools.gnu-tools-for-stm32.12.3.rel1.macos64_1.1.0.202410301201/tools/bin/arm-none-eabi-gcc
2026-09-29 11:14:19,301 [INFO] STM32CubeIDEBuilder:311 - returning /Applications/STM32CubeIDE.app/Contents/Eclipse/plugins/com.st.stm32cube.ide.mcu.externaltools.gnu-tools-for-stm32.12.3.rel1.macos64_1.1.0.202410301201/tools/bin/arm-none-eabi-gcc
2026-09-29 11:14:19,302 [INFO] AInterface:1233 - Custom PATH variable: /Users/salvo/STM32Cube/Repository/Packs/STMicroelectronics/X-CUBE-AI/10.1.0/Utilities/macarm:/bin:/usr/bin:/usr/sbin:/sbin:/Users/salvo/STM32Cube/Repository/Packs/STMicroelectronics/X-CUBE-AI/10.1.0/Utilities/macarm/node/bin:/Applications/STM32CubeIDE.app/Contents/Eclipse/plugins/com.st.stm32cube.ide.mcu.externaltools.gnu-tools-for-stm32.12.3.rel1.macos64_1.1.0.202410301201/tools/bin
2026-09-29 11:14:20,389 [INFO] CmdLine:115 - Command: arch -arm64 /Users/salvo/STM32Cube/Repository/Packs/STMicroelectronics/X-CUBE-AI/10.1.0/Utilities/macarm/stedgeai generate --target stm32f4 --name network -m /Users/salvo/Desktop/Prog Embedded/cart-inverted-pendulum/cart_pendolo_velocita_rl/export_stm32/pendolo_actor.onnx --compression none --verbosity 1 --workspace /var/folders/jp/64g7ncr5711g4k4v1d874fcm0000gn/T/mxAI_workspace15126237149579114164092673352622889 --output /Users/salvo/.stm32cubemx/network_output
2026-09-29 11:14:20,396 [INFO] AIModelDetailledView:2380 - Analysis status: pending
2026-09-29 11:14:21,508 [INFO] CmdLine:76 - ST Edge AI Core v2.1.0-20194 329b0e98d
2026-09-29 11:14:37,920 [INFO] CmdLine:76 -                                                        
2026-09-29 11:14:37,926 [INFO] CmdLine:76 - Creating c (debug) info json file /Users/salvo/.stm32cubemx/network_output/network_c_info.json
2026-09-29 11:14:37,935 [INFO] CmdLine:76 -  
2026-09-29 11:14:37,936 [INFO] CmdLine:76 -  Exec/report summary (generate)
2026-09-29 11:14:37,936 [INFO] CmdLine:76 -  --------------------------------------------------------------------------------------------------------------------------------------------
2026-09-29 11:14:37,936 [INFO] CmdLine:76 -  model file         :   /Users/salvo/Desktop/Prog Embedded/cart-inverted-pendulum/cart_pendolo_velocita_rl/export_stm32/pendolo_actor.onnx   
2026-09-29 11:14:37,937 [INFO] CmdLine:76 -  type               :   onnx                                                                                                                 
2026-09-29 11:14:37,938 [INFO] CmdLine:76 -  c_name             :   network                                                                                                              
2026-09-29 11:14:37,939 [INFO] CmdLine:76 -  compression        :   none                                                                                                                 
2026-09-29 11:14:37,939 [INFO] CmdLine:76 -  options            :   allocate-inputs, allocate-outputs                                                                                    
2026-09-29 11:14:37,940 [INFO] CmdLine:76 -  optimization       :   balanced                                                                                                             
2026-09-29 11:14:37,949 [INFO] CmdLine:76 -  target/series      :   stm32f4                                                                                                              
2026-09-29 11:14:37,953 [INFO] CmdLine:76 -  workspace dir      :   /var/folders/jp/64g7ncr5711g4k4v1d874fcm0000gn/T/mxAI_workspace15126237149579114164092673352622889                   
2026-09-29 11:14:37,958 [INFO] CmdLine:76 -  output dir         :   /Users/salvo/.stm32cubemx/network_output                                                                             
2026-09-29 11:14:37,959 [INFO] CmdLine:76 -  model_fmt          :   float                                                                                                                
2026-09-29 11:14:37,960 [INFO] CmdLine:76 -  model_name         :   pendolo_actor                                                                                                        
2026-09-29 11:14:37,961 [INFO] CmdLine:76 -  model_hash         :   0x15106c1020f0dc6b070d6d5f2e391740                                                                                   
2026-09-29 11:14:37,962 [INFO] CmdLine:76 -  params #           :   17,537 items (68.50 KiB)                                                                                             
2026-09-29 11:14:37,964 [INFO] CmdLine:76 -  --------------------------------------------------------------------------------------------------------------------------------------------
2026-09-29 11:14:37,966 [INFO] CmdLine:76 -  input 1/1          :   'observation', f32(1x6), 24 Bytes, activations                                                                       
2026-09-29 11:14:37,966 [INFO] CmdLine:76 -  output 1/1         :   'action', f32(1x1), 4 Bytes, activations                                                                             
2026-09-29 11:14:37,967 [INFO] CmdLine:76 -  macc               :   17,803                                                                                                               
2026-09-29 11:14:37,971 [INFO] CmdLine:76 -  weights (ro)       :   70,148 B (68.50 KiB) (1 segment)                                                                                     
2026-09-29 11:14:37,973 [INFO] CmdLine:76 -  activations (rw)   :   1,024 B (1024 B) (1 segment) *                                                                                       
2026-09-29 11:14:37,974 [INFO] CmdLine:76 -  ram (total)        :   1,024 B (1024 B) = 1,024 + 0 + 0                                                                                     
2026-09-29 11:14:37,975 [INFO] CmdLine:76 -  --------------------------------------------------------------------------------------------------------------------------------------------
2026-09-29 11:14:37,975 [INFO] CmdLine:76 -  (*) 'input'/'output' buffers can be used from the activations buffer
2026-09-29 11:14:37,976 [INFO] CmdLine:76 -                                                        
2026-09-29 11:14:37,976 [INFO] CmdLine:76 - Computing AI RT data/code size (target=stm32f4)..
2026-09-29 11:14:39,145 [INFO] CmdLine:76 -                                                        
2026-09-29 11:14:39,152 [INFO] CmdLine:76 -  Requested memory size by section - "stm32f4" target
2026-09-29 11:14:39,154 [INFO] CmdLine:76 -  ------------------------------ ------- -------- ------- -------
2026-09-29 11:14:39,154 [INFO] CmdLine:76 -  module                            text   rodata    data     bss
2026-09-29 11:14:39,155 [INFO] CmdLine:76 -  ------------------------------ ------- -------- ------- -------
2026-09-29 11:14:39,155 [INFO] CmdLine:76 -  NetworkRuntime1010_CM4_GCC.a     6,576        0       0       0
2026-09-29 11:14:39,156 [INFO] CmdLine:76 -  network.o                          538       48   1,748     148
2026-09-29 11:14:39,157 [INFO] CmdLine:76 -  network_data.o                      48       16      88       0
2026-09-29 11:14:39,158 [INFO] CmdLine:76 -  lib (toolchain)*                   880        0      12       0
2026-09-29 11:14:39,161 [INFO] CmdLine:76 -  ------------------------------ ------- -------- ------- -------
2026-09-29 11:14:39,163 [INFO] CmdLine:76 -  RT total**                       8,042       64   1,848     148
2026-09-29 11:14:39,169 [INFO] CmdLine:76 -  ------------------------------ ------- -------- ------- -------
2026-09-29 11:14:39,171 [INFO] CmdLine:76 -  weights                              0   70,152       0       0
2026-09-29 11:14:39,171 [INFO] CmdLine:76 -  activations                          0        0       0   1,024
2026-09-29 11:14:39,173 [INFO] CmdLine:76 -  io                                   0        0       0       0
2026-09-29 11:14:39,174 [INFO] CmdLine:76 -  ------------------------------ ------- -------- ------- -------
2026-09-29 11:14:39,175 [INFO] CmdLine:76 -  TOTAL                            8,042   70,216   1,848   1,172
2026-09-29 11:14:39,175 [INFO] CmdLine:76 -  ------------------------------ ------- -------- ------- -------
2026-09-29 11:14:39,175 [INFO] CmdLine:76 -  *  toolchain objects (libm/libgcc*)
2026-09-29 11:14:39,176 [INFO] CmdLine:76 -  ** RT AI runtime objects (kernels+infrastructure)
2026-09-29 11:14:39,176 [INFO] CmdLine:76 -                                                        
2026-09-29 11:14:39,176 [INFO] CmdLine:76 -   Summary - "stm32f4" target
2026-09-29 11:14:39,177 [INFO] CmdLine:76 -   ---------------------------------------------------
2026-09-29 11:14:39,177 [INFO] CmdLine:76 -                FLASH (ro)      %*   RAM (rw)       %
2026-09-29 11:14:39,179 [INFO] CmdLine:76 -   ---------------------------------------------------
2026-09-29 11:14:39,180 [INFO] CmdLine:76 -   RT total          9,954   12.4%      1,996   66.1%
2026-09-29 11:14:39,181 [INFO] CmdLine:76 -   ---------------------------------------------------
2026-09-29 11:14:39,183 [INFO] CmdLine:76 -   TOTAL            80,106              3,020
2026-09-29 11:14:39,183 [INFO] CmdLine:76 -   ---------------------------------------------------
2026-09-29 11:14:39,184 [INFO] CmdLine:76 -   *  rt/total
2026-09-29 11:14:39,184 [INFO] CmdLine:76 -                                                        
2026-09-29 11:14:39,184 [INFO] CmdLine:76 -  Generated files (7)
2026-09-29 11:14:39,184 [INFO] CmdLine:76 -  ----------------------------------------------------------------
2026-09-29 11:14:39,186 [INFO] CmdLine:76 -  /Users/salvo/.stm32cubemx/network_output/network_data_params.h
2026-09-29 11:14:39,189 [INFO] CmdLine:76 -  /Users/salvo/.stm32cubemx/network_output/network_data_params.c
2026-09-29 11:14:39,190 [INFO] CmdLine:76 -  /Users/salvo/.stm32cubemx/network_output/network_data.h
2026-09-29 11:14:39,191 [INFO] CmdLine:76 -  /Users/salvo/.stm32cubemx/network_output/network_data.c
2026-09-29 11:14:39,191 [INFO] CmdLine:76 -  /Users/salvo/.stm32cubemx/network_output/network_config.h
2026-09-29 11:14:39,191 [INFO] CmdLine:76 -  /Users/salvo/.stm32cubemx/network_output/network.h
2026-09-29 11:14:39,191 [INFO] CmdLine:76 -  /Users/salvo/.stm32cubemx/network_output/network.c
2026-09-29 11:14:39,191 [INFO] CmdLine:76 -                                                        
2026-09-29 11:14:39,191 [INFO] CmdLine:76 - Creating txt report file /Users/salvo/.stm32cubemx/network_output/network_generate_report.txt
2026-09-29 11:14:41,873 [INFO] CmdLine:76 - elapsed time (generate): 20.365s
2026-09-29 11:14:42,296 [INFO] CmdLine:148 - stedgeai exit with status: 0
2026-09-29 11:14:42,376 [INFO] AIModelDetailledView:2380 - Analysis status: done
2026-09-29 11:14:42,938 [INFO] ProjectBuilder:3289 - Time for Copy HAL[1] : 89mS.
2026-09-29 11:14:42,949 [ERROR] Middleware:2969 - Invalid RefComponent list
2026-09-29 11:14:42,951 [ERROR] Middleware:2969 - Invalid RefComponent list
2026-09-29 11:14:42,951 [ERROR] Middleware:2969 - Invalid RefComponent list
2026-09-29 11:14:42,953 [ERROR] Middleware:2969 - Invalid RefComponent list
2026-09-29 11:14:42,953 [ERROR] Middleware:2969 - Invalid RefComponent list
2026-09-29 11:14:42,953 [ERROR] Middleware:2969 - Invalid RefComponent list
2026-09-29 11:14:42,953 [ERROR] Middleware:2969 - Invalid RefComponent list
2026-09-29 11:14:42,953 [ERROR] Middleware:2969 - Invalid RefComponent list
2026-09-29 11:14:42,954 [ERROR] Middleware:2969 - Invalid RefComponent list
2026-09-29 11:14:42,954 [ERROR] Middleware:2969 - Invalid RefComponent list
2026-09-29 11:14:42,954 [ERROR] Middleware:2969 - Invalid RefComponent list
2026-09-29 11:14:42,954 [ERROR] Middleware:2969 - Invalid RefComponent list
2026-09-29 11:14:42,954 [ERROR] Middleware:2969 - Invalid RefComponent list
2026-09-29 11:14:42,954 [ERROR] Middleware:2969 - Invalid RefComponent list
2026-09-29 11:14:42,954 [ERROR] Middleware:2969 - Invalid RefComponent list
2026-09-29 11:14:42,954 [ERROR] Middleware:2969 - Invalid RefComponent list
2026-09-29 11:14:42,954 [ERROR] Middleware:2969 - Invalid RefComponent list
2026-09-29 11:14:42,956 [ERROR] Middleware:2969 - Invalid RefComponent list
2026-09-29 11:14:42,956 [ERROR] Middleware:2969 - Invalid RefComponent list
2026-09-29 11:14:42,958 [ERROR] Middleware:2969 - Invalid RefComponent list
2026-09-29 11:14:42,960 [ERROR] Middleware:2969 - Invalid RefComponent list
2026-09-29 11:14:42,960 [ERROR] Middleware:2969 - Invalid RefComponent list
2026-09-29 11:14:42,960 [ERROR] Middleware:2969 - Invalid RefComponent list
2026-09-29 11:14:42,960 [ERROR] Middleware:2969 - Invalid RefComponent list
2026-09-29 11:14:42,960 [ERROR] Middleware:2969 - Invalid RefComponent list
2026-09-29 11:14:42,963 [ERROR] Middleware:2969 - Invalid RefComponent list
2026-09-29 11:14:42,963 [ERROR] Middleware:2969 - Invalid RefComponent list
2026-09-29 11:14:42,963 [ERROR] Middleware:2969 - Invalid RefComponent list
2026-09-29 11:14:42,963 [ERROR] Middleware:2969 - Invalid RefComponent list
2026-09-29 11:14:42,963 [ERROR] Middleware:2969 - Invalid RefComponent list
2026-09-29 11:14:42,963 [ERROR] Middleware:2969 - Invalid RefComponent list
2026-09-29 11:14:42,963 [ERROR] Middleware:2969 - Invalid RefComponent list
2026-09-29 11:14:42,963 [ERROR] Middleware:2969 - Invalid RefComponent list
2026-09-29 11:14:42,963 [ERROR] Middleware:2969 - Invalid RefComponent list
2026-09-29 11:14:42,963 [ERROR] Middleware:2969 - Invalid RefComponent list
2026-09-29 11:14:42,964 [ERROR] Middleware:2969 - Invalid RefComponent list
2026-09-29 11:14:42,964 [ERROR] Middleware:2969 - Invalid RefComponent list
2026-09-29 11:14:42,964 [ERROR] Middleware:2969 - Invalid RefComponent list
2026-09-29 11:14:42,964 [ERROR] Middleware:2969 - Invalid RefComponent list
2026-09-29 11:14:42,964 [ERROR] Middleware:2969 - Invalid RefComponent list
2026-09-29 11:14:42,964 [ERROR] Middleware:2969 - Invalid RefComponent list
2026-09-29 11:14:42,964 [ERROR] Middleware:2969 - Invalid RefComponent list
2026-09-29 11:14:42,964 [ERROR] Middleware:2969 - Invalid RefComponent list
2026-09-29 11:14:42,964 [ERROR] Middleware:2969 - Invalid RefComponent list
2026-09-29 11:14:42,964 [ERROR] Middleware:2969 - Invalid RefComponent list
2026-09-29 11:14:42,964 [ERROR] Middleware:2969 - Invalid RefComponent list
2026-09-29 11:14:42,964 [ERROR] Middleware:2969 - Invalid RefComponent list
2026-09-29 11:14:42,964 [ERROR] Middleware:2969 - Invalid RefComponent list
2026-09-29 11:14:42,964 [ERROR] Middleware:2969 - Invalid RefComponent list
2026-09-29 11:14:42,964 [ERROR] Middleware:2969 - Invalid RefComponent list
2026-09-29 11:14:42,976 [INFO] ProjectBuilder:4876 - Project Generator version: 4.5.0-RC5
2026-09-29 11:14:43,161 [INFO] ConfigFileManager:1579 - The Die is : DIE421
2026-09-29 11:14:49,874 [INFO] ProjectBuilder:5154 - Time for Generating toolchain IDE Files: 6857mS.
2026-09-29 11:14:49,926 [INFO] ProjectBuilder:3146 - Time for Copy CMSIS : 8mS.
2026-09-29 11:14:49,935 [INFO] ProjectBuilder:3146 - Time for Copy CMSIS : 1mS.
2026-09-29 11:19:52,438 [INFO] Gpio:277 - dependency for GPIO [RCC, SYS, TIM2, TIM3, USART2]
2026-09-29 11:20:11,580 [INFO] UtilMem:75 - End SaveConfig() Used Memory: 906348896 Bytes (1073741824)
2026-09-29 11:20:13,513 [INFO] UtilMem:75 - End SaveConfig() Used Memory: 934399712 Bytes (1073741824)
2026-09-29 11:20:17,117 [INFO] UtilMem:75 - End SaveConfig() Used Memory: 886287528 Bytes (1073741824)
2026-09-29 11:20:18,325 [INFO] BlockDiagram:2766 - set Specific Code input for plugin: TIM1_8
2026-09-29 11:20:18,327 [INFO] BlockDiagram:2766 - set Specific Code input for plugin: TIM1_8
2026-09-29 11:20:18,327 [INFO] BlockDiagram:2766 - set Specific Code input for plugin: STMicroelectronics.X-CUBE-AI.10.1.0
2026-09-29 11:20:18,327 [INFO] BlockDiagram:2766 - set Specific Code input for plugin: SYS
2026-09-29 11:20:18,327 [INFO] BlockDiagram:2766 - set Specific Code input for plugin: RCC
2026-09-29 11:20:18,327 [INFO] BlockDiagram:2766 - set Specific Code input for plugin: CRC
2026-09-29 11:20:18,327 [INFO] BlockDiagram:2766 - set Specific Code input for plugin: NVIC
2026-09-29 11:20:18,327 [INFO] BlockDiagram:2766 - set Specific Code input for plugin: USART
2026-09-29 11:20:18,328 [INFO] BlockDiagram:2766 - set Specific Code input for plugin: GPIO
2026-09-29 11:20:18,334 [INFO] CodeGenerator:896 - code generatio: config db path: /Applications/STM32CubeIDE.app/Contents/Eclipse/plugins/com.st.stm32cube.common.mx_6.13.0.202411220809//db/
2026-09-29 11:20:18,504 [INFO] IP:3348 - RTE Config file name : RTE_Component
2026-09-29 11:20:18,505 [INFO] IP:3366 - RTE template : RTE_Components.ftl
2026-09-29 11:20:18,516 [INFO] CodeEngine:255 - oldGeneratedFile, /Users/salvo/Desktop/Prog Embedded/cart-inverted-pendulum/Prova_controllo/MXTmpFiles/license.tmp_save
2026-09-29 11:20:19,052 [INFO] CodeEngine:279 - Generated code: /Users/salvo/Desktop/Prog Embedded/cart-inverted-pendulum/Prova_controllo/MXTmpFiles/license.tmp
2026-09-29 11:20:19,192 [INFO] CodeEngine:255 - oldGeneratedFile, /Users/salvo/Desktop/Prog Embedded/cart-inverted-pendulum/Prova_controllo/MXTmpFiles/gpio.tmp_save
2026-09-29 11:20:19,427 [INFO] CodeEngine:279 - Generated code: /Users/salvo/Desktop/Prog Embedded/cart-inverted-pendulum/Prova_controllo/MXTmpFiles/gpio.tmp
2026-09-29 11:20:20,066 [INFO] Middleware:1450 - No code input for Bsp Dependency
2026-09-29 11:20:20,067 [INFO] Middleware:1450 - No code input for Bsp Dependency
2026-09-29 11:20:20,084 [INFO] CodeEngine:255 - oldGeneratedFile, /Users/salvo/Desktop/Prog Embedded/cart-inverted-pendulum/Prova_controllo/Core/Src/stm32f4xx_it.c_save
2026-09-29 11:20:20,426 [INFO] CodeEngine:279 - Generated code: /Users/salvo/Desktop/Prog Embedded/cart-inverted-pendulum/Prova_controllo/Core/Src/stm32f4xx_it.c
2026-09-29 11:20:20,430 [INFO] CodeEngine:255 - oldGeneratedFile, /Users/salvo/Desktop/Prog Embedded/cart-inverted-pendulum/Prova_controllo/Core/Inc/stm32f4xx_it.h_save
2026-09-29 11:20:20,528 [INFO] CodeEngine:279 - Generated code: /Users/salvo/Desktop/Prog Embedded/cart-inverted-pendulum/Prova_controllo/Core/Inc/stm32f4xx_it.h
2026-09-29 11:20:20,668 [INFO] CodeEngine:255 - oldGeneratedFile, /Users/salvo/Desktop/Prog Embedded/cart-inverted-pendulum/Prova_controllo/Core/Src/stm32f4xx_hal_msp.c_save
2026-09-29 11:20:21,500 [INFO] CodeEngine:279 - Generated code: /Users/salvo/Desktop/Prog Embedded/cart-inverted-pendulum/Prova_controllo/Core/Src/stm32f4xx_hal_msp.c
2026-09-29 11:20:21,546 [INFO] CodeEngine:255 - oldGeneratedFile, /Users/salvo/Desktop/Prog Embedded/cart-inverted-pendulum/Prova_controllo/MXTmpFiles/system.tmp_save
2026-09-29 11:20:21,717 [INFO] CodeEngine:279 - Generated code: /Users/salvo/Desktop/Prog Embedded/cart-inverted-pendulum/Prova_controllo/MXTmpFiles/system.tmp
2026-09-29 11:20:21,747 [INFO] CodeEngine:311 - oldGeneratedFile, /Users/salvo/Desktop/Prog Embedded/cart-inverted-pendulum/Prova_controllo/Core/Inc/stm32f4xx_hal_conf.h_save
2026-09-29 11:20:21,883 [INFO] CodeEngine:335 - Generated code: /Users/salvo/Desktop/Prog Embedded/cart-inverted-pendulum/Prova_controllo/Core/Inc/stm32f4xx_hal_conf.h
2026-09-29 11:20:22,102 [WARN] IPConfigManager:3034 - Warning: the RefConfig PLL2P_FOR_MCO is not available in your config.xml file
2026-09-29 11:20:22,130 [INFO] ApiDbMcu:508 - Load IP Config File for CRC
2026-09-29 11:20:22,139 [WARN] IPConfigManager:3618 - IP not found : TIM
2026-09-29 11:20:22,141 [WARN] CodeGenerator:4152 - IP not found : null
2026-09-29 11:20:22,147 [INFO] CodeEngine:255 - oldGeneratedFile, /Users/salvo/Desktop/Prog Embedded/cart-inverted-pendulum/Prova_controllo/Core/Inc/main.h_save
2026-09-29 11:20:22,321 [INFO] CodeEngine:279 - Generated code: /Users/salvo/Desktop/Prog Embedded/cart-inverted-pendulum/Prova_controllo/Core/Inc/main.h
2026-09-29 11:20:22,326 [INFO] CodeEngine:255 - oldGeneratedFile, /Users/salvo/Desktop/Prog Embedded/cart-inverted-pendulum/Prova_controllo/Core/Src/main.c_save
2026-09-29 11:20:22,503 [INFO] CodeEngine:279 - Generated code: /Users/salvo/Desktop/Prog Embedded/cart-inverted-pendulum/Prova_controllo/Core/Src/main.c
2026-09-29 11:20:22,761 [INFO] AInterface:322 - ModelName:network; files:[/Users/salvo/Desktop/Prog Embedded/cart-inverted-pendulum/cart_pendolo_velocita_rl/export_stm32/pendolo_actor.onnx]; type:ONNX; compression:None
2026-09-29 11:20:22,767 [INFO] AInterface:526 - workspaceTempDir: /var/folders/jp/64g7ncr5711g4k4v1d874fcm0000gn/T/mxAI_workspace1516258372828758242289841272237478
2026-09-29 11:20:22,769 [INFO] AInterface:1176 - Setting Env: /Users/salvo/STM32Cube/Repository/Packs/STMicroelectronics/X-CUBE-AI/10.1.0/Utilities/macarm
2026-09-29 11:20:22,774 [INFO] STM32CubeIDEBuilder:265 - Looking for gnu-tools-for-stm32 tools/bin/arm-none-eabi-gcc in /Applications/STM32CubeIDE.app/Contents/MacOS
2026-09-29 11:20:22,778 [INFO] STM32CubeIDEBuilder:294 - checking /Applications/STM32CubeIDE.app/Contents/Eclipse/plugins/com.st.stm32cube.ide.mcu.externaltools.gnu-tools-for-stm32.12.3.rel1.macos64_1.1.0.202410301201/tools/bin/arm-none-eabi-gcc
2026-09-29 11:20:22,779 [INFO] STM32CubeIDEBuilder:297 - ret=/Applications/STM32CubeIDE.app/Contents/Eclipse/plugins/com.st.stm32cube.ide.mcu.externaltools.gnu-tools-for-stm32.12.3.rel1.macos64_1.1.0.202410301201/tools/bin/arm-none-eabi-gcc
2026-09-29 11:20:22,779 [INFO] STM32CubeIDEBuilder:311 - returning /Applications/STM32CubeIDE.app/Contents/Eclipse/plugins/com.st.stm32cube.ide.mcu.externaltools.gnu-tools-for-stm32.12.3.rel1.macos64_1.1.0.202410301201/tools/bin/arm-none-eabi-gcc
2026-09-29 11:20:22,780 [INFO] AInterface:1233 - Custom PATH variable: /Users/salvo/STM32Cube/Repository/Packs/STMicroelectronics/X-CUBE-AI/10.1.0/Utilities/macarm:/bin:/usr/bin:/usr/sbin:/sbin:/Users/salvo/STM32Cube/Repository/Packs/STMicroelectronics/X-CUBE-AI/10.1.0/Utilities/macarm/node/bin:/Applications/STM32CubeIDE.app/Contents/Eclipse/plugins/com.st.stm32cube.ide.mcu.externaltools.gnu-tools-for-stm32.12.3.rel1.macos64_1.1.0.202410301201/tools/bin
2026-09-29 11:20:23,017 [INFO] CmdLine:115 - Command: arch -arm64 /Users/salvo/STM32Cube/Repository/Packs/STMicroelectronics/X-CUBE-AI/10.1.0/Utilities/macarm/stedgeai generate --target stm32f4 --name network -m /Users/salvo/Desktop/Prog Embedded/cart-inverted-pendulum/cart_pendolo_velocita_rl/export_stm32/pendolo_actor.onnx --compression none --verbosity 1 --workspace /var/folders/jp/64g7ncr5711g4k4v1d874fcm0000gn/T/mxAI_workspace1516258372828758242289841272237478 --output /Users/salvo/.stm32cubemx/network_output
2026-09-29 11:20:23,027 [INFO] AIModelDetailledView:2380 - Analysis status: pending
2026-09-29 11:20:23,760 [INFO] CmdLine:76 - ST Edge AI Core v2.1.0-20194 329b0e98d
2026-09-29 11:20:35,148 [INFO] CmdLine:76 -                                                        
2026-09-29 11:20:35,180 [INFO] CmdLine:76 - Creating c (debug) info json file /Users/salvo/.stm32cubemx/network_output/network_c_info.json
2026-09-29 11:20:35,194 [INFO] CmdLine:76 -  
2026-09-29 11:20:35,198 [INFO] CmdLine:76 -  Exec/report summary (generate)
2026-09-29 11:20:35,199 [INFO] CmdLine:76 -  --------------------------------------------------------------------------------------------------------------------------------------------
2026-09-29 11:20:35,199 [INFO] CmdLine:76 -  model file         :   /Users/salvo/Desktop/Prog Embedded/cart-inverted-pendulum/cart_pendolo_velocita_rl/export_stm32/pendolo_actor.onnx   
2026-09-29 11:20:35,199 [INFO] CmdLine:76 -  type               :   onnx                                                                                                                 
2026-09-29 11:20:35,200 [INFO] CmdLine:76 -  c_name             :   network                                                                                                              
2026-09-29 11:20:35,201 [INFO] CmdLine:76 -  compression        :   none                                                                                                                 
2026-09-29 11:20:35,201 [INFO] CmdLine:76 -  options            :   allocate-inputs, allocate-outputs                                                                                    
2026-09-29 11:20:35,201 [INFO] CmdLine:76 -  optimization       :   balanced                                                                                                             
2026-09-29 11:20:35,201 [INFO] CmdLine:76 -  target/series      :   stm32f4                                                                                                              
2026-09-29 11:20:35,202 [INFO] CmdLine:76 -  workspace dir      :   /var/folders/jp/64g7ncr5711g4k4v1d874fcm0000gn/T/mxAI_workspace1516258372828758242289841272237478                    
2026-09-29 11:20:35,202 [INFO] CmdLine:76 -  output dir         :   /Users/salvo/.stm32cubemx/network_output                                                                             
2026-09-29 11:20:35,202 [INFO] CmdLine:76 -  model_fmt          :   float                                                                                                                
2026-09-29 11:20:35,202 [INFO] CmdLine:76 -  model_name         :   pendolo_actor                                                                                                        
2026-09-29 11:20:35,202 [INFO] CmdLine:76 -  model_hash         :   0x15106c1020f0dc6b070d6d5f2e391740                                                                                   
2026-09-29 11:20:35,203 [INFO] CmdLine:76 -  params #           :   17,537 items (68.50 KiB)                                                                                             
2026-09-29 11:20:35,203 [INFO] CmdLine:76 -  --------------------------------------------------------------------------------------------------------------------------------------------
2026-09-29 11:20:35,203 [INFO] CmdLine:76 -  input 1/1          :   'observation', f32(1x6), 24 Bytes, activations                                                                       
2026-09-29 11:20:35,203 [INFO] CmdLine:76 -  output 1/1         :   'action', f32(1x1), 4 Bytes, activations                                                                             
2026-09-29 11:20:35,204 [INFO] CmdLine:76 -  macc               :   17,803                                                                                                               
2026-09-29 11:20:35,204 [INFO] CmdLine:76 -  weights (ro)       :   70,148 B (68.50 KiB) (1 segment)                                                                                     
2026-09-29 11:20:35,205 [INFO] CmdLine:76 -  activations (rw)   :   1,024 B (1024 B) (1 segment) *                                                                                       
2026-09-29 11:20:35,205 [INFO] CmdLine:76 -  ram (total)        :   1,024 B (1024 B) = 1,024 + 0 + 0                                                                                     
2026-09-29 11:20:35,205 [INFO] CmdLine:76 -  --------------------------------------------------------------------------------------------------------------------------------------------
2026-09-29 11:20:35,205 [INFO] CmdLine:76 -  (*) 'input'/'output' buffers can be used from the activations buffer
2026-09-29 11:20:35,206 [INFO] CmdLine:76 -                                                        
2026-09-29 11:20:35,206 [INFO] CmdLine:76 - Computing AI RT data/code size (target=stm32f4)..
2026-09-29 11:20:36,410 [INFO] CmdLine:76 -                                                        
2026-09-29 11:20:36,429 [INFO] CmdLine:76 -  Requested memory size by section - "stm32f4" target
2026-09-29 11:20:36,433 [INFO] CmdLine:76 -  ------------------------------ ------- -------- ------- -------
2026-09-29 11:20:36,434 [INFO] CmdLine:76 -  module                            text   rodata    data     bss
2026-09-29 11:20:36,434 [INFO] CmdLine:76 -  ------------------------------ ------- -------- ------- -------
2026-09-29 11:20:36,435 [INFO] CmdLine:76 -  NetworkRuntime1010_CM4_GCC.a     6,576        0       0       0
2026-09-29 11:20:36,435 [INFO] CmdLine:76 -  network.o                          538       48   1,748     148
2026-09-29 11:20:36,436 [INFO] CmdLine:76 -  network_data.o                      48       16      88       0
2026-09-29 11:20:36,437 [INFO] CmdLine:76 -  lib (toolchain)*                   880        0      12       0
2026-09-29 11:20:36,439 [INFO] CmdLine:76 -  ------------------------------ ------- -------- ------- -------
2026-09-29 11:20:36,441 [INFO] CmdLine:76 -  RT total**                       8,042       64   1,848     148
2026-09-29 11:20:36,443 [INFO] CmdLine:76 -  ------------------------------ ------- -------- ------- -------
2026-09-29 11:20:36,444 [INFO] CmdLine:76 -  weights                              0   70,152       0       0
2026-09-29 11:20:36,446 [INFO] CmdLine:76 -  activations                          0        0       0   1,024
2026-09-29 11:20:36,446 [INFO] CmdLine:76 -  io                                   0        0       0       0
2026-09-29 11:20:36,447 [INFO] CmdLine:76 -  ------------------------------ ------- -------- ------- -------
2026-09-29 11:20:36,448 [INFO] CmdLine:76 -  TOTAL                            8,042   70,216   1,848   1,172
2026-09-29 11:20:36,449 [INFO] CmdLine:76 -  ------------------------------ ------- -------- ------- -------
2026-09-29 11:20:36,449 [INFO] CmdLine:76 -  *  toolchain objects (libm/libgcc*)
2026-09-29 11:20:36,449 [INFO] CmdLine:76 -  ** RT AI runtime objects (kernels+infrastructure)
2026-09-29 11:20:36,451 [INFO] CmdLine:76 -                                                        
2026-09-29 11:20:36,451 [INFO] CmdLine:76 -   Summary - "stm32f4" target
2026-09-29 11:20:36,452 [INFO] CmdLine:76 -   ---------------------------------------------------
2026-09-29 11:20:36,456 [INFO] CmdLine:76 -                FLASH (ro)      %*   RAM (rw)       %
2026-09-29 11:20:36,458 [INFO] CmdLine:76 -   ---------------------------------------------------
2026-09-29 11:20:36,458 [INFO] CmdLine:76 -   RT total          9,954   12.4%      1,996   66.1%
2026-09-29 11:20:36,458 [INFO] CmdLine:76 -   ---------------------------------------------------
2026-09-29 11:20:36,458 [INFO] CmdLine:76 -   TOTAL            80,106              3,020
2026-09-29 11:20:36,459 [INFO] CmdLine:76 -   ---------------------------------------------------
2026-09-29 11:20:36,459 [INFO] CmdLine:76 -   *  rt/total
2026-09-29 11:20:36,459 [INFO] CmdLine:76 -                                                        
2026-09-29 11:20:36,460 [INFO] CmdLine:76 -  Generated files (7)
2026-09-29 11:20:36,461 [INFO] CmdLine:76 -  ----------------------------------------------------------------
2026-09-29 11:20:36,468 [INFO] CmdLine:76 -  /Users/salvo/.stm32cubemx/network_output/network_data_params.h
2026-09-29 11:20:36,473 [INFO] CmdLine:76 -  /Users/salvo/.stm32cubemx/network_output/network_data_params.c
2026-09-29 11:20:36,478 [INFO] CmdLine:76 -  /Users/salvo/.stm32cubemx/network_output/network_data.h
2026-09-29 11:20:36,479 [INFO] CmdLine:76 -  /Users/salvo/.stm32cubemx/network_output/network_data.c
2026-09-29 11:20:36,479 [INFO] CmdLine:76 -  /Users/salvo/.stm32cubemx/network_output/network_config.h
2026-09-29 11:20:36,479 [INFO] CmdLine:76 -  /Users/salvo/.stm32cubemx/network_output/network.h
2026-09-29 11:20:36,479 [INFO] CmdLine:76 -  /Users/salvo/.stm32cubemx/network_output/network.c
2026-09-29 11:20:36,480 [INFO] CmdLine:76 -                                                        
2026-09-29 11:20:36,480 [INFO] CmdLine:76 - Creating txt report file /Users/salvo/.stm32cubemx/network_output/network_generate_report.txt
2026-09-29 11:20:38,792 [INFO] CmdLine:76 - elapsed time (generate): 15.033s
2026-09-29 11:20:39,245 [INFO] CmdLine:148 - stedgeai exit with status: 0
2026-09-29 11:20:39,293 [INFO] AIModelDetailledView:2380 - Analysis status: done
2026-09-29 11:20:39,714 [INFO] ProjectBuilder:3289 - Time for Copy HAL[1] : 93mS.
2026-09-29 11:20:39,717 [ERROR] Middleware:2969 - Invalid RefComponent list
2026-09-29 11:20:39,718 [ERROR] Middleware:2969 - Invalid RefComponent list
2026-09-29 11:20:39,718 [ERROR] Middleware:2969 - Invalid RefComponent list
2026-09-29 11:20:39,718 [ERROR] Middleware:2969 - Invalid RefComponent list
2026-09-29 11:20:39,718 [ERROR] Middleware:2969 - Invalid RefComponent list
2026-09-29 11:20:39,718 [ERROR] Middleware:2969 - Invalid RefComponent list
2026-09-29 11:20:39,719 [ERROR] Middleware:2969 - Invalid RefComponent list
2026-09-29 11:20:39,719 [ERROR] Middleware:2969 - Invalid RefComponent list
2026-09-29 11:20:39,719 [ERROR] Middleware:2969 - Invalid RefComponent list
2026-09-29 11:20:39,719 [ERROR] Middleware:2969 - Invalid RefComponent list
2026-09-29 11:20:39,719 [ERROR] Middleware:2969 - Invalid RefComponent list
2026-09-29 11:20:39,720 [ERROR] Middleware:2969 - Invalid RefComponent list
2026-09-29 11:20:39,720 [ERROR] Middleware:2969 - Invalid RefComponent list
2026-09-29 11:20:39,720 [ERROR] Middleware:2969 - Invalid RefComponent list
2026-09-29 11:20:39,720 [ERROR] Middleware:2969 - Invalid RefComponent list
2026-09-29 11:20:39,720 [ERROR] Middleware:2969 - Invalid RefComponent list
2026-09-29 11:20:39,720 [ERROR] Middleware:2969 - Invalid RefComponent list
2026-09-29 11:20:39,720 [ERROR] Middleware:2969 - Invalid RefComponent list
2026-09-29 11:20:39,720 [ERROR] Middleware:2969 - Invalid RefComponent list
2026-09-29 11:20:39,720 [ERROR] Middleware:2969 - Invalid RefComponent list
2026-09-29 11:20:39,720 [ERROR] Middleware:2969 - Invalid RefComponent list
2026-09-29 11:20:39,720 [ERROR] Middleware:2969 - Invalid RefComponent list
2026-09-29 11:20:39,720 [ERROR] Middleware:2969 - Invalid RefComponent list
2026-09-29 11:20:39,720 [ERROR] Middleware:2969 - Invalid RefComponent list
2026-09-29 11:20:39,720 [ERROR] Middleware:2969 - Invalid RefComponent list
2026-09-29 11:20:39,723 [ERROR] Middleware:2969 - Invalid RefComponent list
2026-09-29 11:20:39,723 [ERROR] Middleware:2969 - Invalid RefComponent list
2026-09-29 11:20:39,723 [ERROR] Middleware:2969 - Invalid RefComponent list
2026-09-29 11:20:39,723 [ERROR] Middleware:2969 - Invalid RefComponent list
2026-09-29 11:20:39,723 [ERROR] Middleware:2969 - Invalid RefComponent list
2026-09-29 11:20:39,723 [ERROR] Middleware:2969 - Invalid RefComponent list
2026-09-29 11:20:39,723 [ERROR] Middleware:2969 - Invalid RefComponent list
2026-09-29 11:20:39,723 [ERROR] Middleware:2969 - Invalid RefComponent list
2026-09-29 11:20:39,723 [ERROR] Middleware:2969 - Invalid RefComponent list
2026-09-29 11:20:39,723 [ERROR] Middleware:2969 - Invalid RefComponent list
2026-09-29 11:20:39,723 [ERROR] Middleware:2969 - Invalid RefComponent list
2026-09-29 11:20:39,723 [ERROR] Middleware:2969 - Invalid RefComponent list
2026-09-29 11:20:39,723 [ERROR] Middleware:2969 - Invalid RefComponent list
2026-09-29 11:20:39,723 [ERROR] Middleware:2969 - Invalid RefComponent list
2026-09-29 11:20:39,723 [ERROR] Middleware:2969 - Invalid RefComponent list
2026-09-29 11:20:39,723 [ERROR] Middleware:2969 - Invalid RefComponent list
2026-09-29 11:20:39,724 [ERROR] Middleware:2969 - Invalid RefComponent list
2026-09-29 11:20:39,724 [ERROR] Middleware:2969 - Invalid RefComponent list
2026-09-29 11:20:39,724 [ERROR] Middleware:2969 - Invalid RefComponent list
2026-09-29 11:20:39,724 [ERROR] Middleware:2969 - Invalid RefComponent list
2026-09-29 11:20:39,724 [ERROR] Middleware:2969 - Invalid RefComponent list
2026-09-29 11:20:39,724 [ERROR] Middleware:2969 - Invalid RefComponent list
2026-09-29 11:20:39,724 [ERROR] Middleware:2969 - Invalid RefComponent list
2026-09-29 11:20:39,724 [ERROR] Middleware:2969 - Invalid RefComponent list
2026-09-29 11:20:39,724 [ERROR] Middleware:2969 - Invalid RefComponent list
2026-09-29 11:20:39,737 [INFO] ProjectBuilder:4876 - Project Generator version: 4.5.0-RC5
2026-09-29 11:20:39,898 [INFO] ConfigFileManager:1579 - The Die is : DIE421
2026-09-29 11:20:46,827 [INFO] ProjectBuilder:5154 - Time for Generating toolchain IDE Files: 7070mS.
2026-09-29 11:20:46,857 [INFO] ProjectBuilder:3146 - Time for Copy CMSIS : 3mS.
2026-09-29 11:20:46,870 [INFO] ProjectBuilder:3146 - Time for Copy CMSIS : 0mS.
2026-09-29 11:26:02,717 [INFO] MainUpdater:2872 - connection check result : 10
2026-09-29 11:26:02,724 [INFO] MainUpdater:2872 - connection check result : 10
2026-09-29 11:26:03,458 [INFO] MicroXplorer:468 - Change Database Path : 
2026-09-29 11:26:03,459 [INFO] MicroXplorer:498 - Change Database Version : DB.6.0.130
2026-09-29 11:26:03,624 [ERROR] ProjectManagerView:394 - 
java.lang.NullPointerException: Cannot invoke "javax.swing.JTextField.getText()" because the return value of "java.util.List.get(int)" is null
	at com.st.microxplorer.plugins.projectmanager.gui.ProjectChoiceTab$9.caretUpdate(ProjectChoiceTab.java:2616) ~[filemanager.jar:?]
	at javax.swing.text.JTextComponent.fireCaretUpdate(JTextComponent.java:408) ~[?:?]
	at javax.swing.text.JTextComponent$MutableCaretEvent.fire(JTextComponent.java:4484) ~[?:?]
	at javax.swing.text.JTextComponent$MutableCaretEvent.stateChanged(JTextComponent.java:4506) ~[?:?]
	at javax.swing.text.DefaultCaret.fireStateChanged(DefaultCaret.java:857) ~[?:?]
	at javax.swing.text.DefaultCaret.changeCaretPosition(DefaultCaret.java:1343) ~[?:?]
	at javax.swing.text.DefaultCaret.handleSetDot(DefaultCaret.java:1242) ~[?:?]
	at javax.swing.text.DefaultCaret.setDot(DefaultCaret.java:1223) ~[?:?]
	at javax.swing.text.DefaultCaret$Handler.insertUpdate(DefaultCaret.java:1819) ~[?:?]
	at javax.swing.text.AbstractDocument.fireInsertUpdate(AbstractDocument.java:227) ~[?:?]
	at javax.swing.text.AbstractDocument.handleInsertString(AbstractDocument.java:781) ~[?:?]
	at javax.swing.text.AbstractDocument.insertString(AbstractDocument.java:740) ~[?:?]
	at javax.swing.text.PlainDocument.insertString(PlainDocument.java:131) ~[?:?]
	at javax.swing.text.AbstractDocument.replace(AbstractDocument.java:699) ~[?:?]
	at javax.swing.text.JTextComponent.setText(JTextComponent.java:1725) ~[?:?]
	at com.st.microxplorer.plugins.projectmanager.gui.ProjectChoiceTab.createHeapStackFields(ProjectChoiceTab.java:975) ~[filemanager.jar:?]
	at com.st.microxplorer.plugins.projectmanager.gui.ProjectChoiceTab.buildLinkSettingsPanel(ProjectChoiceTab.java:3666) ~[filemanager.jar:?]
	at com.st.microxplorer.plugins.projectmanager.gui.ProjectChoiceTab.defineWindowsFields(ProjectChoiceTab.java:1934) ~[filemanager.jar:?]
	at com.st.microxplorer.plugins.projectmanager.gui.ProjectChoiceTab.updateSettings(ProjectChoiceTab.java:553) ~[filemanager.jar:?]
	at com.st.microxplorer.plugins.projectmanager.gui.ProjectSettingsPanel.UpdateDialog(ProjectSettingsPanel.java:245) ~[filemanager.jar:?]
	at com.st.microxplorer.plugins.projectmanager.ProjectManagerView.propertyChange(ProjectManagerView.java:391) ~[filemanager.jar:?]
	at java.beans.PropertyChangeSupport.fire(PropertyChangeSupport.java:343) ~[?:?]
	at java.beans.PropertyChangeSupport.firePropertyChange(PropertyChangeSupport.java:335) ~[?:?]
	at java.beans.PropertyChangeSupport.firePropertyChange(PropertyChangeSupport.java:268) ~[?:?]
	at com.st.microxplorer.util.MXPropertyChangeSupport.firePropertyChange(MXPropertyChangeSupport.java:54) ~[STM32CubeMX.jar:?]
	at com.st.microxplorer.mxsystem.MxSystem.closeConfig(MxSystem.java:899) ~[STM32CubeMX.jar:?]
	at com.st.microxplorer.maingui.MainPanel.closeConfig(MainPanel.java:789) ~[STM32CubeMX.jar:?]
	at com.st.microxplorer.plugins.filemanager.engine.OpenFileManager.loadConfigurationFile(OpenFileManager.java:265) ~[filemanager.jar:?]
	at com.st.microxplorer.plugins.filemanager.engine.MainFileManager.userLoadConfig(MainFileManager.java:340) ~[filemanager.jar:?]
	at com.st.microxplorer.plugins.filemanager.engine.MainFileManager.userLoadConfig(MainFileManager.java:318) ~[filemanager.jar:?]
	at com.st.microxplorer.plugins.filemanager.FileManagerView.getSpecificTask(FileManagerView.java:246) ~[filemanager.jar:?]
	at com.st.stm32cube.common.mx.editor.CubeMxEditor.getMxTabbedPaneInstance(CubeMxEditor.java:1198) ~[com.st.stm32cube.common.mx_6.13.0.202411220809/:?]
	at com.st.stm32cube.common.mx.editor.CubeMxEditor$12$1.createSwingComponent(CubeMxEditor.java:1068) ~[com.st.stm32cube.common.mx_6.13.0.202411220809/:?]
	at com.st.stm32cube.common.mx.oss.core.awtswtbridge.EmbeddedSwingComposite.doComponentCreation(EmbeddedSwingComposite.java:492) ~[com.st.stm32cube.common.mx.oss_6.13.0.202411220809/:?]
	at com.st.stm32cube.common.mx.oss.core.awtswtbridge.EmbeddedSwingComposite$4.run(EmbeddedSwingComposite.java:291) ~[com.st.stm32cube.common.mx.oss_6.13.0.202411220809/:?]
	at com.st.stm32cube.common.mx.oss.core.awtswtbridge.AwtEnvironment$2.run(AwtEnvironment.java:166) ~[com.st.stm32cube.common.mx.oss_6.13.0.202411220809/:?]
	at java.awt.event.InvocationEvent.dispatch(InvocationEvent.java:318) ~[?:?]
	at java.awt.EventQueue.dispatchEventImpl(EventQueue.java:773) ~[?:?]
	at java.awt.EventQueue$4.run(EventQueue.java:720) ~[?:?]
	at java.awt.EventQueue$4.run(EventQueue.java:714) ~[?:?]
	at java.security.AccessController.doPrivileged(AccessController.java:400) ~[?:?]
	at java.security.ProtectionDomain$JavaSecurityAccessImpl.doIntersectionPrivilege(ProtectionDomain.java:87) ~[?:?]
	at java.awt.EventQueue.dispatchEvent(EventQueue.java:742) ~[?:?]
	at java.awt.EventDispatchThread.pumpOneEventForFilters(EventDispatchThread.java:203) ~[?:?]
	at java.awt.EventDispatchThread.pumpEventsForFilter(EventDispatchThread.java:124) ~[?:?]
	at java.awt.EventDispatchThread.pumpEventsForHierarchy(EventDispatchThread.java:113) ~[?:?]
	at java.awt.EventDispatchThread.pumpEvents(EventDispatchThread.java:109) ~[?:?]
	at java.awt.EventDispatchThread.pumpEvents(EventDispatchThread.java:101) ~[?:?]
	at java.awt.EventDispatchThread.run(EventDispatchThread.java:90) ~[?:?]
2026-09-29 11:26:03,642 [WARN] ThirdParty:871 - waiting for thirdparty lock release [close project]
2026-09-29 11:26:03,642 [INFO] ThirdParty:873 - entering critical section [close project]
2026-09-29 11:26:03,656 [INFO] ThirdParty:883 - exiting critical section [close project]
2026-09-29 11:26:03,666 [INFO] PinOutPanel:1589 - setPackage(No Configuration,No Configuration)
2026-09-29 11:26:03,668 [INFO] AI:982 - onDisable adding AI com.st.microxplorer.plugins.ip.ai.AI@7f38ac52 on STMicroelectronics.X-CUBE-AI.10.1.0
2026-09-29 11:26:03,780 [WARN] IpParametersView:154 - Warning: This peripheral hasn't parameters
2026-09-29 11:26:03,864 [WARN] MainPanel:289 - <html><b><center>Warning: This peripheral has no parameters to be configured<br></b></html>
2026-09-29 11:26:03,885 [ERROR] MainPanel:599 - java.lang.IndexOutOfBoundsException: Index: 0, Tab count: 0
2026-09-29 11:26:03,914 [INFO] UtilMem:75 - Begin LoadConfig() Used Memory: 919902584 Bytes (1073741824)
2026-09-29 11:26:03,916 [INFO] MicroXplorer:468 - Change Database Path : 
2026-09-29 11:26:03,916 [INFO] MicroXplorer:498 - Change Database Version : DB.6.0.130
2026-09-29 11:26:03,917 [INFO] OpenFileManager:332 - Change cursor
2026-09-29 11:26:03,991 [INFO] RulesReader:64 - Compatibility file has been processed (297 Rules)
2026-09-29 11:26:04,010 [INFO] Mcu:2035 - Initializing MCU STM32F446R(C-E)Tx STM32F446RETx STM32F446RET6
2026-09-29 11:26:06,673 [INFO] Context:748 - Trying to add GPIOservice into a context  which must be forbidden
2026-09-29 11:26:07,475 [INFO] ApiDbMcu:508 - Load IP Config File for STMicroelectronics.X-CUBE-AI.10.1.0
2026-09-29 11:26:07,798 [INFO] RtosManager:555 - Registered RTOS mode: class=CMSIS, group=RTOS, mode=CMSIS_V1, owner=FREERTOS
2026-09-29 11:26:07,798 [INFO] RtosManager:555 - Registered RTOS mode: class=CMSIS, group=RTOS2, mode=CMSIS_V2, owner=FREERTOS
2026-09-29 11:26:07,798 [INFO] RtosManager:555 - Registered RTOS mode: class=RTOS, group=Core, mode=CMSIS_V1, owner=FREERTOS
2026-09-29 11:26:07,798 [INFO] RtosManager:555 - Registered RTOS mode: class=RTOS, group=Core, mode=CMSIS_V2, owner=FREERTOS
2026-09-29 11:26:07,798 [WARN] ModelIntegratedComponent:184 - Missing modes for component STMicroelectronics:FreeRTOS:0.0.1:STMicroelectronics:RTOS:FreeRTOS:Core:::10.2.0:
2026-09-29 11:26:07,867 [WARN] ModelIntegratedComponent:63 - No mode defined for component null
2026-09-29 11:26:07,867 [WARN] ModelIntegratedComponent:63 - No mode defined for component null
2026-09-29 11:26:07,868 [WARN] ModelIntegratedComponent:63 - No mode defined for component null
2026-09-29 11:26:07,869 [WARN] ModelIntegratedComponent:63 - No mode defined for component null
2026-09-29 11:26:07,869 [WARN] ModelIntegratedComponent:63 - No mode defined for component null
2026-09-29 11:26:07,869 [WARN] ModelIntegratedComponent:63 - No mode defined for component null
2026-09-29 11:26:07,869 [WARN] ModelIntegratedComponent:63 - No mode defined for component null
2026-09-29 11:26:07,869 [WARN] ModelIntegratedComponent:63 - No mode defined for component null
2026-09-29 11:26:07,869 [WARN] ModelIntegratedComponent:63 - No mode defined for component null
2026-09-29 11:26:07,869 [WARN] ModelIntegratedComponent:63 - No mode defined for component null
2026-09-29 11:26:07,869 [WARN] ModelIntegratedComponent:63 - No mode defined for component null
2026-09-29 11:26:07,869 [WARN] ModelIntegratedComponent:63 - No mode defined for component null
2026-09-29 11:26:07,869 [WARN] ModelIntegratedComponent:63 - No mode defined for component null
2026-09-29 11:26:07,869 [WARN] ModelIntegratedComponent:63 - No mode defined for component null
2026-09-29 11:26:07,869 [WARN] ModelIntegratedComponent:63 - No mode defined for component null
2026-09-29 11:26:07,870 [WARN] ModelIntegratedComponent:63 - No mode defined for component null
2026-09-29 11:26:07,870 [WARN] ModelIntegratedComponent:63 - No mode defined for component null
2026-09-29 11:26:07,871 [WARN] ModelIntegratedComponent:63 - No mode defined for component null
2026-09-29 11:26:07,871 [WARN] ModelIntegratedComponent:63 - No mode defined for component null
2026-09-29 11:26:07,871 [WARN] ModelIntegratedComponent:63 - No mode defined for component null
2026-09-29 11:26:07,872 [WARN] ModelIntegratedComponent:63 - No mode defined for component null
2026-09-29 11:26:07,872 [WARN] ModelIntegratedComponent:63 - No mode defined for component null
2026-09-29 11:26:07,872 [WARN] ModelIntegratedComponent:63 - No mode defined for component null
2026-09-29 11:26:07,872 [WARN] ModelIntegratedComponent:63 - No mode defined for component null
2026-09-29 11:26:07,873 [WARN] ModelIntegratedComponent:63 - No mode defined for component null
2026-09-29 11:26:07,873 [WARN] ModelIntegratedComponent:63 - No mode defined for component null
2026-09-29 11:26:07,873 [WARN] ModelIntegratedComponent:63 - No mode defined for component null
2026-09-29 11:26:07,873 [WARN] ModelIntegratedComponent:63 - No mode defined for component null
2026-09-29 11:26:07,873 [WARN] ModelIntegratedComponent:63 - No mode defined for component null
2026-09-29 11:26:07,873 [WARN] ModelIntegratedComponent:63 - No mode defined for component null
2026-09-29 11:26:07,873 [WARN] ModelIntegratedComponent:63 - No mode defined for component null
2026-09-29 11:26:07,873 [WARN] ModelIntegratedComponent:63 - No mode defined for component null
2026-09-29 11:26:07,873 [WARN] ModelIntegratedComponent:63 - No mode defined for component null
2026-09-29 11:26:07,873 [WARN] ModelIntegratedComponent:63 - No mode defined for component null
2026-09-29 11:26:07,873 [WARN] ModelIntegratedComponent:63 - No mode defined for component null
2026-09-29 11:26:07,874 [WARN] ModelPack:524 - Component already loaded: STMicroelectronics:HAL Drivers:0.0.0:STMicroelectronics:Device:STMicro_Driver:XSPI:HAL::0.0.1:HAL_XSPI
2026-09-29 11:26:09,791 [INFO] ThirdPartyModel:298 - Start build external matchings
2026-09-29 11:26:10,460 [INFO] ThirdPartyModel:316 - End build external matchings
2026-09-29 11:26:10,510 [INFO] ImportTextPane:218 - (OptionalMessage_ERROR) IP (RCC) : Invalid parameter (48MHZClocksFreq_Value)
2026-09-29 11:26:10,512 [INFO] ImportTextPane:218 - (OptionalMessage_ERROR) IP (RCC) : Invalid parameter (EthernetFreq_Value)
2026-09-29 11:26:10,515 [INFO] ImportTextPane:218 - (OptionalMessage_ERROR) IP (RCC) : Parameter (FLatency) has Id (AdvancedSettings) currently not set
2026-09-29 11:26:10,516 [INFO] ImportTextPane:218 - (OptionalMessage_ERROR) IP (RCC) : Invalid parameter (FamilyName)
2026-09-29 11:26:10,516 [INFO] ImportTextPane:218 - (OptionalMessage_ERROR) IP (RCC) : Invalid parameter (I2SClocksFreq_Value)
2026-09-29 11:26:10,516 [INFO] ImportTextPane:218 - (OptionalMessage_ERROR) IP (RCC) : Parameter (MCO2PinFreq_Value) has invalid value (180000000)
2026-09-29 11:26:10,519 [INFO] ImportTextPane:218 - (OptionalMessage_ERROR) IP (RCC) : Parameter (PLLP) has invalid value (2)
2026-09-29 11:26:10,520 [INFO] ImportTextPane:218 - (OptionalMessage_ERROR) IP (RCC) : Parameter (SDIOFreq_Value) has invalid value (180000000)
2026-09-29 11:26:10,520 [INFO] ImportTextPane:218 - (OptionalMessage_ERROR) IP (RCC) : Parameter (USBFreq_Value) has invalid value (180000000)
2026-09-29 11:26:10,521 [INFO] ImportTextPane:218 - (OptionalMessage_ERROR) IP (RCC) : Invalid parameter (VCOInputMFreq_Value)
2026-09-29 11:26:10,522 [INFO] ImportTextPane:218 - (OptionalMessage_ERROR) IP (RCC) : Invalid parameter (VcooutputI2S)
2026-09-29 11:26:10,524 [INFO] ImportTextPane:218 - (OptionalMessage_ERROR) IP (STMicroelectronics.X-CUBE-AI.10.1.0) : Parameter (ModelName) has Id (92f86609272449346e2c80d9b0526046b2d6c99d2a002351901f938909888c08) currently not set
2026-09-29 11:26:10,524 [INFO] ImportTextPane:218 - (OptionalMessage_ERROR) IP (STMicroelectronics.X-CUBE-AI.10.1.0) : Parameter (ModelKind) has Id (92f86609272449346e2c80d9b0526046b2d6c99d2a002351901f938909888c08) currently not set
2026-09-29 11:26:10,524 [INFO] ImportTextPane:218 - (OptionalMessage_ERROR) IP (STMicroelectronics.X-CUBE-AI.10.1.0) : Parameter (ModelCompression) has Id (92f86609272449346e2c80d9b0526046b2d6c99d2a002351901f938909888c08) currently not set
2026-09-29 11:26:10,524 [INFO] ImportTextPane:218 - (OptionalMessage_ERROR) IP (STMicroelectronics.X-CUBE-AI.10.1.0) : Invalid parameter (LatestDirectoryUsed)
2026-09-29 11:26:10,524 [INFO] ImportTextPane:218 - (OptionalMessage_ERROR) IP (STMicroelectronics.X-CUBE-AI.10.1.0) : Parameter (ModelStructureFile) has Id (92f86609272449346e2c80d9b0526046b2d6c99d2a002351901f938909888c08) currently not set
2026-09-29 11:26:10,524 [INFO] ImportTextPane:218 - (OptionalMessage_ERROR) IP (STMicroelectronics.X-CUBE-AI.10.1.0) : Parameter (ModelMacc) has Id (92f86609272449346e2c80d9b0526046b2d6c99d2a002351901f938909888c08) currently not set
2026-09-29 11:26:10,524 [INFO] ImportTextPane:218 - (OptionalMessage_ERROR) IP (STMicroelectronics.X-CUBE-AI.10.1.0) : Parameter (ModelActualCompression) has Id (92f86609272449346e2c80d9b0526046b2d6c99d2a002351901f938909888c08) currently not set
2026-09-29 11:26:10,524 [INFO] ImportTextPane:218 - (OptionalMessage_ERROR) IP (STMicroelectronics.X-CUBE-AI.10.1.0) : Parameter (ModelRamOccupation) has Id (92f86609272449346e2c80d9b0526046b2d6c99d2a002351901f938909888c08) currently not set
2026-09-29 11:26:10,524 [INFO] ImportTextPane:218 - (OptionalMessage_ERROR) IP (STMicroelectronics.X-CUBE-AI.10.1.0) : Parameter (ModelFlashOccupation) has Id (92f86609272449346e2c80d9b0526046b2d6c99d2a002351901f938909888c08) currently not set
2026-09-29 11:26:10,524 [INFO] ImportTextPane:218 - (OptionalMessage_ERROR) IP (STMicroelectronics.X-CUBE-AI.10.1.0) : Parameter (copyWeightToRam) has Id (92f86609272449346e2c80d9b0526046b2d6c99d2a002351901f938909888c08) currently not set
2026-09-29 11:26:10,524 [INFO] ImportTextPane:218 - (OptionalMessage_ERROR) IP (STMicroelectronics.X-CUBE-AI.10.1.0) : Invalid parameter (useInputAllocation)
2026-09-29 11:26:10,524 [INFO] ImportTextPane:218 - (OptionalMessage_ERROR) IP (STMicroelectronics.X-CUBE-AI.10.1.0) : Invalid parameter (useOutputAllocation)
2026-09-29 11:26:10,524 [INFO] ImportTextPane:218 - (OptionalMessage_ERROR) IP (STMicroelectronics.X-CUBE-AI.10.1.0) : Invalid parameter (customLayerConfigEnabled)
2026-09-29 11:26:10,524 [INFO] ImportTextPane:218 - (OptionalMessage_ERROR) IP (STMicroelectronics.X-CUBE-AI.10.1.0) : Invalid parameter (noOnnxIoTranspose)
2026-09-29 11:26:10,524 [INFO] ImportTextPane:218 - (OptionalMessage_ERROR) IP (STMicroelectronics.X-CUBE-AI.10.1.0) : Parameter (ModelType) has Id (92f86609272449346e2c80d9b0526046b2d6c99d2a002351901f938909888c08) currently not set
2026-09-29 11:26:10,525 [INFO] ImportTextPane:218 - (OptionalMessage_ERROR) IP (STMicroelectronics.X-CUBE-AI.10.1.0) : Invalid parameter (MaximumNumberOfInputLayer)
2026-09-29 11:26:10,525 [INFO] ImportTextPane:218 - (OptionalMessage_ERROR) IP (STMicroelectronics.X-CUBE-AI.10.1.0) : Invalid parameter (MaximumNumberOfOutputLayer)
2026-09-29 11:26:10,870 [INFO] UtilMem:75 - End LoadConfig() Used Memory: 947420648 Bytes (1073741824)
2026-09-29 11:26:11,097 [WARN] ThirdParty:833 - waiting for thirdparty lock release [change project]
2026-09-29 11:26:11,107 [INFO] ThirdParty:835 - entering critical section [change project]
2026-09-29 11:26:11,108 [INFO] ThirdParty:1030 - CMSIS Pack Vendor :STMicroelectronics X-CUBE-AZRTOS-H7 3.5.0
2026-09-29 11:26:11,108 [INFO] ThirdParty:1030 - CMSIS Pack Vendor :STMicroelectronics X-CUBE-PM33A1 1.0.0
2026-09-29 11:26:11,108 [INFO] ThirdParty:1030 - CMSIS Pack Vendor :STMicroelectronics USBPD 4.1
2026-09-29 11:26:11,108 [INFO] ThirdParty:1030 - CMSIS Pack Vendor :STMicroelectronics USB_HOST 2.0.0
2026-09-29 11:26:11,108 [INFO] ThirdParty:1030 - CMSIS Pack Vendor :STMicroelectronics FP-SNS-MOTENVWB1 1.4.0
2026-09-29 11:26:11,108 [INFO] ThirdParty:1030 - CMSIS Pack Vendor :STMicroelectronics FP-ATR-ASTRA1 2.0.3
2026-09-29 11:26:11,108 [INFO] ThirdParty:1030 - CMSIS Pack Vendor :STMicroelectronics X-CUBE-AZRTOS-F4 1.1.0
2026-09-29 11:26:11,108 [INFO] ThirdParty:1030 - CMSIS Pack Vendor :STMicroelectronics LIBJPEG 8.0.0
2026-09-29 11:26:11,108 [INFO] ThirdParty:1030 - CMSIS Pack Vendor :STMicroelectronics FP-ATR-ASTRA1 2.0.2
2026-09-29 11:26:11,108 [INFO] ThirdParty:1030 - CMSIS Pack Vendor :Avnet-IotConnect X-CUBE-IoTC-DA16k-PMOD 1.0.0
2026-09-29 11:26:11,108 [INFO] ThirdParty:1030 - CMSIS Pack Vendor :STMicroelectronics X-CUBE-SMBUS 2.1.0
2026-09-29 11:26:11,108 [INFO] ThirdParty:1030 - CMSIS Pack Vendor :STMicroelectronics X-CUBE-WB05N 1.1.0
2026-09-29 11:26:11,108 [INFO] ThirdParty:1030 - CMSIS Pack Vendor :STMicroelectronics X-CUBE-ISPU 2.1.0
2026-09-29 11:26:11,108 [INFO] ThirdParty:1030 - CMSIS Pack Vendor :STMicroelectronics eDS-WB_DPC_TT-BIDIR 2.1.1
2026-09-29 11:26:11,108 [INFO] ThirdParty:1030 - CMSIS Pack Vendor :STMicroelectronics X-CUBE-NFC12 1.0.0
2026-09-29 11:26:11,108 [INFO] ThirdParty:1030 - CMSIS Pack Vendor :STMicroelectronics X-CUBE-AZRTOS-F7 1.1.0
2026-09-29 11:26:11,108 [INFO] ThirdParty:1030 - CMSIS Pack Vendor :STMicroelectronics X-CUBE-AZRTOS-L5 2.0.0
2026-09-29 11:26:11,109 [INFO] ThirdParty:1030 - CMSIS Pack Vendor :STMicroelectronics USB_DEVICE 2.0.0
2026-09-29 11:26:11,109 [INFO] ThirdParty:1030 - CMSIS Pack Vendor :STMicroelectronics X-CUBE-NFC6 3.1.0
2026-09-29 11:26:11,109 [INFO] ThirdParty:1030 - CMSIS Pack Vendor :STMicroelectronics X-CUBE-ALGOBUILD 1.5.0
2026-09-29 11:26:11,109 [INFO] ThirdParty:1030 - CMSIS Pack Vendor :STMicroelectronics FreeRTOS 0.0.1
2026-09-29 11:26:11,109 [INFO] ThirdParty:1030 - CMSIS Pack Vendor :STMicroelectronics X-CUBE-AZRTOS-H7RS 1.3.0
2026-09-29 11:26:11,109 [INFO] ThirdParty:1030 - CMSIS Pack Vendor :STMicroelectronics X-CUBE-DPower 1.2.0
2026-09-29 11:26:11,109 [INFO] ThirdParty:1030 - CMSIS Pack Vendor :STMicroelectronics eDS-WB_DPC_VIENNA 1.2.0
2026-09-29 11:26:11,109 [INFO] ThirdParty:1030 - CMSIS Pack Vendor :STMicroelectronics X-CUBE-MEMS1 13.0.0
2026-09-29 11:26:11,109 [INFO] ThirdParty:1030 - CMSIS Pack Vendor :STMicroelectronics eDS-WB_DPC_3PH2L-BIDIR 1.1.1
2026-09-29 11:26:11,109 [INFO] ThirdParty:1030 - CMSIS Pack Vendor :Infineon AIROC-Wi-Fi-Bluetooth-STM32 1.7.0
2026-09-29 11:26:11,109 [INFO] ThirdParty:1030 - CMSIS Pack Vendor :STMicroelectronics PDM2PCM 3.3.0
2026-09-29 11:26:11,109 [INFO] ThirdParty:1030 - CMSIS Pack Vendor :STMicroelectronics X-CUBE-DISPLAY 3.0.0
2026-09-29 11:26:11,109 [INFO] ThirdParty:1030 - CMSIS Pack Vendor :STMicroelectronics X-CUBE-GNSS1 7.1.1
2026-09-29 11:26:11,109 [INFO] ThirdParty:1030 - CMSIS Pack Vendor :STMicroelectronics X-CUBE-NFC10 1.0.0
2026-09-29 11:26:11,109 [INFO] ThirdParty:1030 - CMSIS Pack Vendor :STMicroelectronics X-CUBE-BLEMGR 4.0.0
2026-09-29 11:26:11,109 [INFO] ThirdParty:1030 - CMSIS Pack Vendor :STMicroelectronics X-CUBE-FREERTOS 1.3.1
2026-09-29 11:26:11,109 [INFO] ThirdParty:1030 - CMSIS Pack Vendor :STMicroelectronics HAL Drivers 0.0.0
2026-09-29 11:26:11,109 [INFO] ThirdParty:1030 - CMSIS Pack Vendor :STMicroelectronics X-CUBE-ST60 1.1.0
2026-09-29 11:26:11,109 [INFO] ThirdParty:1030 - CMSIS Pack Vendor :emotas I-CUBE-CANOPEN 1.3.0
2026-09-29 11:26:11,109 [INFO] ThirdParty:1030 - CMSIS Pack Vendor :STMicroelectronics X-CUBE-FREERTOS 1.3.0
2026-09-29 11:26:11,109 [INFO] ThirdParty:1030 - CMSIS Pack Vendor :STMicroelectronics X-CUBE-NFC7 1.0.1
2026-09-29 11:26:11,109 [INFO] ThirdParty:1030 - CMSIS Pack Vendor :STMicroelectronics MBEDTLS 2.14.1
2026-09-29 11:26:11,109 [INFO] ThirdParty:1030 - CMSIS Pack Vendor :STMicroelectronics X-CUBE-TOUCHGFX 4.26.1
2026-09-29 11:26:11,109 [INFO] ThirdParty:1030 - CMSIS Pack Vendor :quantropi X-CUBE-qispace-sdk-base 2.0.0
2026-09-29 11:26:11,109 [INFO] ThirdParty:1030 - CMSIS Pack Vendor :STMicroelectronics X-CUBE-AI 10.0.0
2026-09-29 11:26:11,109 [INFO] ThirdParty:1030 - CMSIS Pack Vendor :STMicroelectronics FP-SNS-SMARTAG2 1.2.0
2026-09-29 11:26:11,109 [INFO] ThirdParty:1030 - CMSIS Pack Vendor :STMicroelectronics FP-SNS-FLIGHT1 5.1.0
2026-09-29 11:26:11,109 [INFO] ThirdParty:1030 - CMSIS Pack Vendor :STMicroelectronics X-CUBE-MEMS1 11.1.0
2026-09-29 11:26:11,109 [INFO] ThirdParty:1030 - CMSIS Pack Vendor :STMicroelectronics X-CUBE-AZRTOS-WL 2.0.0
2026-09-29 11:26:11,109 [INFO] ThirdParty:1030 - CMSIS Pack Vendor :STMicroelectronics X-CUBE-DPower 1.3.0
2026-09-29 11:26:11,109 [INFO] ThirdParty:1030 - CMSIS Pack Vendor :STMicroelectronics FP-SNS-MOTENV1 5.0.0
2026-09-29 11:26:11,109 [INFO] ThirdParty:1030 - CMSIS Pack Vendor :STMicroelectronics USB_DEVICE 1.0.0
2026-09-29 11:26:11,109 [INFO] ThirdParty:1030 - CMSIS Pack Vendor :STMicroelectronics X-CUBE-AZRTOS-L4 2.0.0
2026-09-29 11:26:11,109 [INFO] ThirdParty:1030 - CMSIS Pack Vendor :STMicroelectronics ThreadX 0.0.2
2026-09-29 11:26:11,110 [INFO] ThirdParty:1030 - CMSIS Pack Vendor :WES I-CUBE-Cesium 1.3.0
2026-09-29 11:26:11,110 [INFO] ThirdParty:1030 - CMSIS Pack Vendor :STMicroelectronics lwIP 2.1.2
2026-09-29 11:26:11,110 [INFO] ThirdParty:1030 - CMSIS Pack Vendor :STMicroelectronics X-CUBE-SFXS2LP1 4.0.0
2026-09-29 11:26:11,110 [INFO] ThirdParty:1030 - CMSIS Pack Vendor :STMicroelectronics X-CUBE-BLE2 3.3.0
2026-09-29 11:26:11,110 [INFO] ThirdParty:1030 - CMSIS Pack Vendor :Avnet-IOTCONNECT X-CUBE-iotc-st67-sdk 1.0.0
2026-09-29 11:26:11,110 [INFO] ThirdParty:1030 - CMSIS Pack Vendor :STMicroelectronics PDM2PCM 3.2.0
2026-09-29 11:26:11,110 [INFO] ThirdParty:1030 - CMSIS Pack Vendor :STMicroelectronics X-CUBE-WB05N 2.1.0
2026-09-29 11:26:11,110 [INFO] ThirdParty:1030 - CMSIS Pack Vendor :STMicroelectronics X-CUBE-AZRTOS-H7 3.3.0
2026-09-29 11:26:11,110 [INFO] ThirdParty:1030 - CMSIS Pack Vendor :STMicroelectronics X-CUBE-NFC9 1.0.0
2026-09-29 11:26:11,110 [INFO] ThirdParty:1030 - CMSIS Pack Vendor :STMicroelectronics X-CUBE-BLE1 7.1.0
2026-09-29 11:26:11,110 [INFO] ThirdParty:1030 - CMSIS Pack Vendor :wolfSSL I-CUBE-wolfMQTT 1.19.2
2026-09-29 11:26:11,111 [INFO] ThirdParty:1030 - CMSIS Pack Vendor :STMicroelectronics USB_DEVICE 3.0.0
2026-09-29 11:26:11,111 [INFO] ThirdParty:1030 - CMSIS Pack Vendor :STMicroelectronics X-CUBE-EEPRMA1 5.2.0
2026-09-29 11:26:11,111 [INFO] ThirdParty:1030 - CMSIS Pack Vendor :STMicroelectronics X-CUBE-AZRTOS-WB 2.0.0
2026-09-29 11:26:11,111 [INFO] ThirdParty:1030 - CMSIS Pack Vendor :STMicroelectronics X-CUBE-GNSS1 7.0.1
2026-09-29 11:26:11,111 [INFO] ThirdParty:1030 - CMSIS Pack Vendor :STMicroelectronics X-CUBE-TOUCHGFX 4.25.0
2026-09-29 11:26:11,111 [INFO] ThirdParty:1030 - CMSIS Pack Vendor :STMicroelectronics X-CUBE-AI 10.1.0
2026-09-29 11:26:11,111 [INFO] ThirdParty:1030 - CMSIS Pack Vendor :STMicroelectronics FP-SNS-STBOX1 2.0.0
2026-09-29 11:26:11,111 [INFO] ThirdParty:1030 - CMSIS Pack Vendor :STMicroelectronics X-CUBE-STSE01 2.0.0
2026-09-29 11:26:11,112 [INFO] ThirdParty:1030 - CMSIS Pack Vendor :STMicroelectronics X-CUBE-MEMS1 11.2.0
2026-09-29 11:26:11,112 [INFO] ThirdParty:1030 - CMSIS Pack Vendor :STMicroelectronics X-CUBE-AZRTOS-G0 1.1.0
2026-09-29 11:26:11,112 [INFO] ThirdParty:1030 - CMSIS Pack Vendor :STMicroelectronics X-CUBE-SAFEA1 1.2.2
2026-09-29 11:26:11,112 [INFO] ThirdParty:1030 - CMSIS Pack Vendor :STMicroelectronics X-CUBE-NFC4 3.0.0
2026-09-29 11:26:11,112 [INFO] ThirdParty:1030 - CMSIS Pack Vendor :STMicroelectronics X-CUBE-SUBG2 5.0.0
2026-09-29 11:26:11,112 [INFO] ThirdParty:1030 - CMSIS Pack Vendor :STMicroelectronics X-CUBE-AZRTOS-H7RS 1.1.0
2026-09-29 11:26:11,112 [INFO] ThirdParty:1030 - CMSIS Pack Vendor :STMicroelectronics STM32_WPAN 1.0.0
2026-09-29 11:26:11,112 [INFO] ThirdParty:1030 - CMSIS Pack Vendor :EmbeddedOffice I-CUBE-FS-RTOS 1.0.1
2026-09-29 11:26:11,112 [INFO] ThirdParty:1030 - CMSIS Pack Vendor :STMicroelectronics lwIP 2.0.3
2026-09-29 11:26:11,112 [INFO] ThirdParty:1030 - CMSIS Pack Vendor :Cesanta I-CUBE-Mongoose 7.13.0
2026-09-29 11:26:11,112 [INFO] ThirdParty:1030 - CMSIS Pack Vendor :STMicroelectronics USB_HOST 1.0.0
2026-09-29 11:26:11,112 [INFO] ThirdParty:1030 - CMSIS Pack Vendor :STMicroelectronics X-CUBE-AZRTOS-G4 2.0.0
2026-09-29 11:26:11,112 [INFO] ThirdParty:1030 - CMSIS Pack Vendor :STMicroelectronics X-CUBE-WB05N 2.0.0
2026-09-29 11:26:11,112 [INFO] ThirdParty:1030 - CMSIS Pack Vendor :STMicroelectronics PDM2PCM 3.1.0
2026-09-29 11:26:11,112 [INFO] ThirdParty:1030 - CMSIS Pack Vendor :wolfSSL I-CUBE-wolfTPM 3.8.0
2026-09-29 11:26:11,112 [INFO] ThirdParty:1030 - CMSIS Pack Vendor :wolfSSL I-CUBE-wolfSSH 1.4.20
2026-09-29 11:26:11,112 [INFO] ThirdParty:1030 - CMSIS Pack Vendor :STMicroelectronics X-CUBE-NFC7 2.0.0
2026-09-29 11:26:11,112 [INFO] ThirdParty:1030 - CMSIS Pack Vendor :STMicroelectronics X-CUBE-TCPP 4.2.0
2026-09-29 11:26:11,112 [INFO] ThirdParty:1030 - CMSIS Pack Vendor :RealThread X-CUBE-RT-Thread_Nano 4.1.1
2026-09-29 11:26:11,112 [INFO] ThirdParty:1030 - CMSIS Pack Vendor :STMicroelectronics FP-ATR-SIGFOX1 3.2.0
2026-09-29 11:26:11,112 [INFO] ThirdParty:1030 - CMSIS Pack Vendor :STMicroelectronics X-CUBE-EEPRMA1 5.1.0
2026-09-29 11:26:11,112 [INFO] ThirdParty:1030 - CMSIS Pack Vendor :STMicroelectronics MBEDTLS 2.16.2
2026-09-29 11:26:11,112 [INFO] ThirdParty:1030 - CMSIS Pack Vendor :STMicroelectronics X-CUBE-IPS 3.1.0
2026-09-29 11:26:11,112 [INFO] ThirdParty:1030 - CMSIS Pack Vendor :STMicroelectronics X-CUBE-ALS 1.0.2
2026-09-29 11:26:11,112 [INFO] ThirdParty:1030 - CMSIS Pack Vendor :wolfSSL I-CUBE-wolfSSL 5.7.6
2026-09-29 11:26:11,112 [INFO] ThirdParty:1030 - CMSIS Pack Vendor :ITTIA_DB I-CUBE-ITTIADB 8.9.0
2026-09-29 11:26:11,112 [INFO] ThirdParty:1030 - CMSIS Pack Vendor :portGmbH I-Cube-SoM-uGOAL 1.1.0
2026-09-29 11:26:11,112 [INFO] ThirdParty:1030 - CMSIS Pack Vendor :STMicroelectronics X-CUBE-NFC6 3.2.0
2026-09-29 11:26:11,113 [INFO] ThirdParty:1030 - CMSIS Pack Vendor :STMicroelectronics X-CUBE-AI 10.2.1
2026-09-29 11:26:11,113 [INFO] ThirdParty:1030 - CMSIS Pack Vendor :STMicroelectronics ThreadX 1.0.0
2026-09-29 11:26:11,113 [INFO] ThirdParty:1030 - CMSIS Pack Vendor :SEGGER I-CUBE-embOS 1.3.1
2026-09-29 11:26:11,113 [INFO] ThirdParty:1030 - CMSIS Pack Vendor :STMicroelectronics X-CUBE-ALGOBUILD 1.4.0
2026-09-29 11:26:11,113 [INFO] ThirdParty:1030 - CMSIS Pack Vendor :STMicroelectronics X-CUBE-TOF1 3.4.2
2026-09-29 11:26:11,113 [INFO] ThirdParty:1030 - CMSIS Pack Vendor :STMicroelectronics X-CUBE-TOF1 3.4.3
2026-09-29 11:26:11,113 [INFO] ThirdParty:1030 - CMSIS Pack Vendor :STMicroelectronics X-CUBE-NFC13 1.0.0
2026-09-29 11:26:11,116 [INFO] ThirdParty:841 - exiting critical section [change project]
2026-09-29 11:26:11,912 [INFO] PinOutPanel:1589 - setPackage(No Configuration,No Configuration)
2026-09-29 11:26:11,940 [INFO] PinOutPanel:1589 - setPackage(STM32F446RETx,LQFP64)
2026-09-29 11:26:13,232 [INFO] UtilMem:75 - Before build in PCC Used Memory: 1013106208 Bytes (1073741824)
2026-09-29 11:26:13,909 [INFO] UtilMem:75 - After build in PCC Used Memory: 941048832 Bytes (1073741824)
2026-09-29 11:26:13,968 [INFO] IPUIPlugin:80 - create IPUIPlugin
2026-09-29 11:26:13,969 [INFO] IPUIPlugin:80 - create IPUIPlugin
2026-09-29 11:26:13,970 [INFO] IPUIPlugin:80 - create IPUIPlugin
2026-09-29 11:26:13,970 [INFO] IPUIPlugin:80 - create IPUIPlugin
2026-09-29 11:26:13,970 [INFO] IPUIPlugin:80 - create IPUIPlugin
2026-09-29 11:26:13,970 [INFO] IPUIPlugin:80 - create IPUIPlugin
2026-09-29 11:26:13,971 [INFO] IPUIPlugin:80 - create IPUIPlugin
2026-09-29 11:26:13,971 [INFO] IPUIPlugin:80 - create IPUIPlugin
2026-09-29 11:26:13,971 [INFO] IPUIPlugin:80 - create IPUIPlugin
2026-09-29 11:26:13,971 [INFO] IPUIPlugin:80 - create IPUIPlugin
2026-09-29 11:26:13,971 [INFO] IPUIPlugin:80 - create IPUIPlugin
2026-09-29 11:26:13,971 [INFO] IPUIPlugin:80 - create IPUIPlugin
2026-09-29 11:26:13,972 [INFO] IPUIPlugin:80 - create IPUIPlugin
2026-09-29 11:26:13,972 [INFO] IPUIPlugin:80 - create IPUIPlugin
2026-09-29 11:26:13,972 [INFO] IPUIPlugin:80 - create IPUIPlugin
2026-09-29 11:26:13,972 [INFO] IPUIPlugin:80 - create IPUIPlugin
2026-09-29 11:26:13,974 [INFO] IPUIPlugin:80 - create IPUIPlugin
2026-09-29 11:26:13,974 [INFO] IPUIPlugin:80 - create IPUIPlugin
2026-09-29 11:26:13,974 [INFO] IPUIPlugin:80 - create IPUIPlugin
2026-09-29 11:26:13,974 [INFO] IPUIPlugin:80 - create IPUIPlugin
2026-09-29 11:26:13,975 [INFO] IPUIPlugin:80 - create IPUIPlugin
2026-09-29 11:26:13,975 [INFO] IPUIPlugin:80 - create IPUIPlugin
2026-09-29 11:26:13,975 [INFO] IPUIPlugin:80 - create IPUIPlugin
2026-09-29 11:26:13,975 [INFO] IPUIPlugin:80 - create IPUIPlugin
2026-09-29 11:26:13,975 [INFO] IPUIPlugin:80 - create IPUIPlugin
2026-09-29 11:26:13,975 [INFO] IPUIPlugin:80 - create IPUIPlugin
2026-09-29 11:26:13,975 [INFO] IPUIPlugin:80 - create IPUIPlugin
2026-09-29 11:26:13,975 [INFO] IPUIPlugin:80 - create IPUIPlugin
2026-09-29 11:26:13,976 [INFO] IPUIPlugin:80 - create IPUIPlugin
2026-09-29 11:26:13,976 [INFO] IPUIPlugin:80 - create IPUIPlugin
2026-09-29 11:26:13,976 [INFO] IPUIPlugin:80 - create IPUIPlugin
2026-09-29 11:26:13,976 [INFO] IPUIPlugin:80 - create IPUIPlugin
2026-09-29 11:26:13,976 [INFO] IPUIPlugin:80 - create IPUIPlugin
2026-09-29 11:26:13,976 [INFO] IPUIPlugin:80 - create IPUIPlugin
2026-09-29 11:26:13,976 [INFO] IPUIPlugin:80 - create IPUIPlugin
2026-09-29 11:26:13,979 [INFO] IPUIPlugin:80 - create IPUIPlugin
2026-09-29 11:26:13,979 [INFO] IPUIPlugin:80 - create IPUIPlugin
2026-09-29 11:26:13,979 [INFO] IPUIPlugin:80 - create IPUIPlugin
2026-09-29 11:26:13,979 [INFO] IPUIPlugin:80 - create IPUIPlugin
2026-09-29 11:26:13,979 [INFO] IPUIPlugin:80 - create IPUIPlugin
2026-09-29 11:26:13,979 [INFO] IPUIPlugin:80 - create IPUIPlugin
2026-09-29 11:26:13,979 [INFO] IPUIPlugin:80 - create IPUIPlugin
2026-09-29 11:26:13,979 [INFO] IPUIPlugin:80 - create IPUIPlugin
2026-09-29 11:26:13,979 [INFO] IPUIPlugin:80 - create IPUIPlugin
2026-09-29 11:26:13,979 [INFO] IPUIPlugin:80 - create IPUIPlugin
2026-09-29 11:26:13,979 [INFO] IPUIPlugin:80 - create IPUIPlugin
2026-09-29 11:26:13,979 [INFO] IPUIPlugin:80 - create IPUIPlugin
2026-09-29 11:26:13,979 [INFO] IPUIPlugin:80 - create IPUIPlugin
2026-09-29 11:26:13,979 [INFO] IPUIPlugin:80 - create IPUIPlugin
2026-09-29 11:26:13,979 [INFO] IPUIPlugin:80 - create IPUIPlugin
2026-09-29 11:26:13,980 [INFO] IPUIPlugin:80 - create IPUIPlugin
2026-09-29 11:26:13,980 [INFO] IPUIPlugin:80 - create IPUIPlugin
2026-09-29 11:26:13,980 [INFO] IPUIPlugin:80 - create IPUIPlugin
2026-09-29 11:26:13,980 [INFO] IPUIPlugin:80 - create IPUIPlugin
2026-09-29 11:26:13,980 [INFO] IPUIPlugin:80 - create IPUIPlugin
2026-09-29 11:26:13,981 [INFO] IPUIPlugin:80 - create IPUIPlugin
2026-09-29 11:26:13,981 [INFO] IPUIPlugin:80 - create IPUIPlugin
2026-09-29 11:26:13,981 [INFO] IPUIPlugin:80 - create IPUIPlugin
2026-09-29 11:26:13,981 [INFO] IPUIPlugin:80 - create IPUIPlugin
2026-09-29 11:26:13,982 [INFO] IPUIPlugin:80 - create IPUIPlugin
2026-09-29 11:26:13,982 [INFO] IPUIPlugin:80 - create IPUIPlugin
2026-09-29 11:26:13,985 [INFO] AI:982 - onDisable adding AI com.st.microxplorer.plugins.ip.ai.AI@35e632c3 on STMicroelectronics.X-CUBE-AI.10.1.0
2026-09-29 11:26:13,991 [INFO] ApiDbMcu:508 - Load IP Config File for PDM2PCM
2026-09-29 11:26:14,124 [INFO] CADModel:165 - CPN selected for project levelSTM32F446RET6
2026-09-29 11:26:14,124 [INFO] CADModel:114 - Register for checkConnection events
2026-09-29 11:26:14,178 [INFO] OpenFileManager:363 - Restore cursor
2026-09-29 11:26:14,658 [INFO] AIMainUI:1270 - Restoring parameters from IP...
2026-09-29 11:26:14,659 [INFO] AIMainUI:1393 - No old model detected
2026-09-29 11:26:14,942 [INFO] AInterface:116 - AInterface using toolDir: /Users/salvo/STM32Cube/Repository/Packs/STMicroelectronics/X-CUBE-AI/10.1.0/Utilities/macarm
2026-09-29 11:26:15,054 [INFO] AIModelDetailledView:2380 - Analysis status: -
2026-09-29 11:26:15,060 [INFO] AIModelDetailledView:929 - Selected model: ONNX
2026-09-29 11:26:15,645 [INFO] AIModelDetailledView:2380 - Analysis status: done
